greyhound,date,raw
AAYAMZA LEGEND,07/03/2026,07/03/2026 F Yar 462 T1 3 5.45 1st - 0.0 27.95 Middle
AAYAMZA LEGEND,28/02/2026,28/02/2026 F Mon 480 OR 110 3 4.42 2333 2nd 4 0.28 3/1 28.50 88
AAYAMZA LEGEND,21/02/2026,21/02/2026 F Mon 480 OR 123 4 4.41 5556 5th 4½ 0.22 43.08 25/1 28.18
AAYAMZA LEGEND,16/02/2026,16/02/2026 F Yar 462 T1 3 5.25 1st - 0.0 27.70 Middle
AAYAMZA LEGEND,05/02/2026,05/02/2026 F Mon 264 T1 3 0.00 1st - 0.0 15.37 Middle
AAYAMZA LEGEND,31/01/2026,31/01/2026 F Yar 277 T1 3 0.00 1st - 0.0 16.64 Middle 50 day break
AAYAMZA LEGEND,12/12/2025,12/12/2025 F Rom 575 OR 131 2 13.41 2123 5th 5½ 0.37 4.9 3/1 35.35
AAYAMZA LEGEND,05/12/2025,05/12/2025 F Rom 575 OR 130 4 13.97 6332 2nd 6½ 0.39 5.44 10/3 35.18
AAYAMZA LEGEND,28/11/2025,28/11/2025 F Rom 575 OR 128 4 13.51 2122 2nd ¾ 0.28 2.18 10/11 35.13
AAYAMZA LEGEND,21/11/2025,21/11/2025 F Rom 575 OR 117 4 13.44 2211 1st - 0.37 1.49 4/9 34.72
AAYAMZA LEGEND,14/11/2025,14/11/2025 F Rom 400 T1 3 3.87 1st - 0.0 23.72 MiddleToRails
AAYAMZA LEGEND,07/11/2025,07/11/2025 F Rom 400 T1 3 3.88 1st - 0.0 23.88 Middle
AAYAMZA LEGEND,31/10/2025,31/10/2025 F Rom 400 T1 4 3.91 1st - 0.0 23.89 Middle
AAYAMZA LEGEND,22/10/2025,22/10/2025 F Yar 277 T1 3 0.00 1st - 0.1 16.33 Rls-Mid 80 day break
AAYAMZA LEGEND,03/08/2025,03/08/2025 F Tow 500 OR 105 3 4.21 3305 4th 9 0.41 9.98 6/1 29.24
AAYAMZA LEGEND,27/07/2025,27/07/2025 F Tow 500 OR 102 4 4.23 4444 3rd 1 0.57 8.8 7/1 29.26
AAYAMZA LEGEND,20/07/2025,20/07/2025 F Tow 500 OR 94 2 4.21 4333 4th 3¼ 0.36 11.0 8/1 29.38
AAYAMZA LEGEND,13/07/2025,"13/07/2025 F Tow 270 T3 1 0.00 3-3- 2nd sh 0.0 16.19 RlsTMid,FinWell 21 day break"
AAYAMZA LEGEND,22/06/2025,"22/06/2025 F Tow 500 T3 1 4.18 2211 1st - -0.2 29.64 RlsTMid,Led2 LOAD MORE PERFORMANCES Date"
AAYAMZA LEGEND,13/03/2026,13/03/2026 19:53 F Rom 575 OR Aayamza Legend Aayamza Legend is a bk dog. He  is 2 years old (Aug23). The owner of Aayamza Legend is Ayamzaboys Syndicate and his current trainer is J G Mullins (Towcest
ABEL MABEL,04/03/2026,04/03/2026 F Rom 400 A6 90 4 3.64 1111 1st - 0.45 5.7 7/2 24.19
ABEL MABEL,24/02/2026,24/02/2026 F Rom 400 A6 96 3 3.70 1112 3rd ¾ 0.25 9.45 5/1 24.29
ABEL MABEL,17/02/2026,17/02/2026 F Rom 400 A7 87 3 3.69 1111 1st - 0.31 5.75 10/3 24.19
ABEL MABEL,10/02/2026,10/02/2026 F Rom 400 A6 90 3 3.63 1111 2nd 1¾ 0.38 11.0 9/1 24.19
ABEL MABEL,31/01/2026,31/01/2026 F Rom 400 A6 86 4 3.63 1111 2nd nk 0.4 7/2 24.14 98
ABEL MABEL,20/01/2026,20/01/2026 F Rom 400 A7 85 3 3.77 2111 1st - 0.34 4.38 5/2 24.23
ABEL MABEL,10/01/2026,10/01/2026 F Rom 400 A8 82 3 3.78 1111 1st - 0.49 5.0 7/2 24.27
ABEL MABEL,27/12/2025,27/12/2025 F Rom 400 A8 82 3 3.65 1111 4th 1¼ 0.36 12.85 8/1 24.29
ABEL MABEL,20/12/2025,20/12/2025 F Rom 400 A9 84 3 3.73 1111 1st - 0.44 3.85 9/4 24.40
ABEL MABEL,12/12/2025,12/12/2025 F Rom 400 A9 85 3 3.87 3455 5th 7 0.39 3.6 15/8 24.65
ABEL MABEL,01/12/2025,01/12/2025 F Rom 400 A8 84 3 3.65 1111 2nd 1½ 0.38 4.1 2/1 24.25
ABEL MABEL,18/11/2025,18/11/2025 F Rom 400 A8 80 3 3.84 2111 2nd ¾ 0.3 6.4 5/1 24.28
ABEL MABEL,08/11/2025,08/11/2025 F Rom 400 A8 85 3 3.77 1555 5th 12¼ 0.24 4.17 11/4 25.53
ABEL MABEL,28/10/2025,28/10/2025 F Rom 400 A9 69 4 3.70 1111 1st - 0.33 2.98 15/8 24.18
ABEL MABEL,22/10/2025,22/10/2025 F Rom 400 A8 84 3 3.76 2323 4th 3¼ 0.44 5.8 7/2 24.46
ABEL MABEL,15/10/2025,15/10/2025 F Rom 400 A8 80 3 3.81 2555 5th 6½ 0.43 4.69 3/1 24.76
ABEL MABEL,07/10/2025,07/10/2025 F Rom 400 A8 84 3 3.80 3334 4th 5½ 0.42 8.4 5/1 24.50
ABEL MABEL,30/09/2025,30/09/2025 F Rom 400 A9 77 3 3.82 1111 1st - 0.22 6.6 3/1 24.28
ABEL MABEL,24/09/2025,24/09/2025 F Rom 400 A9 78 3 3.93 3223 3rd 5 0.5 3.05 13/8 24.62
ABEL MABEL,16/09/2025,16/09/2025 F Rom 400 A10 78 3 3.70 1111 1st - 0.39 3.36 15/8 24.34
ABEL MABEL,09/09/2025,09/09/2025 F Rom 400 A11 71 3 3.85 3222 1st - 0.42 3.7 5/4 24.68
ABEL MABEL,03/09/2025,03/09/2025 F Rom 400 A10 73 4 3.68 1111 2nd 1½ 0.31 3.91 5/2 24.36
ABEL MABEL,26/08/2025,26/08/2025 F Rom 400 A10 71 3 3.71 1111 2nd 5 0.33 3.95 3/1 24.45
ABEL MABEL,19/08/2025,19/08/2025 F Rom 400 A11 69 4 3.75 1111 1st - 0.29 3.15 13/8 24.40
ABEL MABEL,13/08/2025,13/08/2025 F Rom 400 A10 77 3 3.84 3334 5th 8¼ 0.22 13.87 8/1 24.87
ABEL MABEL,09/08/2025,09/08/2025 F Rom 400 A9 72 3 3.81 3666 6th 4½ 0.39 5.0 10/3 24.93
ABEL MABEL,02/08/2025,02/08/2025 F Rom 400 A9 75 3 3.73 1111 3rd 3¼ 0.18 11.47 7/1 24.44
ABEL MABEL,26/07/2025,26/07/2025 F Rom 400 A9 70 3 3.81 3333 5th 7¼ 0.34 5.43 7/2 24.57
ABEL MABEL,19/07/2025,19/07/2025 F Rom 400 A9 76 3 3.85 3222 4th 4¾ 0.3 16.66 9/1 24.63
ABEL MABEL,14/07/2025,14/07/2025 F Rom 400 A9 76 3 3.72 1122 3rd 1¼ 0.34 9.56 6/1 24.60
ABEL MABEL,07/07/2025,07/07/2025 F Rom 400 A10 76 4 3.77 1111 1st - 0.45 6.2 9/2 24.62
ABEL MABEL,23/06/2025,23/06/2025 F Rom 400 A9 84 3 3.92 3335 5th 11 0.5 9.32 6/1 24.87
ABEL MABEL,14/06/2025,14/06/2025 F Rom 400 A9 78 3 3.87 5556 6th 11¾ 0.27 3.66 15/8 25.13
ABEL MABEL,31/05/2025,31/05/2025 F Rom 400 A9 75 3 3.78 2111 2nd 1½ 0.25 3.3 13/8 24.32
ABEL MABEL,24/05/2025,24/05/2025 F Rom 400 A9 75 3 3.78 1111 2nd 1¼ 0.34 10.3 6/1 24.44
ABEL MABEL,17/05/2025,17/05/2025 F Rom 400 A11 55 3 3.66 1111 1st - 0.2 1.56 4/11 24.43
ABEL MABEL,10/05/2025,10/05/2025 F Rom 400 A11 72 4 3.73 1111 3rd sh 0.35 4.36 11/4 24.61
ABEL MABEL,03/05/2025,03/05/2025 F Rom 400 A11 71 4 3.66 1111 3rd ¾ 0.42 3.17 7/4 24.53
ABEL MABEL,28/04/2025,28/04/2025 F Rom 400 A11 68 4 3.76 2111 3rd 1¾ 0.44 3.42 13/8 24.54
ABEL MABEL,19/04/2025,19/04/2025 F Rom 400 A10 74 3 3.76 4444 5th 7 0.33 4.2 5/2 24.89
ABEL MABEL,12/04/2025,12/04/2025 F Rom 400 A10 74 3 3.72 2222 2nd 4¾ 0.63 3.2 15/8 24.37
ABEL MABEL,05/04/2025,05/04/2025 F Rom 400 A10 73 3 3.68 2111 3rd 2¼ 0.49 4.02 9/4 24.49
ABEL MABEL,31/03/2025,31/03/2025 F Rom 400 A10 71 4 3.69 1111 4th 3¾ 0.54 4.15 5/2 24.74
ABEL MABEL,25/03/2025,25/03/2025 F Rom 400 A11 70 4 3.66 1111 1st - 0.44 5.2 3/1 24.37
ABEL MABEL,20/03/2025,"20/03/2025 F Rom 400 T4 4 3.70 1112 2nd 5¼ 0.0 24.91 QuickAway,Mid,LedTo3 33 day break"
ABEL MABEL,15/02/2025,15/02/2025 F Rom 400 A10 81 3 3.79 3111 2nd 3¾ 0.46 4.9 11/4 24.64
ABEL MABEL,10/02/2025,10/02/2025 F Rom 400 A10 81 2 3.85 4322 3rd 7¼ 0.55 2.55 5/4 24.63
ABEL MABEL,01/02/2025,01/02/2025 F Rom 400 A11 67 3 3.80 3111 1st - 0.26 3.58 7/4 24.53
ABEL MABEL,20/01/2025,20/01/2025 F Rom 400 A11 61 3 3.80 2111 3rd sh 0.51 2.27 10/11 24.59
ABEL MABEL,14/01/2025,14/01/2025 F Rom 400 A11 69 3 3.74 2111 2nd ¾ 0.5 3.31 15/8 24.47
ABEL MABEL,13/03/2026,13/03/2026 18:33 F Rom 400 A5 Abel Mabel Abel Mabel is a bk bitch. She  is 3 years old (Oct22). The owner of Abel Mabel is Mr A M Isaac and her current trainer is M E Wiley (Romford). Abel Mabel last 
AERO LEG IT,06/03/2026,06/03/2026 F Rom 575 OR3 100 3 13.83 3322 4th 10 0.46 2.72 5/4 35.77
AERO LEG IT,28/02/2026,28/02/2026 F Cen 491 OR 115 4 3.18 4443 3rd 2¾ -0.07 25/1 29.27 121
AERO LEG IT,21/02/2026,21/02/2026 F Cen 491 OR 104 3 3.25 4443 3rd 7 0.0 14.5 10/1 29.70
AERO LEG IT,13/02/2026,13/02/2026 F Rom 400 OR3 104 5 3.77 5664 3rd 1½ 0.4 31.06 25/1 24.45
AERO LEG IT,06/02/2026,06/02/2026 F Rom 400 OR3 109 5 3.80 4444 3rd 5¼ 0.28 7.87 9/2 24.17
AERO LEG IT,29/01/2026,29/01/2026 F Rom 400 T1 4 3.74 1st - 0.0 24.34 MiddleToWide 29 day break
AERO LEG IT,31/12/2025,"31/12/2025 F Rom 400 T2 4 3.94 2222 2nd 4½ 0.1 24.76 EarlyPace,Middle,Wide2"
AERO LEG IT,21/12/2025,21/12/2025 F Oxf 450 OR1 102 5 0.00 5444 4th 6¼ 0.29 7.6 11/2 27.29
AERO LEG IT,14/12/2025,14/12/2025 F Oxf 450 OR1 111 6 0.00 4453 3rd 6¾ 0.14 9.46 6/1 27.10
AERO LEG IT,09/12/2025,"09/12/2025 F Oxf 450 T3 4 0.00 1122 2nd 2¾ -0.2 26.84 Mid,QAw,LedTo 1/2,(HT)"
AERO LEG IT,02/12/2025,"02/12/2025 F Oxf 450 T3 1 0.00 3333 3rd 7¼ -0.2 27.64 Mid,MvdOff1,(HT) 18 day break"
AERO LEG IT,14/11/2025,"14/11/2025 F Mon 480 T2 3 4.50 1111 2nd 2 -0.4 28.76 QAw,Middle,EveryChance LOAD MORE PERFORMANCES Date"
AERO LEG IT,13/03/2026,13/03/2026 21:33 F Rom 575 OR Aero Leg It Aero Leg It is a bk bitch. She  is 2 years old (Mar24). The owner of Aero Leg It is Aero Racing Syndicate and her current trainer is R Taberner (Monmore). Aer
ALANA THE SECOND,06/03/2026,06/03/2026 F Rom 575 OR3 107 1 13.53 1111 1st - 0.46 2.5 13/8 35.48
ALANA THE SECOND,27/02/2026,27/02/2026 F Rom 575 OR 105 2 13.70 3311 2nd sh 0.22 4.11 5/2 35.37
ALANA THE SECOND,20/02/2026,20/02/2026 F Rom 575 OR 108 3 13.86 3335 5th 3¾ 0.62 11.85 6/1 35.70
ALANA THE SECOND,14/02/2026,14/02/2026 F Cen 491 OR 98 3 3.08 3111 1st - 0.02 4.03 11/4 29.67
ALANA THE SECOND,06/02/2026,06/02/2026 F Rom 575 OR 110 2 13.74 1244 4th 11¾ 0.4 17.18 16/1 35.95
ALANA THE SECOND,31/01/2026,31/01/2026 F Rom 575 S3 107 2 13.44 1111 1st - 0.39 2.31 1/1 35.29
ALANA THE SECOND,24/01/2026,24/01/2026 F Rom 575 S2 112 1 13.57 0111 2nd 2 0.76 3/1 35.56 111
ALANA THE SECOND,19/01/2026,19/01/2026 F Rom 575 S2 111 1 13.63 2222 3rd 4¾ 0.4 5.6 10/3 35.42
ALANA THE SECOND,14/01/2026,14/01/2026 F Rom 575 S2 111 2 13.86 5423 3rd 10½ 0.38 7.6 4/1 35.96
ALANA THE SECOND,07/01/2026,07/01/2026 F Rom 400 A5 96 2 3.74 2222 1st - 0.36 5.18 7/2 23.97
ALANA THE SECOND,02/01/2026,02/01/2026 F Rom 400 A5 94 1 3.78 3333 4th 4 0.01 3.67 2/1 24.26
ALANA THE SECOND,20/12/2025,20/12/2025 F Rom 400 A5 92 2 3.84 4555 5th 7¼ 0.24 2.5 1/1 24.66
ALANA THE SECOND,03/12/2025,03/12/2025 F Rom 575 S2 114 2 13.48 1112 3rd 1¾ 0.38 5.0 9/4 35.61
ALANA THE SECOND,22/11/2025,22/11/2025 F Rom 400 A6 93 2 3.86 3111 1st - 0.25 2.68 11/8 23.97
ALANA THE SECOND,15/11/2025,15/11/2025 F Rom 400 A5 92 2 3.82 4222 2nd ¾ 0.23 6.48 10/3 24.11
ALANA THE SECOND,08/11/2025,08/11/2025 F Rom 400 A7 79 2 3.80 1111 1st - 0.47 3.0 15/8 23.88
ALANA THE SECOND,30/10/2025,30/10/2025 F Rom 400 T1 2 3.84 1st - 0.1 24.60 RailsToMiddle 28 day break
ALANA THE SECOND,02/10/2025,"02/10/2025 F Rom 400 T3 2 4.16 3333 2nd 5¼ 0.0 25.25 SAway,Rails,FcdTCk3,RnOn 47 day break"
ALANA THE SECOND,16/08/2025,16/08/2025 F Rom 400 A6 92 1 3.82 2233 3rd 4 0.25 4.55 11/4 24.42
ALANA THE SECOND,11/08/2025,11/08/2025 F Rom 400 A5 67 2 3.85 3555 6th 8¼ 0.42 10.0 8/1 24.53
ALANA THE SECOND,31/07/2025,"31/07/2025 F Rom 400 T3 2 3.85 1111 1st - 0.0 24.56 QuickAway,Rails,ALed"
ALANA THE SECOND,24/07/2025,"24/07/2025 F Rom 400 T3 3 39.97 3233 3rd 10¼ -0.1 25.01 MiddleToRails,ClearRun LOAD MORE PERFORMANCES Date"
ALANA THE SECOND,13/03/2026,13/03/2026 21:13 F Rom 575 OR3 Alana The Second Alana The Second is a bk bitch. She  is 2 years old (Dec23). The owner of Alana The Second is Live Laugh Hound and her current trainer is M E Wiley (Rom
BACON FRAZZLES,06/03/2026,06/03/2026 F Rom 575 OR 122 3 13.60 2333 3rd 2½ 0.46 34.0 25/1 34.72
BACON FRAZZLES,27/02/2026,27/02/2026 F Rom 575 OR 128 5 13.71 5444 4th 3¾ 0.22 20.0 12/1 35.08
BACON FRAZZLES,21/02/2026,21/02/2026 F Cen 491 OR 114 4 3.16 5666 6th 9 0.0 55.0 25/1 30.01
BACON FRAZZLES,13/02/2026,13/02/2026 F Rom 575 OR 130 4 14.05 5666 5th 12 0.58 28.21 20/1 35.36
BACON FRAZZLES,06/02/2026,06/02/2026 F Rom 575 OR 133 4 13.65 5544 4th 11 0.4 11.96 8/1 35.43
BACON FRAZZLES,28/01/2026,"28/01/2026 F Rom 400 T3 5 3.83 1111 1st - 0.1 24.37 QuickAway,Middle,AlwaysLed 19 day break"
BACON FRAZZLES,09/01/2026,09/01/2026 F Rom 575 OR1 128 4 13.70 2443 1st - 0.45 12.32 7/1 34.95
BACON FRAZZLES,02/01/2026,02/01/2026 F Rom 575 OR 123 4 14.06 4543 2nd 6¼ 0.01 8.92 9/2 35.30
BACON FRAZZLES,27/12/2025,27/12/2025 F Rom 575 OR 127 5 13.55 3365 5th 6½ 0.52 4.1 5/2 35.39
BACON FRAZZLES,19/12/2025,19/12/2025 F Rom 575 OR 131 4 13.64 3244 5th 2½ 0.33 17.53 10/1 34.76
BACON FRAZZLES,12/12/2025,12/12/2025 F Rom 575 OR 131 4 13.51 4332 2nd nk 0.37 6.0 4/1 34.87
BACON FRAZZLES,08/12/2025,08/12/2025 F Rom 575 S1 126 3 13.44 2222 1st - 0.48 1.97 4/5 34.83
BACON FRAZZLES,28/11/2025,28/11/2025 F Rom 575 OR3 128 4 13.66 4443 3rd 2¼ 0.28 5.98 10/3 34.86
BACON FRAZZLES,21/11/2025,21/11/2025 F Rom 575 OR3 122 4 13.54 3333 1st - 0.37 7.2 5/1 34.67
BACON FRAZZLES,14/11/2025,14/11/2025 F Rom 575 OR 117 4 13.64 5533 1st - 0.46 3.63 2/1 35.01
BACON FRAZZLES,31/10/2025,31/10/2025 F Rom 575 OR3 131 5 13.64 4444 4th 3 0.33 35.18 14/1 35.00
BACON FRAZZLES,24/10/2025,24/10/2025 F Rom 575 OR3 121 4 13.67 5544 3rd 7½ 0.82 5.73 10/3 35.24
BACON FRAZZLES,17/10/2025,17/10/2025 F Rom 575 OR 128 4 13.64 5566 6th 4¾ 0.77 9.03 7/1 35.26
BACON FRAZZLES,10/10/2025,10/10/2025 F Rom 575 OR 126 3 13.71 3333 3rd ¼ 0.23 2.51 11/8 34.96
BACON FRAZZLES,03/10/2025,03/10/2025 F Rom 575 OR1 123 5 13.83 5544 4th 2½ 0.76 5.48 9/2 35.05
BACON FRAZZLES,26/09/2025,26/09/2025 F Rom 575 OR 131 6 13.66 4355 3rd 3½ 0.51 27.63 22/1 35.26
BACON FRAZZLES,19/09/2025,19/09/2025 F Rom 575 OR 136 5 13.69 5654 3rd 4¼ 0.51 43.32 20/1 34.93
BACON FRAZZLES,12/09/2025,12/09/2025 F Rom 575 OR 130 6 13.95 6655 5th 9¼ 0.47 24.0 10/1 35.69
BACON FRAZZLES,08/09/2025,08/09/2025 F Rom 575 S1 122 5 13.49 2221 1st - 0.72 1.75 4/7 34.73
BACON FRAZZLES,29/08/2025,29/08/2025 F Rom 575 OR 120 5 13.77 5522 2nd ¾ 0.54 4.98 11/4 35.04
BACON FRAZZLES,22/08/2025,22/08/2025 F Rom 575 OR 126 5 13.73 1556 5th 12¼ 0.58 3.4 2/1 35.32
BACON FRAZZLES,15/08/2025,15/08/2025 F Rom 575 OR 127 5 13.50 2223 3rd 3¼ 0.1 8.8 9/2 35.01
BACON FRAZZLES,08/08/2025,08/08/2025 F Rom 575 OR3 130 3 13.62 3332 2nd 1½ 0.36 1.95 8/11 34.86
BACON FRAZZLES,01/08/2025,01/08/2025 F Rom 575 OR3 130 3 13.53 4322 1st - 0.34 3.07 6/4 34.93
BACON FRAZZLES,25/07/2025,25/07/2025 F Rom 575 OR3 132 4 13.48 5222 2nd ½ 0.44 24.0 11/1 34.72
BACON FRAZZLES,18/07/2025,18/07/2025 F Rom 575 OR3 134 4 13.62 5433 3rd 3½ 0.26 15.0 9/1 35.15
BACON FRAZZLES,12/07/2025,12/07/2025 F Oxf 650 OR 122 4 15.48 3244 4th 12¼ 0.48 26.89 14/1 40.00
BACON FRAZZLES,07/07/2025,07/07/2025 F Rom 575 S1 118 5 13.65 4433 3rd 3 0.64 3.05 5/4 35.17
BACON FRAZZLES,02/07/2025,02/07/2025 F Rom 575 S1 117 3 13.55 3332 2nd hd 0.62 1.86 8/11 34.85
BACON FRAZZLES,20/06/2025,20/06/2025 F Rom 575 OR1 131 5 13.70 6653 5th 2 0.56 13.5 10/1 34.97
BACON FRAZZLES,14/06/2025,14/06/2025 F Rom 575 S1 122 3 13.53 4422 2nd 1¾ 0.67 2.73 5/4 34.69
BACON FRAZZLES,10/06/2025,10/06/2025 F Rom 575 S1 112 3 13.73 4322 1st - 0.36 1.98 4/6 35.03
BACON FRAZZLES,04/06/2025,04/06/2025 F Rom 575 S1 124 3 13.97 5543 2nd 1½ 0.36 2.23 1/1 35.52
BACON FRAZZLES,30/05/2025,30/05/2025 F Rom 575 OR 127 6 13.49 3333 2nd 3 0.46 7.6 9/2 34.82
BACON FRAZZLES,23/05/2025,23/05/2025 F Rom 575 OR3 128 6 13.67 5666 5th 4½ 0.52 15.47 11/1 34.92
BACON FRAZZLES,16/05/2025,16/05/2025 F Rom 575 OR3 123 6 13.47 2222 2nd hd 0.36 12.29 7/1 34.89
BACON FRAZZLES,09/05/2025,09/05/2025 F Rom 575 OR 122 5 13.52 3311 1st - 0.38 11.11 8/1 34.94
BACON FRAZZLES,02/05/2025,02/05/2025 F Rom 575 OR3 122 5 13.77 5556 6th 9¼ 0.36 30.0 14/1 35.42
BACON FRAZZLES,25/04/2025,25/04/2025 F Rom 575 OR 123 3 13.52 4434 3rd 7½ 0.38 13.38 9/1 35.57
BACON FRAZZLES,18/04/2025,18/04/2025 F Rom 575 OR3 118 3 13.67 5554 4th 2¼ 0.26 3.6 2/1 35.14
BACON FRAZZLES,09/04/2025,09/04/2025 F Rom 575 S1 116 4 13.71 5533 3rd 1¾ 0.44 3.6 2/1 35.24
BACON FRAZZLES,02/04/2025,02/04/2025 F Rom 575 S1 118 4 13.59 4421 1st - 0.51 1.98 4/5 34.83
BACON FRAZZLES,26/03/2025,26/03/2025 F Rom 575 S1 124 4 13.72 1543 3rd 1 0.59 4.5 3/1 35.17
BACON FRAZZLES,14/03/2025,14/03/2025 F Rom 575 OR 137 6 13.65 3444 4th 7¼ 0.55 55.0 33/1 35.14
BACON FRAZZLES,28/02/2025,28/02/2025 F Rom 575 OR 136 4 13.55 5454 4th 3¼ 0.89 130.0 28/1 34.92
BACON FRAZZLES,13/03/2026,"13/03/2026 21:53 F Rom 575 OR Bacon Frazzles Bacon Frazzles is a bk bitch. She  is 3 years old (Aug22). The owner of Bacon Frazzles is Mr K N Bacon,mrs J A Bacon and her current trainer is P D Burr (R"
BALLYMAC SUNTAN,09/03/2026,09/03/2026 F Rom 400 A5 95 3 0.00 1222 1st - 0.46 2.53 11/8 23.98
BALLYMAC SUNTAN,28/02/2026,28/02/2026 F Rom 400 A4 100 3 3.82 4333 2nd hd 0.54 2.96 2/1 24.21
BALLYMAC SUNTAN,21/02/2026,21/02/2026 F Rom 400 A4 103 3 3.79 4444 2nd ¾ 0.26 7.73 4/1 24.06
BALLYMAC SUNTAN,16/02/2026,16/02/2026 F Rom 400 A4 102 3 3.81 6433 3rd 1¼ 0.5 8.0 5/1 24.06
BALLYMAC SUNTAN,07/02/2026,07/02/2026 F Rom 400 A4 103 2 3.76 3433 2nd 4½ 0.57 3.94 15/8 24.27
BALLYMAC SUNTAN,02/02/2026,02/02/2026 F Rom 400 A4 98 3 3.74 2222 2nd sh 0.43 6.29 7/2 23.76
BALLYMAC SUNTAN,24/01/2026,24/01/2026 F Rom 400 A5 92 4 3.76 3322 1st - 0.52 5.0 3/1 23.96
BALLYMAC SUNTAN,14/01/2026,14/01/2026 F Rom 400 A5 97 3 3.84 5566 5th 6¼ 0.26 7.6 9/2 24.36
BALLYMAC SUNTAN,05/01/2026,05/01/2026 F Rom 400 A4 97 4 3.77 4544 5th 6¾ 0.21 5.2 7/2 24.29
BALLYMAC SUNTAN,30/12/2025,30/12/2025 F Rom 400 A4 101 3 3.85 4444 4th 6¼ 0.3 8.18 9/2 24.38
BALLYMAC SUNTAN,20/12/2025,20/12/2025 F Rom 400 A4 96 3 3.83 2233 3rd 1¼ 0.44 4.3 11/4 24.11
BALLYMAC SUNTAN,12/12/2025,12/12/2025 F Rom 400 A4 100 3 3.83 4322 2nd 1 0.26 6.15 9/2 24.00
BALLYMAC SUNTAN,06/12/2025,06/12/2025 F Rom 400 A6 (E) 92 3 3.92 6321 1st - 0.23 2.62 5/4
BALLYMAC SUNTAN,29/11/2025,29/11/2025 F Rom 400 A7 96 3 3.81 2111 1st - 0.33 2.42 6/5 24.10
BALLYMAC SUNTAN,22/11/2025,22/11/2025 F Rom 400 A6 93 3 3.85 2322 3rd 1¼ 0.25 9.98 7/1 24.08
BALLYMAC SUNTAN,17/11/2025,17/11/2025 F Rom 400 A6 90 3 3.85 4565 5th 4 0.37 5.72 3/1 24.37
BALLYMAC SUNTAN,07/11/2025,07/11/2025 F Rom 400 A6 93 3 3.81 3444 3rd ½ 0.23 12.12 7/1 24.24
BALLYMAC SUNTAN,29/10/2025,29/10/2025 F Rom 400 A6 95 3 3.87 2445 4th 14½ 0.21 36.0 25/1 24.99
BALLYMAC SUNTAN,22/10/2025,22/10/2025 F Rom 400 A5 98 3 3.84 4344 5th 10 0.28 17.5 9/1 24.62
BALLYMAC SUNTAN,18/10/2025,18/10/2025 F Rom 400 A5 102 3 3.88 5555 5th 9½ 0.47 16.0 9/1 24.52
BALLYMAC SUNTAN,14/10/2025,"14/10/2025 F Rom 400 T2 4 3.96 2222 2nd 2¼ 0.1 24.96 SlightlyStbStt,RailsToMid 43 day break"
BALLYMAC SUNTAN,01/09/2025,01/09/2025 F Rom 400 A4 100 3 3.88 6555 3rd 1¼ 0.43 10.0 6/1 24.14
BALLYMAC SUNTAN,23/08/2025,23/08/2025 F Rom 400 A5 (E) 92 3 3.77 2222 1st - 0.49 5.6 7/2
BALLYMAC SUNTAN,18/08/2025,18/08/2025 F Rom 400 A4 98 3 3.92 6555 5th 5 0.34 5.53 10/3 24.57
BALLYMAC SUNTAN,13/08/2025,13/08/2025 F Rom 400 A4 99 3 3.85 3233 3rd 4½ 0.22 7.2 9/2 24.05
BALLYMAC SUNTAN,08/08/2025,08/08/2025 F Rom 575 OR3 100 5 13.91 4344 4th 3¼ 0.36 40.0 12/1 35.90
BALLYMAC SUNTAN,30/07/2025,30/07/2025 F Rom 400 A4 100 3 3.87 5444 4th 5½ 0.26 12.77 6/1 24.26
BALLYMAC SUNTAN,19/07/2025,19/07/2025 F Rom 400 A4 99 3 3.85 2444 4th 5 0.3 5.01 11/4 24.17
BALLYMAC SUNTAN,11/07/2025,11/07/2025 F Rom 400 A5 101 3 3.80 3222 1st - 0.31 3.55 15/8 24.22
BALLYMAC SUNTAN,28/06/2025,28/06/2025 F Rom 400 A5 94 3 3.84 3222 2nd ¾ 0.51 8.78 5/1 23.82
BALLYMAC SUNTAN,20/06/2025,20/06/2025 F Rom 400 A6 95 3 3.88 4331 1st - 0.28 3.18 7/4 24.14
BALLYMAC SUNTAN,10/06/2025,10/06/2025 F Rom 400 A6 92 3 3.81 4444 4th 4½ 0.25 4.6 11/4 24.39
BALLYMAC SUNTAN,02/06/2025,02/06/2025 F Rom 400 A6 88 3 3.86 5433 3rd 3¼ 0.38 2.57 5/4 24.02
BALLYMAC SUNTAN,28/05/2025,28/05/2025 F Rom 400 A5 94 2 3.88 5644 3rd 3½ 0.35 5.4 7/2 24.21
BALLYMAC SUNTAN,14/05/2025,14/05/2025 F Rom 400 A5 93 2 3.87 6666 5th 11¾ 0.3 6.6 9/2 24.67
BALLYMAC SUNTAN,07/05/2025,07/05/2025 F Rom 400 A5 96 2 3.81 4455 4th 4½ 0.25 4.98 11/4 24.13
BALLYMAC SUNTAN,26/04/2025,26/04/2025 F Rom 400 A4 102 2 3.89 6663 3rd 4½ 0.51 6.49 7/2 24.13
BALLYMAC SUNTAN,19/04/2025,19/04/2025 F Rom 400 A4 100 3 3.89 6544 4th 5½ 0.45 6.0 7/2 24.27
BALLYMAC SUNTAN,14/04/2025,14/04/2025 F Rom 400 A4 97 3 3.80 4433 3rd 3¾ 0.46 4.3 5/2 24.10
BALLYMAC SUNTAN,05/04/2025,05/04/2025 F Rom 400 A3 105 3 3.80 3666 5th 11 0.49 6.8 7/2 24.66
BALLYMAC SUNTAN,26/03/2025,26/03/2025 F Rom 400 A3 106 2 3.93 5655 5th 10 0.19 6.4 4/1 24.51
BALLYMAC SUNTAN,22/03/2025,22/03/2025 F Rom 400 A3 107 2 3.79 3333 2nd ½ 0.41 4.75 3/1 24.06
BALLYMAC SUNTAN,11/03/2025,11/03/2025 F Rom 400 A3 103 2 3.75 4444 5th 6¼ 0.33 3.38 7/4 24.32
BALLYMAC SUNTAN,01/03/2025,01/03/2025 F Rom 400 A3 104 2 3.74 4433 3rd 5½ 0.72 2.13 5/6 24.14
BALLYMAC SUNTAN,24/02/2025,24/02/2025 F Rom 400 A5 97 2 3.73 2111 1st - 0.55 2.5 11/8 23.90
BALLYMAC SUNTAN,12/02/2025,12/02/2025 F Rom 400 A5 101 2 3.71 3222 2nd 3 0.66 3.87 15/8 23.89
BALLYMAC SUNTAN,08/02/2025,08/02/2025 F Rom 400 A5 96 2 3.82 2233 3rd 11 0.5 3.42 2/1 24.57
BALLYMAC SUNTAN,03/02/2025,03/02/2025 F Rom 400 A7 88 2 3.78 1111 1st - 0.42 2.52 6/5 23.81
BALLYMAC SUNTAN,27/01/2025,27/01/2025 F Rom 400 A6 88 2 3.79 4333 3rd 3¾ 0.57 4.47 11/4 24.27
BALLYMAC SUNTAN,20/01/2025,20/01/2025 F Rom 400 A6 90 2 3.80 3223 3rd 7¼ 0.51 4.97 5/2 24.39
BALLYMAC SUNTAN,13/03/2026,"13/03/2026 21:33 F Rom 575 OR Ballymac Suntan Ballymac Suntan is a bk bitch. She  is 2 years old (Aug23). The owner of Ballymac Suntan is Mr K N Bacon,mr P D Burr,mr D C Patrick and her current traine"
BLUEJIG DESIGNER,09/03/2026,09/03/2026 F Rom 400 A5 95 6 0.00 5555 5th 4¾ 0.46 4.05 2/1 24.29
BLUEJIG DESIGNER,04/03/2026,04/03/2026 F Rom 400 A4 100 6 3.88 6564 3rd 3½ 0.45 11.5 6/1 24.16
BLUEJIG DESIGNER,27/02/2026,27/02/2026 F Rom 400 A4 95 6 3.82 5544 4th 6 0.43 10.67 6/1 24.29
BLUEJIG DESIGNER,21/02/2026,21/02/2026 F Rom 400 A4 103 6 3.85 5555 4th 3 0.26 7.25 4/1 24.17
BLUEJIG DESIGNER,16/02/2026,16/02/2026 F Rom 400 A4 102 6 3.71 1322 2nd 1¼ 0.5 8.8 5/1 24.10
BLUEJIG DESIGNER,11/02/2026,11/02/2026 F Rom 400 A3 104 6 3.80 5444 4th 3¾ 0.42 5.46 3/1 24.31
BLUEJIG DESIGNER,04/02/2026,04/02/2026 F Rom 400 A3 100 6 4.04 5555 5th 3½ 0.49 2.88 6/4 24.32
BLUEJIG DESIGNER,28/01/2026,28/01/2026 F Rom 400 A3 105 5 3.69 2454 3rd 5¼ 0.54 8.62 6/1 24.05
BLUEJIG DESIGNER,24/01/2026,24/01/2026 F Rom 400 A5 94 6 3.67 2211 1st - 0.52 4.5 11/4 23.75
BLUEJIG DESIGNER,14/01/2026,14/01/2026 F Rom 400 A5 97 5 3.76 3333 3rd 3¾ 0.26 8.14 9/2 24.13
BLUEJIG DESIGNER,07/01/2026,07/01/2026 F Rom 400 A4 100 5 3.78 3445 5th 5 0.36 5.75 7/2 24.36
BLUEJIG DESIGNER,20/12/2025,20/12/2025 F Rom 400 A4 96 5 3.83 3555 5th 4¼ 0.44 4.88 11/4 24.37
BLUEJIG DESIGNER,12/12/2025,12/12/2025 F Rom 400 A4 100 5 3.79 1433 3rd 2¾ 0.26 5.0 3/1 24.14
BLUEJIG DESIGNER,06/12/2025,06/12/2025 F Rom 400 A3 109 5 3.82 3444 3rd 1¾ 0.23 10.58 6/1 24.04
BLUEJIG DESIGNER,01/12/2025,01/12/2025 F Rom 400 A3 104 5 3.81 3335 5th 7¼ 0.38 6.66 4/1 24.31
BLUEJIG DESIGNER,25/11/2025,25/11/2025 F Rom 400 A2 104 5 3.83 6666 4th 2½ 0.22 9.94 8/1 24.04
BLUEJIG DESIGNER,18/11/2025,18/11/2025 F Rom 400 A2 105 6 3.78 4666 3rd 2¾ 0.3 14.23 7/1 24.46
BLUEJIG DESIGNER,14/11/2025,14/11/2025 F Rom 575 OR 112 5 13.68 1244 5th 9½ 0.46 19.0 12/1 36.06
BLUEJIG DESIGNER,08/11/2025,08/11/2025 F Rom 400 A2 105 5 3.85 4555 5th 6¼ 0.32 6.53 9/2 24.22
BLUEJIG DESIGNER,31/10/2025,"31/10/2025 F Rom 400 T3 5 3.89 1111 1st - 0.0 24.27 QAway,Wide,AlwaysLed"
BLUEJIG DESIGNER,25/10/2025,25/10/2025 F Rom 400 A2 104 5 3.80 3544 4th dis 0.3 5.0 3/1 0.00
BLUEJIG DESIGNER,20/10/2025,20/10/2025 F Rom 400 A4 105 4 3.78 1111 1st - 0.36 2.5 1/1 23.86
BLUEJIG DESIGNER,14/10/2025,14/10/2025 F Rom 400 A4 103 4 3.77 3222 2nd 1 0.22 5.7 3/1 23.94
BLUEJIG DESIGNER,07/10/2025,07/10/2025 F Rom 400 A4 99 5 3.78 3555 5th 3¾ 0.42 4.1 2/1 24.24
BLUEJIG DESIGNER,01/10/2025,01/10/2025 F Rom 400 A5 101 5 3.76 1111 1st - 0.41 2.65 6/4 23.90
BLUEJIG DESIGNER,27/09/2025,27/09/2025 F Rom 400 A4 106 5 3.76 1222 2nd nk 0.56 6.2 9/2 24.02
BLUEJIG DESIGNER,22/09/2025,22/09/2025 F Rom 400 A4 102 5 3.79 5544 3rd 1¾ 0.65 10.0 5/1 24.02
BLUEJIG DESIGNER,17/09/2025,17/09/2025 F Rom 400 A4 104 5 3.83 5455 5th 8¼ 0.46 6.04 10/3 24.41
BLUEJIG DESIGNER,10/09/2025,10/09/2025 F Rom 400 A4 96 5 3.84 4444 4th 4¼ 0.42 3.5 15/8 24.35
BLUEJIG DESIGNER,06/09/2025,06/09/2025 F Rom 400 A5 94 5 3.73 1111 1st - 0.42 4.0 9/4 23.86
BLUEJIG DESIGNER,01/09/2025,01/09/2025 F Rom 400 A6 92 5 3.75 1111 1st - 0.3 2.64 6/5 24.04
BLUEJIG DESIGNER,18/08/2025,18/08/2025 F Rom 400 A6 90 5 3.76 1111 2nd ¾ 0.34 3.59 6/4 24.12
BLUEJIG DESIGNER,13/08/2025,13/08/2025 F Rom 400 A7 84 5 3.78 2221 1st - 0.22 3.65 13/8 24.15
BLUEJIG DESIGNER,09/08/2025,09/08/2025 F Rom 400 A7 83 5 3.78 1112 2nd 2 0.39 4.4 9/4 24.02
BLUEJIG DESIGNER,02/08/2025,02/08/2025 F Rom 400 A6 90 4 3.86 4322 2nd 4½ 0.29 7.75 7/1 24.36
BLUEJIG DESIGNER,28/07/2025,28/07/2025 F Rom 400 A6 82 4 3.76 4544 3rd 3¾ 0.29 17.5 8/1 24.30
BLUEJIG DESIGNER,23/07/2025,"23/07/2025 F Rom 400 T3 4 3.91 2111 1st - 0.1 24.63 EarlyPace,Middle,Led1"
BLUEJIG DESIGNER,10/07/2025,"10/07/2025 F Rom 400 T3 4 3.93 1222 2nd 3¾ 0.0 24.88 QAway,Middle,Bmp1"
BLUEJIG DESIGNER,29/06/2025,29/06/2025 F Yar 462 A8 44 6 5.52 1664 5th dis 0.46 4.5 11/4 28.93
BLUEJIG DESIGNER,22/06/2025,22/06/2025 F Yar 462 A7 63 6 5.61 3433 5th 15 0.38 4.72 11/4 29.04
BLUEJIG DESIGNER,08/06/2025,"08/06/2025 F Yar 462 T3 6 5.58 2221 2nd 1¼ 0.0 29.28 W,Ld3-NrLn"
BLUEJIG DESIGNER,31/05/2025,"31/05/2025 F Yar 462 T3 6 5.51 2333 3rd 9½ 0.1 29.19 W,Crd1"
BLUEJIG DESIGNER,15/05/2025,"15/05/2025 F Yar 462 T2 5 5.42 2222 2nd 1 0.0 28.95 W,VW2 LOAD MORE PERFORMANCES Date"
BLUEJIG DESIGNER,13/03/2026,13/03/2026 18:33 F Rom 400 A5 Bluejig Designer Bluejig Designer is a bd bitch. She  is 2 years old (Jul23). The owner of Bluejig Designer is Summer Lane Kennels and her current trainer is P D Burr (Ro
BOCKOS BUSTER,06/03/2026,06/03/2026 F Rom 400 OR1 124 3 3.60 1111 1st - 0.32 2.14 1/1 23.43
BOCKOS BUSTER,20/02/2026,20/02/2026 F Rom 400 OR3 120 4 3.74 5555 5th 10¾ 0.26 2.55 5/4 24.00
BOCKOS BUSTER,13/02/2026,13/02/2026 F Rom 400 OR3 115 4 3.61 3111 1st - 0.4 2.17 8/11 23.48
BOCKOS BUSTER,07/02/2026,07/02/2026 F Mon 480 OR1 126 5 4.39 4445 4th 7¼ 0.6 5.13 3/1 28.31
BOCKOS BUSTER,31/01/2026,31/01/2026 F Mon 480 OR 124 5 4.20 1111 1st - 0.47 3.97 9/4 27.62
BOCKOS BUSTER,26/01/2026,26/01/2026 F Not 305 OR3 (E) 109 6 0.00 5-2- 2nd ¾ 0.13 1.87 8/13
BOCKOS BUSTER,19/01/2026,19/01/2026 F Not 305 OR3 116 4 0.00 3-1- 1st - 0.12 1.3 1/6 17.36
BOCKOS BUSTER,12/01/2026,12/01/2026 F Not 305 OR 119 5 0.00 1-1- 1st - 0.04 2.82 6/4 17.48
BOCKOS BUSTER,22/12/2025,22/12/2025 F Not 305 OR2 116 6 0.00 4-5- 4th 1¾ 0.24 8.98 5/1 17.44
BOCKOS BUSTER,15/12/2025,15/12/2025 F Not 305 OR2 124 4 0.00 4-4- 2nd 2¼ 0.18 11.87 6/1 17.60
BOCKOS BUSTER,08/12/2025,08/12/2025 F Not 305 OR2 (E) 113 5 0.00 5-1- 1st - 0.21 3.94 9/4
BOCKOS BUSTER,01/12/2025,01/12/2025 F Not 305 OR 117 1 0.00 5-4- 3rd 6¾ 0.32 6.92 7/2 17.83
BOCKOS BUSTER,21/11/2025,21/11/2025 F Sun 450 OR1 114 2 5.31 2222 2nd 5 0.32 3.17 7/4 26.92
BOCKOS BUSTER,14/11/2025,14/11/2025 F Sun 450 OR1 114 2 5.10 3111 1st - 0.68 2.96 15/8 26.77
BOCKOS BUSTER,07/11/2025,07/11/2025 F Sun 450 OR1 114 3 5.08 3222 2nd 3 0.39 3.25 15/8 26.95
BOCKOS BUSTER,02/11/2025,02/11/2025 F Sun 450 T1 1 5.16 1st - 0.0 27.36 RlsToMid
BOCKOS BUSTER,24/10/2025,24/10/2025 F Dun 270 OR2 120 6 0.00 6-4- 4th 1 0.28 12.04 7/1 15.46
BOCKOS BUSTER,17/10/2025,17/10/2025 F Dun 270 OR2 119 3 0.00 2-1- 1st - 0.15 10.58 6/1 15.47
BOCKOS BUSTER,10/10/2025,10/10/2025 F Dun 270 OR2 121 4 0.00 2-1- 1st - 0.52 6.06 3/1 15.09
BOCKOS BUSTER,03/10/2025,"03/10/2025 F Dun 270 T1 3 0.00 1st - -0.05 16.03 EP,Mid"
BOCKOS BUSTER,17/09/2025,17/09/2025 F Yar 462 OR1 116 5 5.07 1222 5th 7¼ 0.22 11.89 7/1 27.45
BOCKOS BUSTER,10/09/2025,10/09/2025 F Yar 462 OR1 110 3 5.09 1111 2nd 1½ 0.16 1.57 8/15 27.36
BOCKOS BUSTER,03/09/2025,03/09/2025 F Yar 462 OR1 115 5 5.17 2111 1st - 0.14 1.87 4/5 27.30
BOCKOS BUSTER,23/08/2025,23/08/2025 F Yar 462 OR 114 4 5.31 5432 3rd 4¼ -0.05 8/13 27.75 98
BOCKOS BUSTER,16/08/2025,16/08/2025 F Yar 462 OR 113 3 5.05 1111 1st - 0.16 2.48 6/5 27.36
BOCKOS BUSTER,09/08/2025,09/08/2025 F Yar 462 OR 108 3 5.27 4111 1st - -0.06 4/6 27.51 102
BOCKOS BUSTER,02/08/2025,02/08/2025 F Yar 462 T1 3 5.20 1st - 0.0 28.02 Wide
BOCKOS BUSTER,19/07/2025,"19/07/2025 F Mon 480 T3 1 4.54 2222 3rd 7¼ 0.0 29.36 EP,MidTRls,Crd2"
BOCKOS BUSTER,14/07/2025,"14/07/2025 F Mon 480 T3 1 4.46 1111 1st - -0.3 28.73 Middle,AlwaysLed 67 day break"
BOCKOS BUSTER,08/05/2025,08/05/2025 F Tow 500 OR1 128 3 4.19 2222 6th 4 0.5 3.27 2/1 29.10
BOCKOS BUSTER,03/05/2025,"03/05/2025 F Tow 500 T1 4 4.01 1st - -0.2 28.89 Mid,QAw"
BOCKOS BUSTER,29/04/2025,29/04/2025 F Tow 270 T1 2 0.00 1st - 0.0 15.73 Mid LOAD MORE PERFORMANCES Date Time
BOCKOS BUSTER,13/03/2026,13/03/2026 20:33 F Rom 400 OR1 Bockos Buster Bockos Buster is a f dog. He  is 2 years old (Aug23). The owner of Bockos Buster is Mrs B Lochead and his current trainer is K P Boon (Suffolk Downs). Bock
BOMBAY BUCK,06/03/2026,06/03/2026 F Rom 400 OR1 121 3 3.67 4333 3rd 5 0.32 4.55 11/4 23.78
BOMBAY BUCK,27/02/2026,27/02/2026 F Rom 400 OR 116 4 3.60 1111 1st - 0.43 3.15 15/8 23.52
BOMBAY BUCK,20/02/2026,20/02/2026 F Rom 400 OR3 120 2 3.71 3333 3rd 8 0.26 23.0 14/1 23.78
BOMBAY BUCK,13/02/2026,13/02/2026 F Rom 400 OR3 114 5 3.73 2222 2nd 3 0.4 6.0 9/2 23.79
BOMBAY BUCK,06/02/2026,06/02/2026 F Rom 400 OR3 119 3 3.81 6655 5th 5 0.28 6.47 4/1 24.06
BOMBAY BUCK,30/01/2026,30/01/2026 F Rom 400 OR3 117 4 3.75 4433 2nd 1¼ 0.38 5.36 10/3 23.95
BOMBAY BUCK,24/01/2026,24/01/2026 F Rom 400 A1 105 5 3.67 1111 1st - 0.52 2.25 10/11 23.55
BOMBAY BUCK,17/01/2026,17/01/2026 F Rom 400 A1 114 5 3.68 3222 3rd ¾ 0.35 2.18 6/5 23.70
BOMBAY BUCK,10/01/2026,10/01/2026 F Rom 400 A1 117 5 3.70 3322 2nd 2¼ 0.15 2.76 6/4 23.88
BOMBAY BUCK,02/01/2026,02/01/2026 F Rom 400 OR 117 5 3.84 6432 2nd 5 0.01 6.2 9/2 24.06
BOMBAY BUCK,27/12/2025,27/12/2025 F Rom 400 OR 121 4 3.62 1222 2nd 1½ 0.36 4.09 5/2 23.66
BOMBAY BUCK,19/12/2025,19/12/2025 F Rom 400 OR 117 5 3.79 3322 3rd 2¾ 0.23 4.85 3/1 23.91
BOMBAY BUCK,12/12/2025,12/12/2025 F Rom 400 OR3 120 5 3.64 1111 3rd nk 0.26 4.71 10/3 23.68
BOMBAY BUCK,05/12/2025,05/12/2025 F Rom 400 OR3 120 5 3.64 2111 1st - 0.5 5.58 10/3 23.53
BOMBAY BUCK,24/11/2025,24/11/2025 F Rom 400 A1 118 4 3.79 3332 2nd 3½ 0.33 2.12 10/11 24.01
BOMBAY BUCK,18/11/2025,18/11/2025 F Rom 400 A1 122 4 3.77 5433 3rd 2½ 0.3 1.94 8/11 23.80
BOMBAY BUCK,14/11/2025,14/11/2025 F Rom 400 OR3 119 3 3.73 2222 2nd 2 0.32 5.6 7/2 23.64
BOMBAY BUCK,07/11/2025,07/11/2025 F Rom 400 OR3 110 6 3.66 2232 3rd ¼ 0.23 2.96 13/8 23.89
BOMBAY BUCK,31/10/2025,31/10/2025 F Rom 400 OR3 121 5 3.75 4222 2nd 2¾ 0.23 3.18 7/4 23.87
BOMBAY BUCK,24/10/2025,24/10/2025 F Rom 400 OR3 117 5 3.68 2222 2nd 1¾ 0.57 3.17 15/8 23.58
BOMBAY BUCK,17/10/2025,17/10/2025 F Rom 400 OR 116 5 3.59 1111 1st - 0.54 7.54 9/2 23.51
BOMBAY BUCK,10/10/2025,10/10/2025 F Rom 400 OR3 122 4 3.75 3333 4th 4¾ 0.35 5.85 4/1 23.98
BOMBAY BUCK,03/10/2025,03/10/2025 F Rom 400 OR2 123 5 3.74 3556 6th 8¼ 0.53 15.8 10/1 24.23
BOMBAY BUCK,18/09/2025,18/09/2025 F Rom 400 T1 3 3.96 1st - 0.0 24.36 Middle
BOMBAY BUCK,11/09/2025,11/09/2025 F Rom 225 T1 4 0.00 1st - -0.05 13.52 Middle 34 day break
BOMBAY BUCK,08/08/2025,08/08/2025 F Rom 400 OR 116 3 3.84 5555 5th 5¾ 0.25 2.19 1/1 23.84
BOMBAY BUCK,01/08/2025,01/08/2025 F Rom 400 OR3 114 3 3.64 2226 6th 9 0.41 1.91 4/6 24.33
BOMBAY BUCK,25/07/2025,25/07/2025 F Rom 400 OR3 118 3 3.69 2233 3rd 6½ 0.3 2.95 7/4 23.75
BOMBAY BUCK,18/07/2025,18/07/2025 F Rom 400 OR3 114 4 3.71 4443 3rd 5½ 0.39 2.44 1/1 23.69
BOMBAY BUCK,11/07/2025,11/07/2025 F Rom 400 OR3 118 3 3.58 1111 1st - 0.31 5.7 4/1 23.44
BOMBAY BUCK,04/07/2025,04/07/2025 F Rom 400 OR3 126 4 3.65 2222 2nd 3 0.13 3.35 7/4 23.78
BOMBAY BUCK,28/06/2025,28/06/2025 F Rom 400 A1 121 4 3.80 3333 3rd 3¾ 0.34 2.68 5/4 23.80
BOMBAY BUCK,21/06/2025,21/06/2025 F Rom 400 IV 126 3 3.66 3333 3rd 4½ 0.34 4.9 3/1 23.79
BOMBAY BUCK,13/06/2025,13/06/2025 F Rom 400 OR 122 5 3.69 2111 1st - 0.24 3.21 15/8 23.50
BOMBAY BUCK,06/06/2025,06/06/2025 F Rom 400 OR3 117 5 3.61 1111 1st - 0.18 4.42 11/4 23.48
BOMBAY BUCK,30/05/2025,30/05/2025 F Rom 400 OR3 121 6 3.76 3322 2nd nk 0.32 5.81 7/2 23.93
BOMBAY BUCK,23/05/2025,23/05/2025 F Rom 400 OR 118 6 3.73 3334 5th 3 0.36 10.0 8/1 23.96
BOMBAY BUCK,16/05/2025,16/05/2025 F Rom 400 OR3 120 6 3.76 3444 5th 8½ 0.42 5.6 10/3 24.17
BOMBAY BUCK,09/05/2025,09/05/2025 F Rom 400 OR3 116 5 3.63 2222 2nd 1¾ 0.26 11.12 8/1 23.51
BOMBAY BUCK,02/05/2025,02/05/2025 F Rom 400 OR3 115 5 3.10 2111 1st - 0.25 8.4 5/1 23.67
BOMBAY BUCK,25/04/2025,25/04/2025 F Rom 400 OR 111 5 3.88 6433 3rd 2 0.26 2.09 10/11 24.10
BOMBAY BUCK,18/04/2025,18/04/2025 F Rom 400 OR3 115 5 3.67 3333 3rd 2¼ 0.33 7.4 9/2 23.87
BOMBAY BUCK,11/04/2025,11/04/2025 F Rom 400 OR3 113 4 3.68 1223 4th 2½ 0.21 8.0 5/1 23.94
BOMBAY BUCK,04/04/2025,04/04/2025 F Rom 400 OR3 112 4 3.69 1222 1st - 0.15 7.4 5/1 24.01
BOMBAY BUCK,28/03/2025,28/03/2025 F Rom 400 OR3 116 6 3.82 4666 6th 10 0.23 4.7 5/2 24.46
BOMBAY BUCK,21/03/2025,21/03/2025 F Rom 400 OR3 113 4 3.61 1211 1st - 0.29 7.13 5/1 23.73
BOMBAY BUCK,14/03/2025,14/03/2025 F Rom 225 OR3 98 5 0.00 5-5- 4th 5 0.22 13.26 10/1 13.52
BOMBAY BUCK,09/03/2025,09/03/2025 F Tow 500 OR 111 6 4.08 2333 4th 10 0.24 22.0 11/1 29.40
BOMBAY BUCK,25/02/2025,"25/02/2025 F Mon 480 T2 3 4.36 1111 1st - -0.1 28.91 VeryQAw,Mid,HeldOn"
BOMBAY BUCK,18/02/2025,"18/02/2025 F Mon 480 T2 3 4.46 1111 1st - -0.4 29.07 Wide,HeldOn LOAD MORE PERFORMANCES Date"
BOMBAY BUCK,13/03/2026,"13/03/2026 20:53 F Rom 400 OR1 Bombay Buck Bombay Buck is a bk dog. He  is 2 years old (May23). The owner of Bombay Buck is Mr J C Cornish,mr G L Curtis,mr D P Minto,mr S T Nolan and his current train"
BOMBAY TREND,09/03/2026,09/03/2026 F Rom 400 A4 99 4 3.70 2111 1st - 0.58 5.39 10/3 23.89
BOMBAY TREND,28/02/2026,28/02/2026 F Rom 400 A4 100 4 3.75 2111 3rd ¼ 0.54 5.49 5/2 24.30
BOMBAY TREND,21/02/2026,21/02/2026 F Rom 400 A4 103 4 3.75 2233 5th 5¾ 0.26 4.1 11/4 24.53
BOMBAY TREND,16/02/2026,16/02/2026 F Rom 400 A4 100 4 3.76 3332 2nd 2¾ 0.5 3.25 2/1 24.21
BOMBAY TREND,07/02/2026,07/02/2026 F Rom 400 A5 98 4 3.66 1111 1st - 0.57 4.88 11/4 23.84
BOMBAY TREND,02/02/2026,02/02/2026 F Rom 400 A5 96 4 3.79 3222 3rd 3¼ 0.43 7.0 5/1 24.18
BOMBAY TREND,26/01/2026,26/01/2026 F Rom 400 A5 93 4 3.71 2222 5th 3 0.45 4.8 11/4 24.31
BOMBAY TREND,20/01/2026,20/01/2026 F Rom 400 A5 96 4 3.83 3335 5th 8½ 0.34 5.3 3/1 24.73
BOMBAY TREND,08/01/2026,08/01/2026 F Rom 400 T1 4 3.81 1st - 0.0 24.59 MiddleToWide 31 day break
BOMBAY TREND,08/12/2025,08/12/2025 F Rom 400 A4 96 4 3.73 3325 6th 4¼ 0.34 4.74 3/1 24.26
BOMBAY TREND,03/12/2025,03/12/2025 F Rom 400 A4 100 4 3.69 1111 2nd nk 0.44 4.7 11/4 24.09
BOMBAY TREND,28/11/2025,28/11/2025 F Rom 225 OR 104 5 0.00 2-3- 4th 5 0.11 28.0 14/1 13.52
BOMBAY TREND,21/11/2025,21/11/2025 F Rom 225 OR 106 4 0.00 4-4- 4th 5¼ 0.14 12.5 7/1 13.74
BOMBAY TREND,15/11/2025,15/11/2025 F Rom 400 A4 97 4 3.72 3111 2nd 1 0.18 3.48 15/8 24.03
BOMBAY TREND,08/11/2025,08/11/2025 F Rom 400 A4 102 4 3.78 2111 2nd 1½ 0.32 3.26 15/8 24.29
BOMBAY TREND,31/10/2025,31/10/2025 F Rom 225 OR 101 3 0.00 2-1- 2nd 1¼ 0.13 7.4 5/1 13.43
BOMBAY TREND,25/10/2025,25/10/2025 F Rom 400 A4 99 4 3.70 1111 3rd 3¾ 0.3 2.75 11/8 24.20
BOMBAY TREND,18/10/2025,18/10/2025 F Rom 400 A4 105 4 3.79 5342 4th 5½ 0.46 2.19 5/6 24.45
BOMBAY TREND,11/10/2025,11/10/2025 F Rom 400 A3 106 4 3.72 4333 3rd 8 0.49 4.5 11/4 24.28
BOMBAY TREND,04/10/2025,04/10/2025 F Rom 400 A3 103 4 3.69 1111 2nd 1 0.58 2.86 6/4 24.02
BOMBAY TREND,27/09/2025,27/09/2025 F Rom 400 A3 103 4 3.71 3222 4th 3¾ 0.56 3.96 2/1 24.05
BOMBAY TREND,20/09/2025,20/09/2025 F Rom 400 A3 106 4 3.67 1111 2nd ½ 0.43 11/8 23.88 94
BOMBAY TREND,13/09/2025,13/09/2025 F Rom 400 A2 105 4 3.74 2224 6th 5½ 0.53 8.21 7/1 24.11
BOMBAY TREND,06/09/2025,06/09/2025 F Rom 400 A2 107 4 3.76 4222 4th 6 0.42 7.1 5/1 24.04
BOMBAY TREND,29/08/2025,29/08/2025 F Rom 225 OR 112 4 0.00 3-3- 3rd 2¼ 0.21 20.01 12/1 13.49
BOMBAY TREND,16/08/2025,16/08/2025 F Rom 400 A2 108 4 3.70 5554 5th 7¼ 0.25 5.1 3/1 24.31
BOMBAY TREND,09/08/2025,09/08/2025 F Rom 400 A2 105 4 3.76 2222 2nd 2¼ 0.2 4.3 11/4 23.98
BOMBAY TREND,29/07/2025,29/07/2025 F Rom 400 A3 105 4 3.77 3211 1st - 0.35 3.35 2/1 23.98
BOMBAY TREND,22/07/2025,22/07/2025 F Rom 400 A3 105 4 3.72 2111 2nd nk 0.2 3.5 7/4 23.93
BOMBAY TREND,16/07/2025,16/07/2025 F Rom 400 A2 105 4 3.81 2223 5th 5½ 0.4 3.93 2/1 24.31
BOMBAY TREND,12/07/2025,12/07/2025 F Rom 400 A2 102 4 3.81 3222 3rd 3 0.26 4.9 3/1 23.93
BOMBAY TREND,07/07/2025,07/07/2025 F Rom 400 A2 107 4 3.71 1122 2nd 2¼ 0.45 5.9 4/1 24.03
BOMBAY TREND,24/06/2025,24/06/2025 F Rom 400 A2 103 4 3.85 2222 2nd 7½ 0.5 4.3 5/2 24.37
BOMBAY TREND,18/06/2025,18/06/2025 F Rom 400 A2 107 4 3.65 1222 2nd 3 0.46 7.19 6/1 23.94
BOMBAY TREND,09/06/2025,09/06/2025 F Rom 400 A1 109 5 3.85 3333 4th 6 0.42 7.96 5/1 24.13
BOMBAY TREND,04/06/2025,04/06/2025 F Rom 400 A1 108 5 3.87 5666 6th 7½ 0.47 6.7 7/2 24.50
BOMBAY TREND,30/05/2025,30/05/2025 F Rom 400 OR 112 6 3.71 2224 6th 5¾ 0.32 8.61 4/1 24.21
BOMBAY TREND,24/05/2025,24/05/2025 F Rom 400 A2 102 4 3.77 1111 1st - 0.49 3.3 15/8 23.83
BOMBAY TREND,17/05/2025,17/05/2025 F Rom 400 A3 102 3 3.79 1211 1st - 0.2 4.36 11/4 24.21
BOMBAY TREND,06/05/2025,06/05/2025 F Rom 400 A3 104 3 3.69 2111 2nd 1 0.38 6.2 4/1 24.07
BOMBAY TREND,01/05/2025,"01/05/2025 F Rom 400 T3 3 3.74 1111 1st - 0.0 24.43 QuickAway,Mid,AlwaysLed"
BOMBAY TREND,24/04/2025,"24/04/2025 F Rom 400 T3 4 3.85 2111 1st - 0.0 24.74 Mid,Bumped&Led1 LOAD MORE PERFORMANCES Date"
BOMBAY TREND,13/03/2026,13/03/2026 19:33 F Rom 225 OR3 Bombay Trend Bombay Trend is a bk dog. He  is 2 years old (May23). The owner of Bombay Trend is Where Do We Find Um and his current trainer is M E Wiley (Romford). Bomba
BROADWAY STEEL,06/03/2026,06/03/2026 F Rom 400 OR1 120 6 3.62 1333 3rd nk 0.32 24.52 16/1 23.87
BROADWAY STEEL,27/02/2026,27/02/2026 F Rom 400 OR 116 6 3.71 3544 4th 5½ 0.15 11.41 8/1 24.21
BROADWAY STEEL,20/02/2026,20/02/2026 F Rom 400 OR3 120 6 3.80 6666 6th 13 0.26 28.0 20/1 24.25
BROADWAY STEEL,13/02/2026,13/02/2026 F Rom 400 OR3 115 6 3.60 2222 2nd 4½ 0.4 15.0 11/1 23.77
BROADWAY STEEL,06/02/2026,06/02/2026 F Rom 400 OR 109 6 3.63 1111 1st - 0.28 12.0 8/1 23.67
BROADWAY STEEL,30/01/2026,30/01/2026 F Rom 225 OR 104 6 0.00 5-4- 4th 5 0.21 13.36 8/1 13.41
BROADWAY STEEL,23/01/2026,23/01/2026 F Rom 225 OR 101 4 0.00 4-4- 2nd 1¼ 0.16 17.88 12/1 13.54
BROADWAY STEEL,19/01/2026,19/01/2026 F Rom 400 A2 104 6 3.68 2111 1st - 0.28 4.8 11/4 23.82
BROADWAY STEEL,13/01/2026,13/01/2026 F Rom 400 A1 110 5 3.71 1222 3rd 1 0.31 8.6 9/2 23.89
BROADWAY STEEL,05/01/2026,05/01/2026 F Rom 400 A1 114 6 3.86 5555 5th 8¾ 0.21 10.5 5/1 24.29
BROADWAY STEEL,26/12/2025,26/12/2025 F Rom 400 A1 113 6 3.85 5666 6th 3¼ 0.21 5/2 24.34 62
BROADWAY STEEL,15/12/2025,15/12/2025 F Rom 400 A1 114 6 3.64 1111 1st - 0.34 3.45 2/1 23.63
BROADWAY STEEL,08/12/2025,08/12/2025 F Not 305 OR2 110 6 0.00 4-4- 4th 2 0.08 34.8 20/1 17.90
BROADWAY STEEL,24/11/2025,24/11/2025 F Not 305 T1 6 0.00 1st - 0.1 18.13 Mid-W
BROADWAY STEEL,20/11/2025,"20/11/2025 F Rom 400 T4 6 3.87 4322 2nd ½ 0.0 24.15 SlowAway,Wide,RanOn"
BROADWAY STEEL,12/11/2025,12/11/2025 F Rom 400 A1 114 5 3.95 6666 6th dis 0.22 11.74 7/1 0.00
BROADWAY STEEL,04/11/2025,04/11/2025 F Rom 400 A1 109 5 3.64 2221 1st - 0.31 4.79 10/3 23.60
BROADWAY STEEL,13/10/2025,13/10/2025 F Rom 400 A2 105 5 3.63 1232 1st - 0.55 5.25 3/1 23.89
BROADWAY STEEL,06/10/2025,06/10/2025 F Rom 400 A2 107 6 3.70 3442 3rd 1 0.54 4.48 11/4 23.96
BROADWAY STEEL,30/09/2025,30/09/2025 F Rom 400 A2 108 6 3.66 1111 2nd 1½ 0.22 4.16 5/2 23.92
BROADWAY STEEL,22/09/2025,22/09/2025 F Rom 400 A2 107 6 3.83 5553 4th 7½ 0.65 7.0 5/1 24.12
BROADWAY STEEL,13/09/2025,13/09/2025 F Rom 400 A3 106 5 3.67 1111 1st - 0.53 4.6 7/2 23.74
BROADWAY STEEL,06/09/2025,06/09/2025 F Rom 400 A2 107 5 3.74 3444 5th 6 0.42 20.33 12/1 24.07
BROADWAY STEEL,30/08/2025,30/08/2025 F Rom 400 A2 107 5 3.86 5644 4th 7¼ 0.42 8.27 5/1 24.39
BROADWAY STEEL,13/08/2025,"13/08/2025 F Rom 400 T2 5 3.83 2222 2nd 2 0.1 24.41 EarlyPace,Middle 39 day break"
BROADWAY STEEL,05/07/2025,05/07/2025 F Rom 400 A2 104 5 3.81 4333 5th 3¾ 0.45 3.85 11/8 24.09
BROADWAY STEEL,24/06/2025,24/06/2025 F Rom 400 A2 104 5 3.78 3333 2nd 3½ 0.5 3.32 7/4 24.03
BROADWAY STEEL,14/06/2025,14/06/2025 F Rom 400 A2 110 5 3.77 3222 2nd 3¼ 0.46 2.98 7/4 23.93
BROADWAY STEEL,07/06/2025,07/06/2025 F Rom 400 A1 110 5 3.67 1222 2nd 1¼ 0.44 7.4 5/1 23.80
BROADWAY STEEL,31/05/2025,31/05/2025 F Rom 400 A1 106 6 3.92 5666 5th 7 0.43 3.5 2/1 24.25
BROADWAY STEEL,23/05/2025,23/05/2025 F Rom 400 OR 112 6 3.83 4443 3rd 2½ 0.36 7.8 9/2 23.92
BROADWAY STEEL,16/05/2025,16/05/2025 F Rom 400 A1 109 5 3.74 4332 2nd 1¾ 0.42 4.64 5/2 23.98
BROADWAY STEEL,09/05/2025,09/05/2025 F Rom 400 OR 115 6 3.73 2233 3rd 4 0.26 9.71 5/1 23.93
BROADWAY STEEL,03/05/2025,03/05/2025 F Rom 400 A1 114 5 3.59 1111 1st - 0.38 4.56 11/4 23.79
BROADWAY STEEL,24/04/2025,"24/04/2025 F Rom 400 T3 5 3.69 1111 1st - 0.0 24.20 QAway,Middle,AlwaysLed 30 day break"
BROADWAY STEEL,25/03/2025,25/03/2025 F Rom 400 A2 106 6 3.75 1432 1st - 0.44 3.55 7/4 23.97
BROADWAY STEEL,18/03/2025,18/03/2025 F Rom 400 A1 116 5 3.80 4555 5th 4¼ 0.43 26.32 14/1 23.83
BROADWAY STEEL,10/03/2025,10/03/2025 F Rom 400 A2 104 6 3.67 3311 1st - 0.54 6.6 4/1 23.84
BROADWAY STEEL,05/03/2025,05/03/2025 F Rom 400 A2 101 6 3.81 6655 5th 3¼ 0.37 3.6 7/4 24.38
BROADWAY STEEL,27/02/2025,"27/02/2025 F Rom 400 T3 6 3.75 2221 1st - 0.0 24.54 EPace,Wide,Led3"
BROADWAY STEEL,13/02/2025,13/02/2025 F Hov 285 OR 106 5 0.00 6-4- 4th 3¼ 0.41 70.0 33/1 16.22
BROADWAY STEEL,09/02/2025,09/02/2025 F Tow 270 OR2 108 6 0.00 5-5- 4th 4¼ 0.27 9.99 6/1 15.75
BROADWAY STEEL,24/01/2025,24/01/2025 F Rom 400 OR3 108 6 3.70 2554 5th 6¼ 0.36 5.3 10/3 24.12
BROADWAY STEEL,17/01/2025,"17/01/2025 F Rom 400 T2 6 3.79 1222 2nd 2½ 0.0 24.34 QAw,MidToWide,EveryChance"
BROADWAY STEEL,08/01/2025,08/01/2025 F Tow 270 T1 5 0.00 1st - -0.15 15.85 Wide
BROADWAY STEEL,04/01/2025,04/01/2025 F Oxf 450 OR 106 6 0.00 5333 4th 4½ -0.02 7.31 5/1 27.37
BROADWAY STEEL,29/12/2024,29/12/2024 F Tow 270 OR 103 6 0.00 5-4- 3rd 4 0.31 5.29 5/2 15.49
BROADWAY STEEL,22/12/2024,22/12/2024 F Tow 270 OR 106 6 0.00 4-5- 3rd 1½ 0.23 5.12 10/3 15.60
BROADWAY STEEL,14/12/2024,14/12/2024 F Oxf 450 OR 114 6 0.00 2222 2nd 2½ 0.02 23.75 9/1 26.97
BROADWAY STEEL,13/03/2026,"13/03/2026 20:13 F Rom 400 OR1 Broadway Steel Broadway Steel is a bk dog. He  is 3 years old (Jun22). The owner of Broadway Steel is Mr R Hatton,mr R Shorter and his current trainer is M E Wiley (Romf"
CALYPSO BLAZE,06/03/2026,06/03/2026 F Rom 400 A2 112 2 3.67 2111 1st - 0.32 4.59 3/1 24.04
CALYPSO BLAZE,02/03/2026,02/03/2026 F Rom 400 A2 109 2 3.70 3555 5th 9 0.58 3.2 11/8 25.03
CALYPSO BLAZE,25/02/2026,25/02/2026 F Rom 400 A4 98 2 3.69 2111 1st - 0.34 5.62 10/3 23.69
CALYPSO BLAZE,18/02/2026,"18/02/2026 F Rom 400 T3 1 3.86 3111 1st - 0.0 24.71 EPace,RlsToMid,Bmp&Led1"
CALYPSO BLAZE,11/02/2026,"11/02/2026 F Rom 400 T3 1 3.78 2111 1st - 0.1 24.47 EPace,RlsToMid,LedRunUp"
CALYPSO BLAZE,04/02/2026,"04/02/2026 F Rom 225 T2 1 0.00 1-1- 1st - 0.0 13.88 QAway,RlsToMid,AlwaysLed LOAD MORE PERFORMANCES Date"
CALYPSO BLAZE,13/03/2026,13/03/2026 18:53 F Rom 400 OR Calypso Blaze Calypso Blaze is a bk dog. He  is 1 years old (Aug24). The owner of Calypso Blaze is Calypso Club Syndicate and his current trainer is P D Burr (Romford). C
CHARLIE LOVES ME,06/03/2026,06/03/2026 F Rom 400 OR1 (E) 116 2 3.84 5333 2nd ½ 0.32 50.0 33/1
CHARLIE LOVES ME,27/02/2026,27/02/2026 F Rom 400 OR 116 2 3.82 6544 3rd 6½ 0.43 12.5 8/1 23.97
CHARLIE LOVES ME,20/02/2026,20/02/2026 F Rom 400 OR (E) 104 3 3.79 6442 2nd 2¾ 0.26 10.02 7/1
CHARLIE LOVES ME,04/02/2026,04/02/2026 F Yar 462 A1 96 3 5.33 4334 4th 4½ 0.45 2.2 1/1 27.70
CHARLIE LOVES ME,31/01/2026,31/01/2026 F Yar 462 A1 96 3 5.36 4554 3rd 3¼ 0.42 2.47 11/10 27.85
CHARLIE LOVES ME,23/01/2026,23/01/2026 F Rom 575 OR3 116 1 13.72 4443 2nd 1 0.4 3.95 9/4 35.59
CHARLIE LOVES ME,16/01/2026,16/01/2026 F Rom 575 OR3 109 1 13.68 2222 2nd 6 0.47 4.3 2/1 35.45
CHARLIE LOVES ME,11/01/2026,11/01/2026 F Tow 500 OR 121 2 4.22 5444 3rd 3 0.76 4.0 2/1 29.13
CHARLIE LOVES ME,04/01/2026,04/01/2026 F Tow 500 OR 116 3 4.05 2544 4th 10½ 0.48 9.2 6/1 29.26
CHARLIE LOVES ME,26/12/2025,26/12/2025 F Yar 462 A1 (E) 96 2 5.31 4322 1st - 0.34 6/4 27.65
CHARLIE LOVES ME,20/12/2025,20/12/2025 F Yar 462 T1 3 5.28 1st - 0.0 27.88 Middle
CHARLIE LOVES ME,13/12/2025,13/12/2025 F Yar 277 D1 120 3 0.00 6-5- 5th 4½ 0.3 3.4 7/4 16.57
CHARLIE LOVES ME,06/12/2025,06/12/2025 F Yar 277 D1 110 2 0.00 3-1- 1st - -0.01 5.33 5/2 16.14
CHARLIE LOVES ME,29/11/2025,29/11/2025 F Yar 277 OR 97 2 0.00 6-5- 5th 3½ 0.19 3.75 5/2 16.52
CHARLIE LOVES ME,17/11/2025,"17/11/2025 F Yar 277 T1 2 0.00 1st - 0.1 16.72 StbStt,MidTRls"
CHARLIE LOVES ME,10/11/2025,10/11/2025 F Yar 277 T1 2 0.00 1st - 0.1 16.31 MidTRls 233 day break
CHARLIE LOVES ME,22/03/2025,22/03/2025 F Yar 462 OR 106 1 5.32 4244 5th 7 0.28 2.78 5/4 28.45
CHARLIE LOVES ME,16/03/2025,16/03/2025 F Tow 500 OR 113 3 4.24 3333 3rd 2 0.27 2.52 6/5 29.33
CHARLIE LOVES ME,09/03/2025,09/03/2025 F Tow 500 T1 1 4.10 1st - 0.1 29.15 RlsTMid
CHARLIE LOVES ME,01/03/2025,01/03/2025 F Mon 480 OR1 103 3 4.62 6556 6th 10 0.17 4.4 2/1 29.13
CHARLIE LOVES ME,22/02/2025,22/02/2025 F Mon 480 OR 95 3 4.38 1111 1st - 0.33 4.46 9/4 28.02
CHARLIE LOVES ME,15/02/2025,"15/02/2025 F Mon 480 T2 1 4.47 1111 1st - -0.1 28.58 QAw,Rls,ALed"
CHARLIE LOVES ME,08/02/2025,"08/02/2025 F Mon 480 T2 2 4.52 1111 1st - -0.2 28.64 QAway,Rails,AlwaysLed"
CHARLIE LOVES ME,29/01/2025,"29/01/2025 F Yar 462 T3 2 5.39 2111 1st - -0.2 27.84 MidTRls,LdRnUp"
CHARLIE LOVES ME,25/01/2025,"25/01/2025 F Yar 462 T3 3 5.34 2221 1st - 0.0 28.16 Rls-Mid,Ld 3/4"
CHARLIE LOVES ME,20/01/2025,"20/01/2025 F Yar 462 T1 2 5.17 1st - 0.2 28.02 MidTRls,RlsRnIn"
CHARLIE LOVES ME,15/01/2025,"15/01/2025 F Yar 462 T1 3 5.33 1st - -0.1 28.71 Mid,RlsRnIn LOAD MORE PERFORMANCES Date Time"
CHARLIE LOVES ME,13/03/2026,13/03/2026 20:33 F Rom 400 OR1 Charlie Loves Me Charlie Loves Me is a bkw dog. He  is 2 years old (Jul23). The owner of Charlie Loves Me is Mr J Wright and his current trainer is J G Mullins (Towceste
COOLADERRYDANCER,06/03/2026,06/03/2026 F Rom 575 OR3 107 2 13.87 2222 2nd 4¼ 0.46 4.17 11/4 35.75
COOLADERRYDANCER,26/02/2026,26/02/2026 F Rom 575 T1 1 13.79 1st - 0.0 35.79 Rails
COOLADERRYDANCER,20/02/2026,20/02/2026 F She 500 A2 103 1 4.20 1222 2nd ½ 0.73 4.9 5/2 28.68
COOLADERRYDANCER,14/02/2026,"14/02/2026 F She 280 T2 1 0.00 1-1- 1st - 0.05 16.28 Rls,QAw,ALed"
COOLADERRYDANCER,30/01/2026,30/01/2026 F She 500 A2 102 1 4.44 4333 2nd 2½ 0.4 2/1 29.17 74
COOLADERRYDANCER,25/01/2026,25/01/2026 F She 660 IV 97 1 12.88 2222 2nd 1¾ 0.78 1.33 2/7 39.05
COOLADERRYDANCER,18/01/2026,18/01/2026 F She 660 IV 102 2 13.12 4333 3rd 1¼ 0.98 1.37 2/7 39.11
COOLADERRYDANCER,11/01/2026,11/01/2026 F She 500 A2 97 1 4.34 3555 4th 4¾ 0.53 3.55 15/8 28.88
COOLADERRYDANCER,06/01/2026,06/01/2026 F She 500 A2 95 1 4.35 4111 1st - 0.6 1.69 4/9 28.89
COOLADERRYDANCER,30/12/2025,"30/12/2025 F She 500 T3 3 4.30 2333 3rd 1¾ 0.2 29.48 Rls,FcdTCk1"
COOLADERRYDANCER,21/12/2025,21/12/2025 F She 500 OR3 110 3 4.44 6665 5th 3 0.62 7.2 9/2 28.85
COOLADERRYDANCER,14/12/2025,14/12/2025 F She 500 OR3 108 3 4.23 2322 2nd 2½ 0.64 3.8 15/8 28.71
COOLADERRYDANCER,07/12/2025,07/12/2025 F She 480 IV 107 1 3.22 5443 3rd 4¾ 0.61 2.14 4/6 27.49
COOLADERRYDANCER,30/11/2025,30/11/2025 F She 480 IV 107 3 3.06 1212 3rd 5¼ 0.66 3.45 2/1 27.74
COOLADERRYDANCER,23/11/2025,23/11/2025 F She 500 IV 108 2 4.30 4443 3rd 5 0.56 7.6 5/1 28.61
COOLADERRYDANCER,16/11/2025,16/11/2025 F She 500 IV 116 1 0.00 4555 5th 4¾ 0.66 3.65 15/8 29.18
COOLADERRYDANCER,02/11/2025,02/11/2025 F She 500 A2 110 1 4.28 1111 1st - 0.57 2.56 11/8 28.47
COOLADERRYDANCER,25/10/2025,25/10/2025 F She 500 A2 105 1 4.32 2111 1st - 0.48 10/11 28.58 92
COOLADERRYDANCER,19/10/2025,19/10/2025 F She 500 A2 107 1 4.39 3222 1st - 0.68 3.29 7/4 28.74
COOLADERRYDANCER,12/10/2025,12/10/2025 F She 500 T1 1 4.45 1st - 0.2 29.55 Rls
COOLADERRYDANCER,05/10/2025,"05/10/2025 F She 280 T3 1 0.00 2-2- 2nd ¾ -0.05 16.25 Rls,RanOn"
COOLADERRYDANCER,28/09/2025,28/09/2025 F She 280 T1 1 0.00 1st - 0.05 16.16 Rls 41 day break
COOLADERRYDANCER,18/08/2025,18/08/2025 F Not 500 OR1 129 3 5.26 6666 6th dis 0.33 28.0 14/1 30.15
COOLADERRYDANCER,11/08/2025,11/08/2025 F Not 500 OR1 108 1 5.10 1111 1st - 0.1 21.0 12/1 30.00
COOLADERRYDANCER,04/08/2025,04/08/2025 F Not 500 T1 1 5.16 1st - 0.3 30.67 Rls-Mid
COOLADERRYDANCER,31/07/2025,"31/07/2025 F She 500 T3 3 4.25 1111 1st - 0.1 29.26 Rls,EP,Ld1"
COOLADERRYDANCER,22/07/2025,"22/07/2025 F She 500 T3 2 4.25 1111 1st - 0.2 29.58 Rls,QAw,ALed"
COOLADERRYDANCER,08/07/2025,"08/07/2025 F She 280 T2 1 0.00 2-2- 2nd 5½ 0.05 16.49 Rls,ClearRun 26 day break"
COOLADERRYDANCER,12/06/2025,"12/06/2025 F She 280 T2 3 0.00 1-1- 1st - 0.1 16.16 RlsMid,QAw,ALed"
COOLADERRYDANCER,03/06/2025,03/06/2025 F She 280 T1 5 0.00 1st - 0.1 16.52 RlsMid LOAD MORE PERFORMANCES Date Time
COOLADERRYDANCER,13/03/2026,13/03/2026 21:13 F Rom 575 OR3 Cooladerrydancer Cooladerrydancer is a wbd bitch. She  is 2 years old (Dec23). The owner of Cooladerrydancer is Spec Syndicate and her current trainer is R A Draper (She
DA DON,06/03/2026,06/03/2026 F Rom 400 OR1 116 1 3.66 4222 3rd 1 0.32 3.63 2/1 24.02
DA DON,21/02/2026,21/02/2026 F Mon 264 T1 1 0.00 1st - 0.0 15.32 Rails 26 day break
DA DON,26/01/2026,26/01/2026 F Not 305 OR3 109 3 0.00 2-1- 1st - 0.13 2.78 6/5 17.35
DA DON,19/01/2026,19/01/2026 F Not 305 OR3 113 1 0.00 3-1- 1st - 0.12 1.23 1/6 17.47
DA DON,12/01/2026,12/01/2026 F Not 305 OR 119 1 0.00 3-2- 2nd 1¾ 0.04 2.12 1/1 17.62
DA DON,22/12/2025,22/12/2025 F Not 305 OR3 103 1 0.00 2-1- 1st - 0.24 2.28 11/10 17.45
DA DON,12/12/2025,12/12/2025 F Dun 480 OR3 94 4 3.07 4223 5th 4¾ 0.3 2.18 1/1 28.64
DA DON,05/12/2025,05/12/2025 F Dun 480 OR3 88 2 3.07 4111 1st - 0.37 1.6 4/7 28.09
DA DON,01/12/2025,"01/12/2025 F Mon 264 T3 1 0.00 1-1- 1st - 0.0 15.28 QuickAw,Rails,RanOn"
DA DON,26/11/2025,"26/11/2025 F Dun 270 T3 3 0.00 2-1- 1st - -0.05 15.96 EP,MidRls,Ld1"
DA DON,14/11/2025,"14/11/2025 F Mon 480 T2 2 4.51 1111 1st - -0.2 28.64 Rails,ALed LOAD MORE PERFORMANCES Date"
DA DON,13/03/2026,13/03/2026 20:13 F Rom 400 OR1 Da Don Da Don is a bk dog. He  is 2 years old (Nov23). The owner of Da Don is Mr K Faulkner and his current trainer is M J Russell (Monmore). Da Don last ran at Romford 
DROOPYS MAYBE,07/03/2026,07/03/2026 F Rom 575 S3 104 1 13.56 1111 1st - 0.23 1.86 8/13 35.20
DROOPYS MAYBE,27/02/2026,27/02/2026 F Rom 575 OR 122 2 13.93 6556 6th 11 0.62 5.02 11/4 35.92
DROOPYS MAYBE,16/02/2026,16/02/2026 F Rom 575 S2 115 3 13.44 2223 2nd 1¾ 0.71 3.6 15/8 35.28
DROOPYS MAYBE,11/02/2026,11/02/2026 F Rom 575 S2 114 1 13.61 2222 2nd 6¼ 0.61 2.68 6/5 35.39
DROOPYS MAYBE,05/02/2026,05/02/2026 F Hov 500 T1 2 3.63 1st - 0.0 29.99 Railed
DROOPYS MAYBE,20/01/2026,20/01/2026 F Rom 575 S2 110 2 13.57 3221 2nd hd 0.49 1.99 8/13 35.34
DROOPYS MAYBE,16/01/2026,16/01/2026 F Rom 575 OR 122 5 13.48 1113 3rd 3 0.47 8.11 5/1 35.22
DROOPYS MAYBE,09/01/2026,09/01/2026 F Rom 575 OR1 128 2 13.92 1456 5th 6¾ 0.45 29.0 18/1 35.78
DROOPYS MAYBE,02/01/2026,02/01/2026 F Rom 575 OR 130 1 13.54 3333 3rd 8¼ 0.01 48.0 22/1 35.08
DROOPYS MAYBE,27/12/2025,27/12/2025 F Rom 575 OR 127 3 13.46 2226 6th 8¾ 0.52 11.5 7/1 35.57
DROOPYS MAYBE,19/12/2025,19/12/2025 F Rom 575 OR 125 1 13.50 3222 5th 8½ 0.33 14.57 8/1 35.48
DROOPYS MAYBE,09/12/2025,09/12/2025 F Rom 575 S1 115 2 13.72 6644 2nd 4 0.51 2.88 6/4 35.39
DROOPYS MAYBE,28/11/2025,28/11/2025 F Rom 575 OR 128 2 13.99 1555 5th 4½ 0.28 15.0 10/1 35.43
DROOPYS MAYBE,21/11/2025,21/11/2025 F Rom 575 OR3 122 1 13.42 2222 4th 6¼ 0.37 12.0 8/1 35.17
DROOPYS MAYBE,14/11/2025,14/11/2025 F Rom 575 OR 117 1 13.39 2111 2nd ¾ 0.46 3.25 7/4 35.07
DROOPYS MAYBE,07/11/2025,07/11/2025 F Rom 400 A1 111 2 3.89 4554 4th 4 0.23 7.2 4/1 23.98
DROOPYS MAYBE,29/10/2025,29/10/2025 F Rom 400 A1 110 2 3.73 1111 1st - 0.21 4.8 11/4 23.87
DROOPYS MAYBE,24/10/2025,24/10/2025 F Rom 400 OR 120 3 3.68 1233 3rd 1¼ 0.57 14.75 7/1 23.80
DROOPYS MAYBE,18/10/2025,18/10/2025 F Rom 400 A1 109 3 3.75 1111 1st - 0.46 3.9 11/4 23.75
DROOPYS MAYBE,06/10/2025,06/10/2025 F Rom 400 A2 108 3 3.67 1111 1st - 0.68 5.43 10/3 23.82
DROOPYS MAYBE,23/09/2025,23/09/2025 F Rom 400 A3 106 3 3.72 1111 1st - 0.33 5.7 10/3 24.02
DROOPYS MAYBE,17/09/2025,17/09/2025 F Rom 400 A2 109 2 3.80 3322 2nd 4¾ 0.46 7.8 9/2 24.11
DROOPYS MAYBE,12/09/2025,"12/09/2025 F Rom 400 T2 2 3.85 2222 2nd 6¾ 0.1 24.62 EarlyPace,RailsToMiddle"
DROOPYS MAYBE,04/09/2025,04/09/2025 F Rom 225 T1 2 0.00 1st - 0.0 13.80 RailsToMiddle 76 day break
DROOPYS MAYBE,20/06/2025,20/06/2025 F Rom 575 OR1 126 3 13.50 2166 6th 8½ 0.4 50.0 33/1 35.52
DROOPYS MAYBE,12/06/2025,"12/06/2025 F Rom 400 T2 4 3.79 2222 2nd 1 0.0 24.29 EarlyPace,Middle 27 day break"
DROOPYS MAYBE,16/05/2025,16/05/2025 F Rom 575 OR3 123 1 0.00 5666 6th dis 0.36 7.99 5/1 0.00
DROOPYS MAYBE,09/05/2025,09/05/2025 F Rom 575 OR3 126 4 13.66 2222 3rd 6¾ 0.38 41.88 16/1 35.18
DROOPYS MAYBE,02/05/2025,02/05/2025 F Rom 575 OR3 125 1 13.58 3223 3rd 8¼ 0.36 7.42 5/1 35.24
DROOPYS MAYBE,25/04/2025,25/04/2025 F Rom 575 OR 123 2 13.40 1111 2nd 1 0.38 8.5 6/1 35.12
DROOPYS MAYBE,18/04/2025,18/04/2025 F Rom 575 OR3 122 3 13.78 3333 3rd 1¼ 0.26 3.9 11/4 35.23
DROOPYS MAYBE,09/04/2025,09/04/2025 F Rom 575 S1 116 3 13.38 1111 1st - 0.44 2.52 1/1 35.17
DROOPYS MAYBE,26/03/2025,26/03/2025 F Rom 575 S1 124 3 13.59 3211 1st - 0.59 2.61 5/4 35.16
DROOPYS MAYBE,21/03/2025,21/03/2025 F Rom 575 OR 119 3 13.44 3222 2nd 14¾ 0.56 25.18 16/1 35.28
DROOPYS MAYBE,14/03/2025,14/03/2025 F Rom 575 OR 137 3 13.59 1233 3rd 6 0.55 21.84 10/1 35.04
DROOPYS MAYBE,01/03/2025,01/03/2025 F Rom 575 S1 119 1 13.54 3332 1st - 0.64 1.61 4/9 35.08
DROOPYS MAYBE,21/02/2025,21/02/2025 F Rom 750 OR3 119 4 24.10 3334 6th 11 1.02 14.15 8/1 47.36
DROOPYS MAYBE,14/02/2025,14/02/2025 F Rom 750 OR3 118 1 23.92 3111 2nd 6¼ 0.87 3.7 2/1 47.47
DROOPYS MAYBE,07/02/2025,07/02/2025 F Rom 575 OR 127 2 13.51 3222 2nd 2 0.7 9.93 6/1 34.90
DROOPYS MAYBE,31/01/2025,31/01/2025 F Rom 575 OR 123 1 13.61 3333 3rd 3¼ 0.56 15.5 9/1 34.93
DROOPYS MAYBE,24/01/2025,24/01/2025 F Rom 575 OR3 120 1 13.44 2222 5th 4¼ 0.52 8.42 5/1 34.99
DROOPYS MAYBE,17/01/2025,17/01/2025 F Rom 575 OR 119 3 13.47 2111 1st - 0.55 5.82 10/3 35.08
DROOPYS MAYBE,10/01/2025,10/01/2025 F Rom 575 OR1 119 2 13.70 3344 4th 9 0.25 8.59 7/1 35.36
DROOPYS MAYBE,03/01/2025,03/01/2025 F Rom 575 OR 110 3 13.80 2222 2nd 4¼ -0.06 3.19 7/4 35.32
DROOPYS MAYBE,27/12/2024,27/12/2024 F Rom 400 OR 116 4 3.78 6666 6th 9¾ 0.26 11.74 7/1 24.21
DROOPYS MAYBE,20/12/2024,20/12/2024 F Rom 400 OR 115 3 3.67 1112 2nd 3¼ 0.33 7.81 5/1 23.91
DROOPYS MAYBE,14/12/2024,14/12/2024 F Rom 400 A2 111 2 3.69 1221 1st - 0.25 6.3 4/1 23.75
DROOPYS MAYBE,05/12/2024,"05/12/2024 F Rom 400 T1 2 4.10 1st - 0.0 24.64 StumbledStart,MidToRails"
DROOPYS MAYBE,28/11/2024,"28/11/2024 F Rom 400 T3 2 3.78 1122 2nd sh -0.1 25.34 QAw,Bmp1,LedTo2,BmpRnIn 43 day break"
DROOPYS MAYBE,16/10/2024,16/10/2024 F Rom 575 S1 116 2 13.78 4444 4th 2 0.79 3.7 2/1 35.29
DROOPYS MAYBE,13/03/2026,"13/03/2026 19:53 F Rom 575 OR Droopys Maybe Droopys Maybe is a bkw bitch. She  is 3 years old (Oct22). The owner of Droopys Maybe is Mrs J M Hardy,mr P W Young and her current trainer is P W Young (Ro"
DROOPYS RHONA,07/03/2026,07/03/2026 F Rom 400 A5 88 5 3.81 5555 2nd 5¼ 0.16 6.97 9/2 24.26
DROOPYS RHONA,28/02/2026,28/02/2026 F Rom 400 A5 95 5 3.85 4555 4th 5¾ 0.27 8.89 5/1 24.27
DROOPYS RHONA,23/02/2026,23/02/2026 F Rom 400 A5 104 5 3.86 5555 3rd 7¾ 0.44 7.38 9/2 24.57
DROOPYS RHONA,03/02/2026,03/02/2026 F Rom 400 A5 101 4 3.87 6554 4th 3½ 0.37 7.4 9/2 24.22
DROOPYS RHONA,13/01/2026,13/01/2026 F Rom 400 A6 88 4 3.92 3222 1st - 0.31 4.16 11/4 24.36
DROOPYS RHONA,03/01/2026,03/01/2026 F Rom 400 A6 93 4 3.91 4432 6th 12½ 0.06 7.4 5/1 25.41
DROOPYS RHONA,23/12/2025,23/12/2025 F Rom 400 A7 88 4 3.85 1222 1st - 0.33 7.8 5/1 24.10
DROOPYS RHONA,13/12/2025,13/12/2025 F Rom 400 A7 81 4 3.96 5645 5th 4¾ 0.3 11.0 6/1 24.71
DROOPYS RHONA,03/12/2025,"03/12/2025 F Rom 400 T3 5 3.99 3333 2nd 8½ 0.0 24.73 QAway,Middle,Bumped1"
DROOPYS RHONA,27/11/2025,"27/11/2025 F Rom 400 T3 4 4.04 3222 2nd 2¼ 0.0 24.61 EP,Mid,FcdTCk1,RnOn"
DROOPYS RHONA,20/11/2025,20/11/2025 F Rom 225 T1 4 0.00 1st - 0.0 14.08 Middle LOAD MORE PERFORMANCES Date Time
DROOPYS RHONA,13/03/2026,"13/03/2026 18:33 F Rom 400 A5 Droopys Rhona Droopys Rhona is a bk bitch. She  is 1 years old (Aug24). The owner of Droopys Rhona is Mr C Baroni,mr G L Curtis,mrs J M Hardy,miss Y E Smith and her curre"
DROOPYS WILL,06/03/2026,06/03/2026 F Rom 400 OR1 117 3 3.71 4432 2nd 7¼ 0.32 10.23 7/1 23.75
DROOPYS WILL,28/02/2026,28/02/2026 F Cen 277 OR3 114 1 0.00 5-2- 2nd 1½ -0.04 3.48 13/8 16.16
DROOPYS WILL,21/02/2026,21/02/2026 F Cen 277 OR3 (E) 110 1 0.00 4-1- 1st - 0.0 4/6 16.19
DROOPYS WILL,13/02/2026,13/02/2026 F Rom 400 OR3 114 2 3.76 4444 4th 4½ 0.4 6.4 4/1 23.84
DROOPYS WILL,06/02/2026,06/02/2026 F Rom 400 OR3 119 1 3.79 4444 3rd 1½ 0.28 6.51 4/1 23.75
DROOPYS WILL,30/01/2026,30/01/2026 F Rom 400 OR3 117 1 3.75 5342 1st - 0.38 4.19 5/2 23.92
DROOPYS WILL,23/01/2026,23/01/2026 F Rom 400 OR 110 1 3.75 4322 2nd 1¾ 0.28 5.6 4/1 23.67
DROOPYS WILL,15/01/2026,15/01/2026 F Mon 480 OR3 109 2 4.33 1111 3rd 1¼ 0.59 8.0 5/1 28.37
DROOPYS WILL,28/12/2025,28/12/2025 F Oxf 450 OR 112 2 0.00 4111 1st - 0.14 4.6 3/1 26.74
DROOPYS WILL,21/12/2025,21/12/2025 F Oxf 450 OR 107 2 0.00 4211 1st - -0.01 3.87 5/2 27.24
DROOPYS WILL,15/12/2025,15/12/2025 F Not 305 OR2 119 1 0.00 6-6- 5th 2¾ 0.18 56.22 22/1 17.78
DROOPYS WILL,08/12/2025,08/12/2025 F Not 305 OR2 116 2 0.00 6-5- 4th 5¼ 0.06 16.0 8/1 17.80
DROOPYS WILL,24/11/2025,"24/11/2025 F Not 305 T2 1 0.00 1-2- 2nd ½ 0.1 17.82 DispLdTh'out,Rls-Mid"
DROOPYS WILL,14/11/2025,14/11/2025 F Rom 400 OR 114 2 3.83 5555 5th 10¼ 0.32 8.03 7/2 24.35
DROOPYS WILL,09/11/2025,"09/11/2025 F Oxf 253 T2 2 0.00 2-2- 2nd sh 0.0 15.15 Rls,FinWll,ChlNrLn 23 day break"
DROOPYS WILL,17/10/2025,17/10/2025 F Dun 270 OR2 119 1 0.00 5-4- 3rd 7¾ 0.38 12.0 8/1 15.92
DROOPYS WILL,10/10/2025,10/10/2025 F Dun 270 OR2 121 2 0.00 5-3- 3rd 3¼ 0.52 9.34 6/1 15.35
DROOPYS WILL,03/10/2025,"03/10/2025 F Dun 270 T2 1 0.00 1-1- 1st - -0.05 15.77 EP,RlsMid,ALed 22 day break"
DROOPYS WILL,11/09/2025,11/09/2025 F Hov 285 OR3 113 2 0.00 5-3- 2nd 2¼ 0.4 10.25 13/2 16.07
DROOPYS WILL,04/09/2025,04/09/2025 F Hov 285 OR3 118 2 0.00 4-2- 2nd 1 0.36 17.5 9/1 15.96
DROOPYS WILL,29/08/2025,29/08/2025 F Rom 400 OR 107 4 3.82 5443 3rd 3¼ 0.38 9.56 11/2 24.11
DROOPYS WILL,23/08/2025,23/08/2025 F Mon 480 OR 111 4 4.45 4333 4th 4 0.27 6.36 3/1 28.66
DROOPYS WILL,15/08/2025,15/08/2025 F Rom 400 OR 103 3 3.88 4322 2nd 1¾ 0.26 2.46 1/1 23.86
DROOPYS WILL,08/08/2025,08/08/2025 F Rom 400 OR 98 1 3.87 5332 2nd 1¼ 0.25 2.49 10/11 24.02
DROOPYS WILL,01/08/2025,"01/08/2025 F Rom 400 T2 2 3.89 2222 2nd ¾ 0.0 24.11 Rails,RanOn"
DROOPYS WILL,26/07/2025,26/07/2025 F Hov 285 OR2 110 2 0.00 5-5- 3rd 1¾ 0.5 26.61 12/1 15.84
DROOPYS WILL,19/07/2025,19/07/2025 F Mon 480 OR 112 3 4.37 3222 5th 5½ 0.48 5.67 3/1 28.60
DROOPYS WILL,05/07/2025,"05/07/2025 F Oxf 450 T3 1 4.09 2111 1st - -0.2 27.08 Rls,Led1"
DROOPYS WILL,28/06/2025,28/06/2025 F Cen 277 OR3 115 3 0.00 5-3- 2nd 1½ 0.18 3.85 2/1 16.36
DROOPYS WILL,21/06/2025,21/06/2025 F Cen 277 OR 107 2 0.00 4-1- 1st - 0.16 2.32 11/10 16.28
DROOPYS WILL,14/06/2025,14/06/2025 F Cen 277 T1 1 0.00 1st - -0.1 16.46 Railed
DROOPYS WILL,31/05/2025,"31/05/2025 F Cen 277 T2 2 0.00 2-1- 1st - 0.0 16.28 Rls,SnLd"
DROOPYS WILL,22/05/2025,22/05/2025 F Hov 285 T1 3 0.00 1st - 0.05 16.53 Railed
DROOPYS WILL,10/05/2025,10/05/2025 F Mon 264 T1 3 0.00 1st - 0.0 15.36 Rails 224 day break
DROOPYS WILL,28/09/2024,28/09/2024 F Oxf 450 OR 101 4 4.06 5566 6th dis -0.05 3.13 7/4 0.00
DROOPYS WILL,21/09/2024,"21/09/2024 F Oxf 450 T3 1 3.97 1111 1st - -0.4 26.85 RlsTMid,QAw,ALed"
DROOPYS WILL,15/09/2024,"15/09/2024 F Tow 270 T3 2 0.00 1-1- 1st - 0.0 15.70 MidTRls,ALed"
DROOPYS WILL,08/09/2024,08/09/2024 F Tow 270 T1 2 0.00 1st - 0.0 15.72 Rls
DROOPYS WILL,01/09/2024,01/09/2024 F Tow 270 T1 3 0.00 1st - -0.1 15.76 Rls LOAD MORE PERFORMANCES Date Time
DROOPYS WILL,13/03/2026,13/03/2026 20:13 F Rom 400 OR1 Droopys Will Droopys Will is a bkw dog. He  is 2 years old (Apr23). The owner of Droopys Will is Jr Racing Syndicate and his current trainer is M L Locke (Romford). Droo
ESSJAY SONIA,06/03/2026,06/03/2026 F Rom 575 OR3 100 6 13.83 2233 2nd 7¾ 0.46 4.7 3/1 35.59
ESSJAY SONIA,26/02/2026,26/02/2026 F Tow 500 A3 106 6 4.16 3544 4th ¾ 0.55 14.0 11/1 29.08
ESSJAY SONIA,15/02/2026,15/02/2026 F Tow 712 S2 97 6 16.29 6433 3rd 5¼ 0.7 5.7 11/4 43.19
ESSJAY SONIA,08/02/2026,08/02/2026 F Tow 712 OR 103 6 16.26 5332 2nd 1¾ 0.34 7.14 5/1 43.41
ESSJAY SONIA,01/02/2026,01/02/2026 F Tow 712 S1 104 5 16.02 2111 2nd 1½ 0.54 4.9 7/2 43.37
ESSJAY SONIA,25/01/2026,25/01/2026 F Tow 712 S1 100 6 16.31 2222 5th 3¼ 0.9 10.5 7/1 43.52
ESSJAY SONIA,15/01/2026,15/01/2026 F Tow 500 A3 105 6 4.13 1333 3rd 1¼ 0.83 4.29 9/4 29.37
ESSJAY SONIA,08/01/2026,08/01/2026 F Tow 500 A3 108 5 4.22 3211 2nd 2¼ 0.72 2.24 1/1 29.37
ESSJAY SONIA,02/01/2026,02/01/2026 F Tow 500 A3 104 5 4.27 4222 2nd 1¼ 0.64 2.42 11/8 29.19
ESSJAY SONIA,27/12/2025,27/12/2025 F Tow 500 A3 100 6 4.26 4544 3rd 2½ 0.55 4.7 3/1 29.55
ESSJAY SONIA,20/12/2025,20/12/2025 F Tow 500 A4 91 6 0.00 5321 1st - 0.48 2.49 11/8 29.35
ESSJAY SONIA,11/12/2025,11/12/2025 F Tow 500 A4 115 6 4.22 5554 5th 2 0.36 3.0 7/4 29.47
ESSJAY SONIA,05/12/2025,05/12/2025 F Tow 500 A4 100 6 4.28 6553 2nd ¾ 0.5 5.14 3/1 29.42
ESSJAY SONIA,30/11/2025,"30/11/2025 F Tow 500 T3 6 4.26 2222 2nd 3 -0.2 29.85 Wide,EvCh"
ESSJAY SONIA,24/11/2025,"24/11/2025 F Tow 500 T3 6 4.29 3333 3rd 5¾ 0.0 30.11 Wide,EvCh 31 day break"
ESSJAY SONIA,24/10/2025,24/10/2025 F Dun 270 T3 3 0.00 2-2- 3rd 2 0.0 16.60 CkWide&Crd2 23 day break
ESSJAY SONIA,01/10/2025,01/10/2025 F Tow 270 T1 3 0.00 1st - -0.1 16.39 Mid LOAD MORE PERFORMANCES Date Time
ESSJAY SONIA,13/03/2026,"13/03/2026 21:13 F Rom 575 OR3 Essjay Sonia Essjay Sonia is a be bitch. She  is 1 years old (May24). The owner of Essjay Sonia is Mr J M Bowers,mr S J Edwards and her current trainer is F J Gray (Towc"
FLASHING FENDER,06/03/2026,06/03/2026 F Rom 400 OR1 121 4 3.58 1111 1st - 0.32 4.0 9/4 23.45
FLASHING FENDER,01/03/2026,01/03/2026 F She 480 IV 120 5 3.09 5443 4th 2 0.55 1.63 1/2 27.67
FLASHING FENDER,21/02/2026,21/02/2026 F Mon 480 OR 122 5 4.21 1111 1st - 0.22 5.99 4/1 27.81
FLASHING FENDER,14/02/2026,14/02/2026 F Yar 462 OR 124 3 5.14 2111 2nd ¾ 0.52 1.47 1/5 27.18
FLASHING FENDER,02/02/2026,02/02/2026 F Mon 480 T1 3 4.39 1st - -0.2 28.69 MiddleToRails
FLASHING FENDER,25/01/2026,25/01/2026 F She 480 IV 120 4 2.99 1111 1st - 0.57 2.42 10/11 26.99
FLASHING FENDER,17/01/2026,17/01/2026 F Yar 462 OR 121 3 5.20 1111 1st - 0.46 1.53 1/3 27.24
FLASHING FENDER,10/01/2026,10/01/2026 F Yar 462 A1 121 4 5.09 1111 1st - 0.3 3.2 6/4 27.11
FLASHING FENDER,26/12/2025,26/12/2025 F Yar 462 A1 118 5 5.19 3332 2nd 1¾ 0.34 6/4 27.39 111
FLASHING FENDER,20/12/2025,20/12/2025 F Yar 462 A1 106 5 5.15 2111 1st - 0.35 1.63 1/2 27.17
FLASHING FENDER,13/12/2025,13/12/2025 F Yar 462 A1 103 4 5.10 2211 1st - 0.51 1.81 4/7 27.16
FLASHING FENDER,08/12/2025,08/12/2025 F Yar 462 A1 116 4 5.19 2111 2nd sh 0.2 2.4 5/4 27.34
FLASHING FENDER,01/12/2025,01/12/2025 F Yar 462 A1 110 3 5.14 1423 4th 3 0.47 2.32 1/1 27.42
FLASHING FENDER,24/11/2025,24/11/2025 F Yar 462 A1 117 2 5.16 2111 2nd ¾ 0.49 3.74 9/4 27.36
FLASHING FENDER,19/11/2025,19/11/2025 F Yar 462 A1 108 3 5.12 1111 1st - 0.76 2.18 10/11 27.14
FLASHING FENDER,12/11/2025,12/11/2025 F Yar 462 A1 94 3 5.18 2111 1st - 0.15 4/5 27.47 112
FLASHING FENDER,08/11/2025,08/11/2025 F Yar 462 T1 3 5.28 1st - 0.1 27.93 Rls-Mid
FLASHING FENDER,02/11/2025,"02/11/2025 F Yar 277 T2 4 0.00 1-1- 1st - 0.1 16.37 MidTRls,Crd1,ALd"
FLASHING FENDER,26/10/2025,26/10/2025 F Yar 277 T1 3 0.00 1st - 0.0 16.44 MidTRls 67 day break
FLASHING FENDER,20/08/2025,20/08/2025 F Yar 462 A1 108 3 5.23 2133 3rd 6 0.34 2.69 6/4 27.77
FLASHING FENDER,10/08/2025,"10/08/2025 F Yar 462 T3 4 5.24 1111 1st - 0.1 28.00 Mid,ALd"
FLASHING FENDER,02/08/2025,02/08/2025 F Hov 500 OR 130 5 3.61 3555 5th 9¾ 0.59 18.0 11/1 29.21
FLASHING FENDER,26/07/2025,26/07/2025 F Yar 462 OR 104 4 5.28 3444 4th 4½ 0.47 2.88 7/4 27.89
FLASHING FENDER,07/07/2025,07/07/2025 F Yar 462 T1 3 5.47 1st - 0.0 28.04 Middle
FLASHING FENDER,23/06/2025,"23/06/2025 F Yar 462 T1 3 5.18 1st - 0.3 28.51 Mid,VW2"
FLASHING FENDER,15/06/2025,15/06/2025 F Tow 500 OR 114 4 4.04 1111 1st - 0.28 1.93 8/11 28.97
FLASHING FENDER,07/06/2025,07/06/2025 F Tow 500 OR2 116 6 4.19 3345 6th 10½ 0.33 3.65 9/4 29.58
FLASHING FENDER,31/05/2025,31/05/2025 F Tow 500 OR2 110 5 4.09 1111 1st - 0.06 2.68 11/8 29.02
FLASHING FENDER,24/05/2025,24/05/2025 F Tow 500 OR1 130 4 4.12 5355 5th 7¾ 0.22 12.24 10/1 29.41
FLASHING FENDER,16/05/2025,16/05/2025 F Tow 500 OR1 115 5 4.09 2333 3rd 3¾ 0.2 22.0 18/1 29.22
FLASHING FENDER,09/05/2025,09/05/2025 F Tow 500 OR1 130 4 4.11 1222 3rd 3¼ 0.13 47.0 28/1 29.16
FLASHING FENDER,01/05/2025,"01/05/2025 F Tow 500 T3 5 4.05 1111 1st - 0.0 29.26 Mid,QAw,ALed"
FLASHING FENDER,24/04/2025,"24/04/2025 F Tow 270 T3 3 0.00 1-1- 1st - -0.2 15.88 MidTRls,ALed"
FLASHING FENDER,15/04/2025,15/04/2025 F Tow 270 T1 4 0.00 1st - 0.0 15.98 Mid LOAD MORE PERFORMANCES Date Time
FLASHING FENDER,13/03/2026,"13/03/2026 20:13 F Rom 400 OR1 Flashing Fender Flashing Fender is a bk dog. He  is 2 years old (Aug23). The owner of Flashing Fender is Mr A Wright,mrs A Wright and his current trainer is C R Morris ("
FUNKY ADZ,06/03/2026,06/03/2026 F Rom 400 OR1 120 3 3.65 3111 2nd sh 0.32 9.19 7/1 23.83
FUNKY ADZ,27/02/2026,27/02/2026 F Rom 400 OR 116 3 3.77 5333 3rd 4 0.15 5.73 7/2 24.02
FUNKY ADZ,20/02/2026,20/02/2026 F Rom 400 OR 112 5 3.64 2111 1st - 0.26 6.94 4/1 23.72
FUNKY ADZ,13/02/2026,13/02/2026 F Rom 400 OR3 114 4 3.81 6555 6th 9¾ 0.4 8.2 6/1 24.26
FUNKY ADZ,06/02/2026,06/02/2026 F Rom 400 OR 108 4 3.60 1111 1st - 0.28 3.47 2/1 23.80
FUNKY ADZ,30/01/2026,30/01/2026 F Rom 400 OR 111 5 3.75 4322 3rd 2¾ 0.12 2.38 11/10 24.22
FUNKY ADZ,23/01/2026,23/01/2026 F Rom 400 OR2 106 4 3.66 1111 2nd 3¼ 0.28 5.99 4/1 23.82
FUNKY ADZ,16/01/2026,16/01/2026 F Rom 400 OR2 108 4 3.66 2111 1st - 0.51 13.57 9/1 23.68
FUNKY ADZ,09/01/2026,09/01/2026 F Rom 400 OR2 108 5 3.77 3111 2nd 2½ 0.46 12.23 8/1 24.19
FUNKY ADZ,31/12/2025,31/12/2025 F Rom 225 T1 4 0.00 1st - 0.05 13.57 MiddleToWide
FUNKY ADZ,18/12/2025,"18/12/2025 F Rom 225 T2 4 0.00 1-1- 1st - 0.05 13.61 QuickAway,Middle,ALed 29 day break"
FUNKY ADZ,19/11/2025,19/11/2025 F Rom 400 A1 100 5 3.77 2223 4th 2¼ 0.26 3.49 9/4 24.21
FUNKY ADZ,14/11/2025,14/11/2025 F Rom 400 OR 89 6 3.73 2222 2nd 3½ 0.32 4.3 10/3 23.84
FUNKY ADZ,07/11/2025,07/11/2025 F Rom 400 OR 108 6 3.79 4443 4th 7 0.23 7.6 5/1 24.40
FUNKY ADZ,31/10/2025,31/10/2025 F Rom 400 OR 108 5 3.82 3332 3rd 4¼ 0.23 7.36 5/1 24.10
FUNKY ADZ,24/10/2025,24/10/2025 F Rom 400 OR 101 3 3.78 5344 6th 10½ 0.57 4.1 11/4 24.54
FUNKY ADZ,17/10/2025,17/10/2025 F Rom 400 OR 93 5 3.80 3333 3rd 7¾ 0.3 4.9 10/3 24.10
FUNKY ADZ,09/10/2025,09/10/2025 F Hov 285 OR 93 5 0.00 3-2- 2nd 1¾ 0.32 4.35 5/2 16.34
FUNKY ADZ,02/10/2025,02/10/2025 F Hov 285 OR 83 5 0.00 1-1- 2nd 1 0.42 11.31 6/1 16.15
FUNKY ADZ,26/09/2025,26/09/2025 F Rom 400 OR (E) 94 4 3.83 4222 2nd hd 0.35 2.18 6/5
FUNKY ADZ,19/09/2025,19/09/2025 F Rom 400 OR 90 6 3.76 3553 5th 9 0.35 10.69 8/1 24.65
FUNKY ADZ,11/09/2025,11/09/2025 F Rom 400 T1 4 3.89 1st - -0.1 24.46 Middle
FUNKY ADZ,04/09/2025,04/09/2025 F Rom 225 T1 4 0.00 1st - 0.0 13.67 Middle 28 day break
FUNKY ADZ,07/08/2025,"07/08/2025 F Rom 400 T3 4 3.88 2111 2nd 1½ 0.0 24.52 EP,Middle,Led1ToRunIn"
FUNKY ADZ,31/07/2025,"31/07/2025 F Rom 400 T3 6 3.82 2222 3rd 3¾ 0.0 24.60 EP,MidToWide,BmpRnUp& 1/4"
FUNKY ADZ,17/07/2025,"17/07/2025 F Rom 400 T2 5 3.84 1111 1st - 0.0 24.24 QAway,Middle,AlwaysLed LOAD MORE PERFORMANCES Date"
FUNKY ADZ,13/03/2026,13/03/2026 20:53 F Rom 400 OR1 Funky Adz Funky Adz is a bebd dog. He  is 2 years old (Jul23). The owner of Funky Adz is Funky Monk Essex Syndicate and his current trainer is P W Young (Romford). Funky
GETAWAY CAR,09/03/2026,09/03/2026 F Yar 462 A2 88 1 5.68 6666 6th 5 0.24 3.86 9/4 28.27
GETAWAY CAR,01/03/2026,01/03/2026 F Yar 659 S1 125 1 16.51 3444 2nd sh 0.63 9.09 7/1 40.69
GETAWAY CAR,25/02/2026,25/02/2026 F Yar 462 A2 89 2 5.39 3555 4th 6 0.51 5.91 4/1 27.98
GETAWAY CAR,21/02/2026,21/02/2026 F Yar 659 OR 119 1 16.60 6555 5th 6 0.36 13.48 8/1 40.58
GETAWAY CAR,11/02/2026,11/02/2026 F Yar 462 A2 90 2 5.45 6544 2nd ½ 0.21 7.85 9/2 27.85
GETAWAY CAR,18/01/2026,18/01/2026 F Yar 843 IV 120 1 27.99 5331 3rd 6 0.62 1.91 5/6 53.71
GETAWAY CAR,11/01/2026,11/01/2026 F Yar 659 S1 120 1 16.75 3544 1st - 1.36 3.84 15/8 40.94
GETAWAY CAR,26/12/2025,26/12/2025 F Yar 843 IV 121 1 28.00 5333 3rd 4½ 0.62 1/1 53.50 80
GETAWAY CAR,20/12/2025,20/12/2025 F Yar 659 T1 3 16.85 1st - 0.0 41.36 Rls
GETAWAY CAR,14/12/2025,14/12/2025 F Yar 462 A3 (E) 89 2 5.33 6442 1st - 0.47 7.14 4/1
GETAWAY CAR,07/12/2025,07/12/2025 F Yar 462 T3 3 5.52 3332 2nd 7 0.2 28.32 Rls
GETAWAY CAR,01/12/2025,01/12/2025 F Yar 277 T1 3 0.00 1st - 0.0 16.69 Rls 65 day break
GETAWAY CAR,27/09/2025,27/09/2025 F Yar 659 OR 128 2 16.85 5444 3rd 2 0.24 12.01 9/1 40.51
GETAWAY CAR,22/09/2025,22/09/2025 F Not 905 OR3 127 3 28.98 4544 1st - 0.2 5.3 11/4 56.94
GETAWAY CAR,17/09/2025,17/09/2025 F Yar 659 OR 107 1 16.77 2252 2nd 4¼ 0.75 1.89 8/11 40.63
GETAWAY CAR,10/09/2025,10/09/2025 F Yar 659 OR3 (E) 122 2 16.63 4443 3rd 1¼ 0.22 8.5 9/2
GETAWAY CAR,03/09/2025,03/09/2025 F Yar 659 T1 4 16.60 1st - 0.3 41.22 Rls-Mid
GETAWAY CAR,27/08/2025,27/08/2025 F Yar 659 S1 106 2 17.64 3666 6th 8 0.3 4.6 5/2 41.17
GETAWAY CAR,23/08/2025,23/08/2025 F Yar 659 OR 111 2 17.21 4333 3rd 7 -0.07 2.8 13/8 41.33
GETAWAY CAR,16/08/2025,16/08/2025 F Yar 659 OR 100 2 17.00 4433 2nd 2¾ 0.22 8/15 41.05 63
GETAWAY CAR,10/08/2025,10/08/2025 F Yar 462 T3 1 5.38 2222 2nd 2 0.1 28.16 Rls-Mid
GETAWAY CAR,03/08/2025,"03/08/2025 F Yar 462 T3 1 5.42 3333 2nd 1 0.2 28.37 Rls-Mid,W2,Crd3,RnOn"
GETAWAY CAR,27/07/2025,27/07/2025 F Yar 462 T1 3 5.48 1st - 0.1 28.75 Rls-Mid LOAD MORE PERFORMANCES Date Time
GETAWAY CAR,13/03/2026,13/03/2026 22:13 F Rom 750 OR Getaway Car Getaway Car is a be dog. He  is 2 years old (Oct23). The owner of Getaway Car is The Getaway Cars Boys and his current trainer is C R Morris (Yarmouth). Getaw
GOULANE VEGAS,09/03/2026,09/03/2026 F Rom 400 A5 95 1 0.00 2111 2nd ½ 0.46 7.8 5/1 24.02
GOULANE VEGAS,04/03/2026,04/03/2026 F Rom 400 A5 98 1 3.81 3222 5th 10¼ 0.45 4.28 5/2 24.66
GOULANE VEGAS,21/02/2026,21/02/2026 F Rom 400 A5 96 1 3.79 3113 3rd 6½ 0.26 6.8 7/2 24.70
GOULANE VEGAS,09/02/2026,09/02/2026 F Rom 400 A5 90 1 3.79 3222 5th 5¾ 0.52 3.35 2/1 24.30
GOULANE VEGAS,04/02/2026,04/02/2026 F Rom 400 A6 89 1 3.77 4111 1st - 0.49 3.23 7/4 24.11
GOULANE VEGAS,26/01/2026,26/01/2026 F Rom 400 A5 94 1 3.72 2222 4th 5¾ 0.45 5.44 7/2 24.27
GOULANE VEGAS,17/01/2026,17/01/2026 F Rom 400 A5 95 1 3.82 3443 6th 11 0.35 3.15 15/8 24.77
GOULANE VEGAS,12/01/2026,12/01/2026 F Rom 400 A5 91 1 3.77 5112 4th 3½ 0.59 2.64 5/4 24.60
GOULANE VEGAS,07/01/2026,07/01/2026 F Rom 400 A5 96 1 3.70 1111 2nd ¾ 0.36 3.4 2/1 23.96
GOULANE VEGAS,03/01/2026,03/01/2026 F Rom 400 A6 93 1 3.84 2211 1st - 0.06 2.5 5/4 24.52
GOULANE VEGAS,27/12/2025,27/12/2025 F Rom 400 A6 85 1 3.71 2111 3rd 1¼ 0.36 3.01 7/4 24.05
GOULANE VEGAS,20/12/2025,20/12/2025 F Rom 400 A6 97 1 3.83 4222 3rd 8 0.24 2.61 11/10 24.47
GOULANE VEGAS,15/12/2025,15/12/2025 F Rom 400 A6 94 1 3.79 1111 2nd ¾ 0.34 4.6 5/2 24.13
GOULANE VEGAS,08/12/2025,08/12/2025 F Rom 400 A7 93 1 3.71 2111 1st - 0.34 3.4 15/8 24.17
GOULANE VEGAS,02/12/2025,02/12/2025 F Rom 400 A7 88 1 3.74 3211 4th 1 0.34 3.05 11/10 24.36
GOULANE VEGAS,26/11/2025,26/11/2025 F Rom 400 A6 90 1 3.72 1111 2nd sh 0.34 7.6 5/1 24.20
GOULANE VEGAS,19/11/2025,19/11/2025 F Rom 400 IT 100 1 3.88 3366 6th 15 0.26 8.71 5/1 25.42
GOULANE VEGAS,13/11/2025,"13/11/2025 F Rom 400 T3 1 3.85 2111 2nd ¾ 0.0 24.87 EPace,Rails,Led1ToRnIn 27 day break"
GOULANE VEGAS,17/10/2025,17/10/2025 F Rom 400 A7 91 3 3.74 2111 1st - 0.54 3.35 2/1 24.13
GOULANE VEGAS,11/10/2025,11/10/2025 F Rom 400 A7 82 2 3.79 2111 1st - 0.49 2.98 13/8 24.10
GOULANE VEGAS,04/10/2025,04/10/2025 F Rom 400 A8 84 1 3.73 1111 1st - 0.58 3.12 7/4 24.05
GOULANE VEGAS,24/09/2025,24/09/2025 F Rom 400 A9 78 1 3.79 1111 1st - 0.5 4.87 3/1 24.22
GOULANE VEGAS,17/09/2025,17/09/2025 F Rom 400 A10 77 1 3.83 1111 1st - 0.46 5.83 7/2 24.48
GOULANE VEGAS,13/09/2025,13/09/2025 F Rom 400 A9 (E) 74 1 3.82 2222 4th 8½ 0.53 12.34 9/1
GOULANE VEGAS,06/09/2025,06/09/2025 F Rom 400 A9 65 1 3.89 3222 5th 8½ 0.42 7.58 9/2 24.95
GOULANE VEGAS,28/08/2025,"28/08/2025 F Rom 400 T3 1 3.88 2222 3rd 10¾ 0.0 25.28 EarlyPace,Rails"
GOULANE VEGAS,21/08/2025,"21/08/2025 F Rom 400 T3 2 3.85 2111 1st - 0.0 25.01 EarlyPace,Rails,LedRunUp"
GOULANE VEGAS,14/08/2025,"14/08/2025 F Rom 400 T1 3 3.96 1st - 0.0 25.31 Rails,HitRails1 LOAD MORE PERFORMANCES Date Time"
GOULANE VEGAS,13/03/2026,13/03/2026 18:33 F Rom 400 A5 Goulane Vegas Goulane Vegas is a ltbd bitch. She  is 2 years old (Jan24). The owner of Goulane Vegas is Belle Vue Magic Circle and her current trainer is D Mullins (Romfo
HEADFORD WAYNE,06/03/2026,06/03/2026 F Rom 400 OR 85 2 3.72 3222 3rd 5 0.32 6.2 5/1 24.15
HEADFORD WAYNE,26/02/2026,26/02/2026 F Rom 400 T1 2 3.80 1st - 0.0 24.45 Rails
HEADFORD WAYNE,21/02/2026,"21/02/2026 F Mon 480 T3 3 4.60 3222 3rd 10 0.0 29.35 MissedBreak,Rails"
HEADFORD WAYNE,15/02/2026,"15/02/2026 F Tow 270 T2 2 0.00 1-1- 1st - -0.1 15.91 RlsToMid,EP,SnLd"
HEADFORD WAYNE,05/02/2026,"05/02/2026 F Hov 285 T3 1 0.00 2-2- 2nd 3 0.0 16.79 RlsToMiddle,ClearRun"
HEADFORD WAYNE,27/01/2026,"27/01/2026 F Mon 264 T2 2 0.00 1-1- 1st - 0.0 15.60 QAw,Rls,ALed 59 day break"
HEADFORD WAYNE,29/11/2025,"29/11/2025 F Cen 277 T2 2 0.00 2-2- 2nd 4½ -0.2 16.66 RlsToMid,CheckedRnIn"
HEADFORD WAYNE,22/11/2025,"22/11/2025 F Mon 480 T3 3 4.43 1111 3rd 1½ -0.2 29.02 QAw,MidTRls,LedTNrLn"
HEADFORD WAYNE,15/11/2025,15/11/2025 F Mon 264 T1 3 0.00 1st - 0.05 15.56 Middle
HEADFORD WAYNE,29/10/2025,29/10/2025 F Hov 285 T1 2 0.00 1st - 0.0 16.74 Railed
HEADFORD WAYNE,12/10/2025,12/10/2025 F Hov 285 T1 4 0.00 1st - 0.05 16.91 RailsToMiddle LOAD MORE PERFORMANCES Date Time
HEADFORD WAYNE,13/03/2026,13/03/2026 18:53 F Rom 400 OR Headford Wayne Headford Wayne is a bk dog. He  is 1 years old (May24). The owner of Headford Wayne is Jr Racing Syndicate and his current trainer is M L Locke (Romford). 
JACKTAVERN DON,06/03/2026,06/03/2026 F Rom 400 OR1 111 4 3.72 4322 3rd 1 0.32 3.4 2/1 24.05
JACKTAVERN DON,28/02/2026,28/02/2026 F Oxf 253 T1 4 0.00 1st - -0.15 14.88 Mid 22 day break
JACKTAVERN DON,06/02/2026,06/02/2026 F Rom 400 OR3 119 4 3.80 5566 6th 5½ 0.28 13.35 10/1 24.09
JACKTAVERN DON,30/01/2026,30/01/2026 F Rom 400 OR3 118 4 3.74 4222 2nd 3 0.38 4.69 5/2 23.74
JACKTAVERN DON,22/01/2026,22/01/2026 F Mon 480 OR3 121 4 4.33 2244 4th 5¾ 0.45 9.94 6/1 28.19
JACKTAVERN DON,15/01/2026,15/01/2026 F Mon 480 OR3 109 6 4.29 2222 1st - 0.59 6.0 4/1 28.24
JACKTAVERN DON,02/01/2026,02/01/2026 F Rom 400 OR 117 3 3.73 3655 5th 10 0.01 7.25 5/1 24.48
JACKTAVERN DON,27/12/2025,27/12/2025 F Rom 400 OR 121 6 3.74 3566 6th 7 0.36 5.54 3/1 24.08
JACKTAVERN DON,19/12/2025,19/12/2025 F Rom 400 OR 115 5 3.68 2111 1st - 0.43 8.0 5/1 23.53
JACKTAVERN DON,01/12/2025,"01/12/2025 F Not 305 T2 4 0.00 1-2- 2nd 1½ 0.0 18.21 ClrRun,Mid"
JACKTAVERN DON,23/11/2025,23/11/2025 F Oxf 450 OR 124 3 0.00 5565 5th 9 0.11 5.4 10/3 27.61
JACKTAVERN DON,16/11/2025,16/11/2025 F Oxf 450 OR 123 4 0.00 2222 2nd 3½ 0.24 16.63 10/1 26.86
JACKTAVERN DON,09/11/2025,09/11/2025 F Oxf 450 OR 122 4 3.98 3222 2nd 2½ 0.1 7.46 4/1 26.72
JACKTAVERN DON,02/11/2025,02/11/2025 F Oxf 450 OR1 117 5 4.04 5555 5th 8¼ 0.05 4.8 4/1 27.33
JACKTAVERN DON,26/10/2025,26/10/2025 F Oxf 450 OR1 108 4 3.95 1111 2nd hd 0.07 2.56 5/4 26.80
JACKTAVERN DON,19/10/2025,19/10/2025 F Oxf 450 OR1 110 4 3.89 1111 1st - 0.12 2.53 6/4 26.72
JACKTAVERN DON,12/10/2025,"12/10/2025 F Oxf 450 T3 3 4.03 1111 1st - -0.2 26.72 Mid,ALd"
JACKTAVERN DON,04/10/2025,"04/10/2025 F Oxf 450 T2 4 3.97 1111 1st - 0.0 26.95 Mid,QAw,ALed"
JACKTAVERN DON,27/09/2025,"27/09/2025 F Oxf 450 T2 3 4.01 2111 1st - -0.2 27.09 Mid,EP,SnLd"
JACKTAVERN DON,19/09/2025,19/09/2025 F Rom 400 OR 107 2 3.73 2222 2nd 1 0.35 2.08 4/6 23.86
JACKTAVERN DON,12/09/2025,12/09/2025 F Rom 400 OR1 105 4 3.72 2233 3rd 5 0.33 3.06 13/8 23.86
JACKTAVERN DON,05/09/2025,05/09/2025 F Rom 400 OR1 105 6 3.75 3333 3rd 9½ 0.02 10.51 6/1 24.00
JACKTAVERN DON,29/08/2025,29/08/2025 F Rom 400 OR (E) 104 4 3.64 1111 1st - 0.38 6.0 9/2
JACKTAVERN DON,22/08/2025,22/08/2025 F Rom 400 OR 103 5 3.70 2222 3rd 3 0.2 2.94 7/4 24.08
JACKTAVERN DON,15/08/2025,15/08/2025 F Rom 400 OR 107 6 3.78 3332 2nd 2 0.07 2.71 13/8 23.94
JACKTAVERN DON,08/08/2025,08/08/2025 F Rom 400 OR3 97 2 3.69 2123 3rd 3¼ 0.25 3.48 7/4 23.99
JACKTAVERN DON,01/08/2025,"01/08/2025 F Rom 400 T2 4 3.80 1111 1st - 0.0 24.05 QAway,Middle,AlwaysLed"
JACKTAVERN DON,24/07/2025,24/07/2025 F Rom 400 T1 4 3.87 1st - -0.1 24.48 Middle
JACKTAVERN DON,19/07/2025,"19/07/2025 F Hov 285 T3 3 0.00 3-2- 2nd 3¼ 0.0 16.61 SAw,EarlyPace,Middle"
JACKTAVERN DON,12/07/2025,"12/07/2025 F Hov 285 T3 5 0.00 1-2- 2nd ¾ -0.15 16.43 Wide,LedTo 1/2 LOAD MORE PERFORMANCES Date"
JACKTAVERN DON,13/03/2026,13/03/2026 20:33 F Rom 400 OR1 Jacktavern Don Jacktavern Don is a be dog. He  is 2 years old (Dec23). The owner of Jacktavern Don is Jr Racing Syndicate and his current trainer is M L Locke (Romford).
LETTER CUTIE,06/03/2026,06/03/2026 F Rom 575 OR3 100 2 14.04 5554 3rd 9 0.46 10.48 9/1 35.76
LETTER CUTIE,27/02/2026,27/02/2026 F Rom 575 OR 105 1 13.95 5545 3rd 5½ 0.22 36.0 20/1 35.83
LETTER CUTIE,18/02/2026,"18/02/2026 F Rom 400 T3 2 3.98 3322 2nd 7 0.0 24.90 SlowAway,Rails"
LETTER CUTIE,05/02/2026,"05/02/2026 F Rom 400 T3 1 3.94 2322 1st - 0.0 24.82 EPace,RlsToMid,Bmp 1/4,Chl&LdNrLn LOAD MORE PERFORMANCES Date"
LETTER CUTIE,13/03/2026,13/03/2026 21:13 F Rom 575 OR3 Letter Cutie Letter Cutie is a bebd bitch. She  is 2 years old (Aug23). The owner of Letter Cutie is Mr B J Wightman and her current trainer is D K Hurlock (Romford). Le
LIL BO BEEP,09/03/2026,09/03/2026 F Rom 400 A3 102 3 0.00 1111 1st - 0.46 4.79 11/4 23.82
LIL BO BEEP,02/03/2026,02/03/2026 F Rom 400 A2 109 4 3.79 5222 2nd 1¼ 0.58 13.5 9/1 24.41
LIL BO BEEP,25/02/2026,25/02/2026 F Rom 400 A2 108 4 3.79 3333 4th 5¾ 0.34 6.4 11/2 24.37
LIL BO BEEP,17/02/2026,17/02/2026 F Rom 400 A2 108 4 3.71 4555 5th 5½ 0.45 14.0 10/1 24.11
LIL BO BEEP,09/02/2026,09/02/2026 F Rom 400 A2 106 4 3.74 1244 4th 5½ 0.52 13.09 8/1 24.27
LIL BO BEEP,28/01/2026,28/01/2026 F Rom 400 A1 110 3 3.74 5666 6th 9¾ 0.33 14.94 6/1 24.44
LIL BO BEEP,24/01/2026,24/01/2026 F Cen 491 OR 93 4 3.14 2335 5th 15 0.0 9.0 7/1 30.27
LIL BO BEEP,19/01/2026,19/01/2026 F Rom 400 A1 108 4 3.74 3544 4th 6 0.58 4.22 11/4 24.29
LIL BO BEEP,09/01/2026,09/01/2026 F Rom 400 OR2 108 4 3.75 2246 6th 6¼ 0.46 9.76 7/1 24.52
LIL BO BEEP,05/01/2026,05/01/2026 F Rom 400 A1 114 3 3.75 3444 4th 8 0.21 13.0 7/1 24.23
LIL BO BEEP,27/12/2025,27/12/2025 F Rom 400 A1 109 4 3.82 4443 4th 2¼ 0.42 7.28 9/2 24.11
LIL BO BEEP,19/12/2025,19/12/2025 F Rom 400 A1 108 3 3.76 2111 1st - 0.43 4.3 5/2 23.78
LIL BO BEEP,10/12/2025,10/12/2025 F Rom 400 A1 106 3 3.74 2111 1st - 0.34 5.5 10/3 23.87
LIL BO BEEP,05/12/2025,05/12/2025 F Rom 400 A1 106 4 3.77 2232 2nd 2¾ 0.5 4.08 9/4 23.88
LIL BO BEEP,21/11/2025,21/11/2025 F Rom 400 OR 108 2 3.90 5445 5th 8¼ 0.26 5.45 7/2 24.21
LIL BO BEEP,14/11/2025,"14/11/2025 F Har 415 T3 2 5.24 3322 2nd 3 -0.1 27.40 VSAw,RlsTMid"
LIL BO BEEP,07/11/2025,07/11/2025 F Rom 400 OR 108 3 3.72 1666 6th dis 0.23 5.45 3/1 0.00
LIL BO BEEP,29/10/2025,29/10/2025 F Rom 400 A2 112 4 3.70 1111 1st - 0.21 4.05 5/2 23.79
LIL BO BEEP,25/10/2025,25/10/2025 F Rom 400 A2 106 4 3.75 3233 3rd 2¾ 0.3 2.47 5/4 24.12
LIL BO BEEP,18/10/2025,18/10/2025 F Rom 400 A2 108 4 3.77 4223 4th 5¼ 0.47 3.78 5/2 23.99
LIL BO BEEP,09/10/2025,"09/10/2025 F Rom 400 T3 5 3.79 1111 1st - -0.1 24.47 QuickAway,Mid,AlwaysLed 33 day break"
LIL BO BEEP,06/09/2025,06/09/2025 F Rom 400 A1 112 4 3.75 4544 4th 7¾ 0.29 7.0 5/1 24.15
LIL BO BEEP,20/08/2025,20/08/2025 F Rom 400 A1 114 4 3.67 1232 2nd 1¾ 0.42 3.64 2/1 23.94
LIL BO BEEP,13/08/2025,13/08/2025 F Rom 400 A1 109 4 3.74 3222 2nd 2¼ 0.22 3.3 13/8 23.79
LIL BO BEEP,09/08/2025,09/08/2025 F Rom 400 A1 110 3 3.70 2111 1st - 0.2 3.59 15/8 23.80
LIL BO BEEP,26/07/2025,26/07/2025 F Rom 400 A3 103 4 3.68 1111 1st - 0.34 3.2 7/4 23.74
LIL BO BEEP,19/07/2025,19/07/2025 F Rom 400 A3 96 3 3.78 3222 2nd 1¼ 0.14 4.1 5/2 23.84
LIL BO BEEP,14/07/2025,14/07/2025 F Rom 400 A3 106 3 3.78 3222 4th 6 0.52 3.0 6/4 24.61
LIL BO BEEP,09/07/2025,09/07/2025 F Rom 400 A3 101 4 3.76 3222 2nd 2¾ 0.43 3.5 13/8 24.17
LIL BO BEEP,25/06/2025,25/06/2025 F Rom 400 A4 91 4 3.78 2221 1st - 0.38 3.52 7/4 24.00
LIL BO BEEP,19/06/2025,"19/06/2025 F Rom 400 T3 6 3.73 1111 1st - 0.0 24.40 QuickAway,Mid,AlwaysLed"
LIL BO BEEP,12/06/2025,"12/06/2025 F Rom 400 T3 6 3.91 1122 2nd 3¼ 0.0 24.83 QAway,Middle,LedTo2 LOAD MORE PERFORMANCES Date"
LIL BO BEEP,13/03/2026,"13/03/2026 18:53 F Rom 400 OR Lil Bo Beep Lil Bo Beep is a bk bitch. She  is 2 years old (Sep23). The owner of Lil Bo Beep is Mr J S Bovis,mr D W Lee and her current trainer is D W Lee (Romford). Lil "
MAKEIT POPPY,06/03/2026,06/03/2026 F Rom 575 OR3 107 3 14.00 5343 3rd 5¼ 0.46 13.31 8/1 35.84
MAKEIT POPPY,01/03/2026,01/03/2026 F Tow 500 A4 102 1 4.16 1111 1st - 0.56 4.1 5/2 29.17
MAKEIT POPPY,20/02/2026,20/02/2026 F Tow 500 A5 92 1 4.18 2211 1st - 0.64 2.21 1/1 29.18
MAKEIT POPPY,10/02/2026,10/02/2026 F Tow 270 T1 1 0.00 1st - 0.05 16.13 Rails
MAKEIT POPPY,25/01/2026,25/01/2026 F Tow 500 OR 99 4 4.19 4444 4th 7 0.63 10/1 29.48 113
MAKEIT POPPY,20/01/2026,20/01/2026 F Tow 500 A5 100 1 4.24 4665 3rd 2½ 0.8 4.0 9/4 29.44
MAKEIT POPPY,09/01/2026,09/01/2026 F Tow 500 A4 106 1 4.27 4422 2nd ½ 0.63 6.29 4/1 29.22
MAKEIT POPPY,26/12/2025,26/12/2025 F Tow 500 A4 87 1 4.23 4322 3rd 4 0.63 8.99 6/1 29.33
MAKEIT POPPY,11/12/2025,11/12/2025 F Tow 500 A4 80 1 4.21 5333 2nd 2 0.36 4.51 5/2 29.49
MAKEIT POPPY,30/11/2025,30/11/2025 F Tow 500 A4 103 1 4.40 6666 6th 5¾ 0.59 4.89 5/2 29.69
MAKEIT POPPY,07/11/2025,"07/11/2025 F Dun 270 T2 2 0.00 2-2- 2nd 2¾ 0.0 16.33 Rls,ClrRun 32 day break"
MAKEIT POPPY,06/10/2025,06/10/2025 F Tow 500 A4 101 1 4.28 3556 6th 7¾ 0.4 2.78 11/10 29.86
MAKEIT POPPY,28/09/2025,28/09/2025 F Tow 500 A4 110 1 4.32 3222 2nd 4¼ 0.26 3.15 15/8 29.35
MAKEIT POPPY,14/09/2025,14/09/2025 F Tow 500 A4 100 1 4.25 3333 3rd 9 0.59 2.34 4/5 29.57
MAKEIT POPPY,05/09/2025,05/09/2025 F Tow 500 A5 (E) 75 1 4.21 1111 1st - 0.43 1.71 8/15
MAKEIT POPPY,30/08/2025,30/08/2025 F Tow 270 D3 (E) 49 1 0.00 3-1- 1st - 0.31 3.5 2/1
MAKEIT POPPY,22/08/2025,22/08/2025 F Tow 270 D3 18 1 0.00 3-2- 2nd 1 0.23 6.2 10/3 16.00
MAKEIT POPPY,16/08/2025,16/08/2025 F Tow 270 D3 62 1 0.00 2-2- 2nd 2 0.39 3.98 2/1 15.96
MAKEIT POPPY,05/08/2025,"05/08/2025 F Tow 270 T1 2 0.00 1st - 0.0 16.12 RlsTMid,(HT) 61 day break"
MAKEIT POPPY,05/06/2025,05/06/2025 F Tow 500 A4 90 1 4.34 5455 5th 10 0.62 3.56 2/1 29.85
MAKEIT POPPY,30/05/2025,30/05/2025 F Tow 500 A5 88 2 4.32 5332 1st - 0.52 4.1 9/4 29.76
MAKEIT POPPY,23/05/2025,23/05/2025 F Tow 500 A6 57 1 4.33 4311 1st - 0.19 2.43 6/5 29.66
MAKEIT POPPY,18/05/2025,18/05/2025 F Tow 270 D4 51 2 0.00 4-3- 2nd 4¾ 0.17 3.29 7/4 16.43
MAKEIT POPPY,07/05/2025,07/05/2025 F Tow 270 D4 34 2 0.00 6-5- 3rd 1 0.36 2.46 5/4 16.38
MAKEIT POPPY,30/04/2025,"30/04/2025 F Tow 270 T3 3 0.00 3-2- 2nd nk 0.0 16.49 RlsTMid,FinWll"
MAKEIT POPPY,18/04/2025,18/04/2025 F Tow 270 T3 3 0.00 2-2- 3rd 5¾ 0.0 16.45 Mid 18 day break
MAKEIT POPPY,31/03/2025,"31/03/2025 F Tow 500 T2 2 4.43 2221 1st - 0.0 30.40 Mid,Led3 LOAD MORE PERFORMANCES Date"
MAKEIT POPPY,13/03/2026,13/03/2026 21:13 F Rom 575 OR3 Makeit Poppy Makeit Poppy is a bk bitch. She  is 2 years old (Oct23). The owner of Makeit Poppy is Makeit Syndicate and her current trainer is F J Gray (Towcester). Make
MIAMI YEATS,07/03/2026,07/03/2026 F Rom 575 S2 114 2 13.68 3321 1st - 0.23 4.06 9/4 35.29
MIAMI YEATS,24/02/2026,24/02/2026 F Rom 575 S1 113 1 13.67 2222 2nd 1¾ 0.36 4.6 3/1 35.21
MIAMI YEATS,14/02/2026,14/02/2026 F Cen 491 OR3 109 3 3.12 4666 6th 7¾ 0.02 25/1 29.88 133
MIAMI YEATS,30/01/2026,30/01/2026 F Rom 575 S1 115 2 13.61 2334 4th 6½ 0.54 9.24 6/1 35.39
MIAMI YEATS,23/01/2026,23/01/2026 F Rom 575 OR3 116 2 13.94 5555 5th 4 0.4 6.8 5/1 35.86
MIAMI YEATS,16/01/2026,16/01/2026 F Rom 575 OR3 115 1 13.49 2111 1st - 0.47 5.41 7/2 35.20
MIAMI YEATS,10/01/2026,10/01/2026 F Cen 491 OR 116 1 3.17 2333 3rd 3¾ 0.05 43.05 20/1 29.76
MIAMI YEATS,03/01/2026,03/01/2026 F Rom 400 A3 102 2 3.84 5565 4th 6¼ -0.07 5.5 7/2 24.40
MIAMI YEATS,26/12/2025,26/12/2025 F Rom 400 A3 98 2 3.75 3222 2nd 1 0.42 9/2 23.96 82
MIAMI YEATS,20/12/2025,20/12/2025 F Rom 400 A2 103 2 3.80 3555 5th 2 0.44 9.21 6/1 24.24
MIAMI YEATS,11/12/2025,11/12/2025 F Rom 400 T1 1 3.85 1st - 0.0 24.49 Rails
MIAMI YEATS,28/11/2025,"28/11/2025 F Rom 400 T4 1 3.93 3333 3rd 7¾ 0.2 24.68 RlsToMid,BmpRnUp,FcdTCk3&4"
MIAMI YEATS,20/11/2025,"20/11/2025 F Rom 400 T4 1 3.87 3433 3rd 3 0.0 24.35 RailsToMiddle,Bumped1 34 day break"
MIAMI YEATS,17/10/2025,17/10/2025 F Rom 575 OR3 108 3 13.49 1111 2nd ½ 0.43 8.2 6/1 35.22
MIAMI YEATS,11/10/2025,11/10/2025 F Rom 400 A2 109 2 3.84 5333 3rd 3¾ 0.49 15.61 8/1 24.13
MIAMI YEATS,02/10/2025,"02/10/2025 F Rom 400 T2 2 3.83 2222 2nd 3 0.0 24.56 EarlyPace,RailsToMiddle 27 day break"
MIAMI YEATS,05/09/2025,05/09/2025 F Rom 575 OR 103 1 13.81 2222 3rd 1 0.03 5.2 3/1 35.63
MIAMI YEATS,30/08/2025,30/08/2025 F Cen 491 OR3 108 3 3.11 2554 3rd 5½ 0.24 12/1 29.64 135
MIAMI YEATS,23/08/2025,23/08/2025 F Cen 491 OR3 103 1 3.16 1222 2nd 4½ -0.3 5.19 7/2 30.02
MIAMI YEATS,15/08/2025,15/08/2025 F Rom 400 OR3 104 2 3.89 5444 3rd 2¾ 0.07 8.6 5/1 24.15
MIAMI YEATS,08/08/2025,08/08/2025 F Rom 400 OR3 90 2 3.86 3322 1st - 0.25 3.03 15/8 23.93
MIAMI YEATS,31/07/2025,"31/07/2025 F Rom 400 T3 3 3.93 1111 1st - 0.0 24.46 RailsToMiddle,Bumped1,Ld3"
MIAMI YEATS,24/07/2025,"24/07/2025 F Rom 400 T3 1 3.92 1111 1st - -0.1 24.19 QuickAway,Rails,AlwaysLed"
MIAMI YEATS,17/07/2025,"17/07/2025 F Rom 400 T2 2 3.86 1111 1st - 0.0 24.25 QAway,RlsToMid,AlwaysLed LOAD MORE PERFORMANCES Date"
MIAMI YEATS,13/03/2026,13/03/2026 19:53 F Rom 575 OR Miami Yeats Miami Yeats is a bk dog. He  is 2 years old (Apr23). The owner of Miami Yeats is Mr A J Massey and his current trainer is M E Wiley (Romford). Miami Yeats las
MY LIL BELLA,27/02/2026,27/02/2026 F Rom 400 OR 104 2 3.78 5544 3rd 2¾ 0.15 3.7 9/4 24.21
MY LIL BELLA,20/02/2026,20/02/2026 F Rom 400 OR 104 1 3.70 2334 5th 6¾ 0.26 3.33 2/1 24.29
MY LIL BELLA,13/02/2026,13/02/2026 F Rom 400 OR3 104 1 3.73 3116 6th 5¾ 0.4 3.44 13/8 24.74
MY LIL BELLA,06/02/2026,06/02/2026 F Rom 400 OR3 104 3 3.69 2111 1st - 0.28 2.15 1/1 23.84
MY LIL BELLA,30/01/2026,30/01/2026 F Rom 400 OR3 104 3 3.75 3444 4th 7¼ 0.12 13.69 6/1 24.31
MY LIL BELLA,23/01/2026,23/01/2026 F Rom 400 OR3 99 3 3.81 3222 2nd 4¾ 0.28 3.75 2/1 24.09
MY LIL BELLA,16/01/2026,16/01/2026 F Rom 400 OR 105 1 3.83 5555 4th 8¼ 0.51 2.46 11/8 24.11
MY LIL BELLA,09/01/2026,09/01/2026 F Rom 400 OR2 108 1 3.82 6654 4th 9¾ 0.31 2.8 13/8 24.45
MY LIL BELLA,02/01/2026,02/01/2026 F Rom 400 A1 106 2 3.73 3111 1st - 0.01 4.9 3/1 23.74
MY LIL BELLA,27/12/2025,27/12/2025 F Rom 400 A1 109 2 3.81 3334 3rd 2¼ 0.42 9.4 7/1 24.09
MY LIL BELLA,14/12/2025,14/12/2025 F Oxf 450 OR1 111 3 0.00 5665 5th 12¾ 0.14 9.71 8/1 27.58
MY LIL BELLA,07/12/2025,07/12/2025 F Oxf 450 OR 105 5 0.00 1246 6th 11½ 0.28 6.6 5/1 27.98
MY LIL BELLA,30/11/2025,"30/11/2025 F Oxf 450 T2 2 0.00 1111 2nd hd -0.2 27.26 RlsMid,QAw,LdTNrLn,(HT)"
MY LIL BELLA,21/11/2025,21/11/2025 F Rom 400 A2 106 2 3.82 2211 1st - 0.26 2.44 11/10 23.93
MY LIL BELLA,15/11/2025,15/11/2025 F Rom 400 A3 105 2 3.80 2221 1st - 0.23 3.5 2/1 23.88
MY LIL BELLA,06/11/2025,"06/11/2025 F Rom 400 T3 2 3.83 1111 1st - 0.0 24.38 QuickAway,Rails,ALed"
MY LIL BELLA,29/10/2025,"29/10/2025 F Rom 400 T3 4 3.69 1111 2nd ½ 0.1 24.35 QuickAway,MidToRls,LedTo4"
MY LIL BELLA,23/10/2025,23/10/2025 F Rom 225 T1 3 0.00 1st - -0.1 13.72 RailsToMiddle LOAD MORE PERFORMANCES Date Time
MY LIL BELLA,13/03/2026,13/03/2026 19:13 F Rom 225 OR3 My Lil Bella My Lil Bella is a dkbd bitch. She  is 2 years old (Jan24). The owner of My Lil Bella is Mr A J Williams and her current trainer is P W Young (Romford). My L
OLWINN SEEN IT,04/03/2026,04/03/2026 F Rom 400 A5 98 2 3.83 4434 3rd 6 0.45 13.39 13/2 24.38
OLWINN SEEN IT,21/02/2026,21/02/2026 F Rom 400 A5 96 2 3.96 5332 2nd 3¼ 0.26 24.0 12/1 24.44
OLWINN SEEN IT,10/02/2026,10/02/2026 F Rom 400 A6 88 2 3.81 4442 1st - 0.25 9.0 7/1 24.21
OLWINN SEEN IT,03/02/2026,03/02/2026 F Rom 400 A6 93 2 3.80 6444 4th 2¼ 0.37 18.0 14/1 24.26
OLWINN SEEN IT,27/01/2026,27/01/2026 F Rom 400 A6 83 2 4.00 5522 3rd ½ 0.42 12.71 7/1 24.38
OLWINN SEEN IT,19/01/2026,19/01/2026 F Rom 400 A6 90 1 4.06 6666 6th 3½ 0.58 4.26 5/2 24.52
OLWINN SEEN IT,10/01/2026,10/01/2026 F Rom 400 A7 90 1 3.91 5333 1st - 0.15 4.25 9/4 24.30
OLWINN SEEN IT,03/01/2026,03/01/2026 F Rom 400 A6 98 2 3.88 3222 2nd ¾ 0.06 14.92 9/1 24.20
OLWINN SEEN IT,27/12/2025,27/12/2025 F Rom 400 A6 91 2 3.94 5344 2nd 6¼ 0.42 11.41 6/1 24.14
OLWINN SEEN IT,20/12/2025,20/12/2025 F Rom 400 A6 97 2 3.89 5554 4th 9¼ 0.24 11.0 8/1 24.57
OLWINN SEEN IT,10/12/2025,10/12/2025 F Rom 400 A7 85 1 3.99 6211 1st - 0.34 22.0 11/1 24.21
OLWINN SEEN IT,01/12/2025,01/12/2025 F Rom 400 A6 93 1 4.16 6666 6th 7½ 0.38 9.4 6/1 24.46
OLWINN SEEN IT,26/11/2025,26/11/2025 F Rom 400 IT 102 1 4.00 5455 5th 12½ 0.34 18.05 8/1 24.79
OLWINN SEEN IT,20/11/2025,"20/11/2025 F Rom 400 T3 2 3.86 2111 1st - 0.0 24.42 EarlyPace,RailsToMiddle,Led1"
OLWINN SEEN IT,14/11/2025,14/11/2025 F Har 238 D4 83 1 0.00 5-2- 2nd nk 0.8 5.6 5/2 15.22
OLWINN SEEN IT,10/11/2025,10/11/2025 F Har 238 D4 72 1 0.00 4-3- 2nd 5¼ 0.54 5.1 11/4 15.32
OLWINN SEEN IT,04/11/2025,04/11/2025 F Har 238 D4 77 1 0.00 5-4- 4th 3¼ 0.56 4.36 9/4 15.34
OLWINN SEEN IT,29/10/2025,"29/10/2025 F Har 238 T2 2 0.00 2-2- 2nd 1¾ 0.1 15.80 SAw,RanOn,Rails 96 day break"
OLWINN SEEN IT,25/07/2025,25/07/2025 F Har 415 A5 108 1 5.02 3334 5th 7½ 1.31 9.2 9/2 26.35
OLWINN SEEN IT,21/07/2025,21/07/2025 F Har 415 A6 93 1 4.95 4221 1st - 0.49 3.34 7/4 25.82
OLWINN SEEN IT,16/07/2025,16/07/2025 F Har 415 A6 94 1 4.90 3333 2nd 1¾ 0.74 4.79 3/1 26.26
OLWINN SEEN IT,11/07/2025,11/07/2025 F Har 415 A6 103 1 5.18 5533 2nd 9½ 0.75 2.99 11/8 26.66
OLWINN SEEN IT,04/07/2025,04/07/2025 F Har 415 A5 117 1 5.16 5444 2nd 3¾ 0.83 13.5 7/1 25.86
OLWINN SEEN IT,30/06/2025,30/06/2025 F Har 415 A5 113 1 5.23 4444 4th 4½ 0.89 7.6 5/1 26.28
OLWINN SEEN IT,20/06/2025,20/06/2025 F Har 415 A5 102 1 5.24 5532 2nd 2¼ 1.36 2.33 5/4 26.24
OLWINN SEEN IT,16/06/2025,16/06/2025 F Har 415 A5 102 1 5.15 5555 5th 6¾ 1.11 2.49 11/10 26.09
OLWINN SEEN IT,11/06/2025,11/06/2025 F Har 238 D4 77 1 0.00 4-1- 1st - 0.52 2.85 13/8 14.80
OLWINN SEEN IT,06/06/2025,06/06/2025 F Har 238 D4 122 1 0.00 6-4- 3rd 6½ 0.62 4.07 9/4 15.18
OLWINN SEEN IT,02/06/2025,02/06/2025 F Har 415 A5 104 1 4.94 3221 2nd sh 0.85 7.4 9/2 25.88
OLWINN SEEN IT,28/05/2025,28/05/2025 F Har 415 A6 90 1 4.97 3333 1st - 1.13 4.0 2/1 26.27
OLWINN SEEN IT,23/05/2025,23/05/2025 F Har 238 D4 81 1 0.00 3-3- 5th 8 0.52 5.9 7/2 15.53
OLWINN SEEN IT,19/05/2025,19/05/2025 F Har 238 D5 64 1 0.00 2-1- 1st - 0.41 2.63 5/4 14.79
OLWINN SEEN IT,14/05/2025,14/05/2025 F Har 415 A6 96 1 5.21 6666 6th 8¼ 1.12 7.4 9/2 26.83
OLWINN SEEN IT,09/05/2025,09/05/2025 F Har 415 A6 91 1 5.03 4222 2nd 1¼ 1.15 5.13 11/4 26.15
OLWINN SEEN IT,02/05/2025,02/05/2025 F Har 415 A6 84 1 5.25 6554 4th 4¾ 0.91 4.19 5/2 26.56
OLWINN SEEN IT,25/04/2025,25/04/2025 F Har 415 A6 91 1 5.13 6333 3rd 4½ 1.2 12.5 7/1 26.24
OLWINN SEEN IT,18/04/2025,18/04/2025 F Har 238 D4 46 1 0.00 6-6- 6th 3 0.61 14.5 8/1 15.37
OLWINN SEEN IT,31/03/2025,31/03/2025 F Har 415 A6 98 1 5.15 3222 3rd 4¼ 1.15 3.0 13/8 26.35
OLWINN SEEN IT,26/03/2025,26/03/2025 F Har 415 A5 102 1 5.24 5555 5th 7 1.24 4.6 5/2 26.36
OLWINN SEEN IT,21/03/2025,21/03/2025 F Har 238 D4 79 1 0.00 6-5- 4th 5 0.76 4.14 2/1 15.14
OLWINN SEEN IT,17/03/2025,17/03/2025 F Har 415 A5 97 1 5.01 4222 2nd 7 1.02 4.5 11/4 26.16
OLWINN SEEN IT,12/03/2025,12/03/2025 F Har 415 A5 94 1 5.29 6666 4th 5¾ 1.01 5.1 3/1 26.70
OLWINN SEEN IT,07/03/2025,07/03/2025 F Har 415 A5 106 1 5.11 3333 3rd 2¼ 1.33 4.96 3/1 26.13
OLWINN SEEN IT,03/03/2025,03/03/2025 F Har 415 A5 97 1 5.18 5444 4th 5¾ 1.17 3.74 2/1 26.40
OLWINN SEEN IT,24/02/2025,24/02/2025 F Har 415 A5 100 1 5.01 3444 5th 5 1.52 4.6 11/4 26.43
OLWINN SEEN IT,19/02/2025,19/02/2025 F Har 415 A5 102 1 5.12 5332 2nd nk 1.2 4.33 5/2 25.97
OLWINN SEEN IT,14/02/2025,14/02/2025 F Har 415 A5 100 1 5.10 4333 3rd 1¼ 1.43 6.83 4/1 26.00
OLWINN SEEN IT,10/02/2025,10/02/2025 F Har 415 A4 105 1 5.15 4322 2nd nk 1.48 15.0 8/1 26.18
OLWINN SEEN IT,05/02/2025,05/02/2025 F Har 415 A4 101 1 5.29 4444 3rd 6¼ 1.19 5.71 7/2 26.32
OLWINN SEEN IT,29/01/2025,29/01/2025 F Har 415 A5 102 1 5.00 4222 1st - 1.17 4.92 5/2 26.21
OLWINN SEEN IT,13/03/2026,13/03/2026 18:33 F Rom 400 A5 Olwinn Seen It Olwinn Seen It is a be bitch. She  is 3 years old (Dec22). The owner of Olwinn Seen It is Mrs D K Hurlock and her current trainer is D K Hurlock (Romford).
PIEMANS FLETCH,07/03/2026,07/03/2026 F Rom 400 A1 107 6 3.64 1222 3rd ¾ 0.57 13.54 8/1 24.12
PIEMANS FLETCH,02/03/2026,02/03/2026 F Rom 400 A2 109 6 3.70 4111 1st - 0.58 5.7 7/2 24.45
PIEMANS FLETCH,24/02/2026,24/02/2026 F Rom 400 A2 102 6 3.69 3233 3rd 5¾ 0.48 4.7 11/4 24.20
PIEMANS FLETCH,17/02/2026,17/02/2026 F Rom 400 A1 108 6 3.62 1111 2nd 2¾ 0.31 7.6 6/1 24.08
PIEMANS FLETCH,23/01/2026,23/01/2026 F Rom 225 OR 101 6 0.00 5-5- 5th 3 0.16 12.67 9/1 13.71
PIEMANS FLETCH,16/01/2026,16/01/2026 F Rom 400 OR2 108 6 3.68 3444 5th 5¾ 0.51 5.97 4/1 24.09
PIEMANS FLETCH,09/01/2026,09/01/2026 F Rom 400 OR2 108 6 3.88 6433 3rd 4 0.46 3.55 9/4 24.31
PIEMANS FLETCH,02/01/2026,02/01/2026 F Rom 400 A1 106 6 3.72 2222 4th 6¾ 0.01 2.95 13/8 24.21
PIEMANS FLETCH,27/12/2025,27/12/2025 F Rom 400 A1 102 6 3.60 1111 1st - 0.36 13/8 23.80 101
PIEMANS FLETCH,20/12/2025,20/12/2025 F Rom 400 A1 109 6 3.69 3555 5th 5¾ 0.24 3.7 9/4 24.20
PIEMANS FLETCH,13/12/2025,13/12/2025 F Rom 400 A3 107 6 3.55 2111 1st - 0.26 5.06 7/2 23.72
PIEMANS FLETCH,08/12/2025,08/12/2025 F Rom 400 A4 96 6 3.58 2111 1st - 0.34 4.59 9/4 23.96
PIEMANS FLETCH,02/12/2025,02/12/2025 F Rom 400 A4 98 6 3.64 1111 3rd 2¾ 0.34 2.56 6/4 24.11
PIEMANS FLETCH,26/11/2025,26/11/2025 F Rom 400 A4 99 6 3.80 2111 2nd sh 0.34 2.76 5/4 24.12
PIEMANS FLETCH,17/11/2025,17/11/2025 F Rom 400 A4 102 6 3.70 1123 4th 4¼ 0.37 3.3 13/8 24.17
PIEMANS FLETCH,11/11/2025,11/11/2025 F Rom 400 A4 (E) 103 6 3.57 1111 2nd sh 0.25 4.23 5/2
PIEMANS FLETCH,06/11/2025,"06/11/2025 F Rom 400 T3 6 3.71 1112 3rd 3¾ 0.0 24.49 QAw,Wide,LedT3,BmpRnIn"
PIEMANS FLETCH,30/10/2025,"30/10/2025 F Rom 400 T3 6 3.80 2222 3rd 6½ 0.1 24.96 EarlyPace,Wide LOAD MORE PERFORMANCES Date"
PIEMANS FLETCH,13/03/2026,13/03/2026 19:33 F Rom 225 OR3 Piemans Fletch Piemans Fletch is a bk dog. He  is 3 years old (Oct22). The owner of Piemans Fletch is Piemans Racing Club and his current trainer is D Mullins (Romford).
PIEMANS GOALIE,06/03/2026,06/03/2026 F Rom 400 OR1 120 1 3.77 6422 1st - 0.32 2.86 6/4 23.82
PIEMANS GOALIE,26/02/2026,26/02/2026 F Rom 400 T1 2 3.74 1st - 0.0 24.02 RailsToMiddle
PIEMANS GOALIE,20/02/2026,20/02/2026 F Rom 400 OR3 120 1 3.72 2222 2nd 5¾ 0.26 2.86 6/4 23.60
PIEMANS GOALIE,13/02/2026,13/02/2026 F Rom 400 OR3 114 1 3.63 1111 1st - 0.4 2.12 4/6 23.55
PIEMANS GOALIE,06/02/2026,06/02/2026 F Rom 400 OR3 119 2 3.72 3322 2nd ½ 0.28 2.74 11/8 23.74
PIEMANS GOALIE,30/01/2026,30/01/2026 F Rom 400 OR3 118 2 3.69 1111 1st - 0.38 1.74 4/6 23.57
PIEMANS GOALIE,23/01/2026,23/01/2026 F Rom 400 OR3 118 3 3.64 2111 1st - 0.28 4.12 11/4 23.78
PIEMANS GOALIE,16/01/2026,16/01/2026 F Rom 400 OR3 119 3 3.68 4111 1st - 0.51 3.4 15/8 23.72
PIEMANS GOALIE,10/01/2026,10/01/2026 F Rom 400 A1 117 2 3.64 2111 1st - 0.15 3.65 9/4 23.70
PIEMANS GOALIE,02/01/2026,02/01/2026 F Rom 400 OR 117 2 3.71 1223 4th 6 0.01 5.3 7/2 24.16
PIEMANS GOALIE,27/12/2025,27/12/2025 F Rom 400 A2 103 2 3.65 2111 1st - 0.36 2.32 10/11 23.51
PIEMANS GOALIE,20/12/2025,20/12/2025 F Rom 400 A1 109 2 3.70 4333 2nd 2¾ 0.24 5.59 7/2 23.96
PIEMANS GOALIE,11/12/2025,"11/12/2025 F Rom 400 T2 2 3.88 1112 2nd 4¼ 0.0 24.60 QAway,RailsToMid,LedTo3 62 day break"
PIEMANS GOALIE,10/10/2025,10/10/2025 F Rom 400 OR3 119 2 3.75 3224 4th 3½ 0.35 1.79 8/11 23.90
PIEMANS GOALIE,03/10/2025,03/10/2025 F Rom 400 OR2 123 1 3.82 6444 4th 5½ 0.53 5.76 7/2 24.08
PIEMANS GOALIE,26/09/2025,26/09/2025 F Rom 400 OR 121 3 3.71 3366 6th 15 0.35 6.2 4/1 24.85
PIEMANS GOALIE,19/09/2025,19/09/2025 F Rom 400 OR 125 2 3.71 3321 1st - 0.35 7.8 5/1 23.65
PIEMANS GOALIE,12/09/2025,12/09/2025 F Rom 400 OR 125 2 3.67 2323 4th 3½ 0.33 6.2 4/1 23.86
PIEMANS GOALIE,05/09/2025,05/09/2025 F Rom 400 OR 124 5 3.75 2344 3rd 6¼ 0.02 4.43 5/2 24.32
PIEMANS GOALIE,29/08/2025,29/08/2025 F Rom 400 OR 107 5 3.69 1111 1st - 0.38 2.22 11/10 23.92
PIEMANS GOALIE,22/08/2025,22/08/2025 F Rom 400 OR3 (E) 118 3 3.67 4111 3rd hd 0.4 3.1 7/4
PIEMANS GOALIE,15/08/2025,15/08/2025 F Rom 400 OR3 117 5 3.73 2111 2nd sh 0.26 4.4 5/2 23.66
PIEMANS GOALIE,08/08/2025,08/08/2025 F Rom 400 OR3 112 3 3.60 1111 1st - 0.25 3.01 13/8 23.44
PIEMANS GOALIE,01/08/2025,01/08/2025 F Rom 400 OR3 114 4 3.57 1111 1st - 0.41 4.9 3/1 23.75
PIEMANS GOALIE,25/07/2025,25/07/2025 F Rom 400 OR3 118 2 3.75 4322 2nd 6 0.3 9.96 6/1 23.71
PIEMANS GOALIE,18/07/2025,18/07/2025 F Rom 400 OR3 116 4 3.72 3222 2nd 2 0.39 5.83 7/2 23.64
PIEMANS GOALIE,11/07/2025,11/07/2025 F Rom 400 OR3 118 6 3.66 4545 5th 10 0.31 10.28 7/1 24.17
PIEMANS GOALIE,04/07/2025,04/07/2025 F Rom 400 OR3 114 5 3.72 1111 1st - 0.3 6.6 5/1 23.67
PIEMANS GOALIE,27/06/2025,27/06/2025 F Rom 400 OR 116 6 3.75 4554 5th 11¼ 0.47 10.0 8/1 24.17
PIEMANS GOALIE,19/06/2025,19/06/2025 F Rom 400 T1 4 3.85 1st - -0.1 24.26 Middle 55 day break
PIEMANS GOALIE,25/04/2025,25/04/2025 F Rom 400 OR 116 4 3.77 4666 6th 2 0.26 6.53 7/2 24.21
PIEMANS GOALIE,18/04/2025,18/04/2025 F Rom 400 OR3 113 5 3.74 5555 5th 7 0.33 3.42 15/8 24.09
PIEMANS GOALIE,11/04/2025,11/04/2025 F Rom 400 OR3 113 5 3.67 2346 6th 5¾ 0.21 3.35 7/4 24.20
PIEMANS GOALIE,04/04/2025,04/04/2025 F Rom 400 OR3 115 5 3.70 1111 1st - 0.15 2.33 11/10 23.67
PIEMANS GOALIE,28/03/2025,28/03/2025 F Rom 400 OR 111 5 3.58 1111 1st - 0.23 1.83 4/6 23.58
PIEMANS GOALIE,21/03/2025,21/03/2025 F Rom 400 OR3 113 5 3.67 6343 3rd 4 0.29 3.15 7/4 23.98
PIEMANS GOALIE,14/03/2025,14/03/2025 F Rom 400 OR1 126 6 3.71 3444 5th 6¼ 0.38 25.0 16/1 24.00
PIEMANS GOALIE,07/03/2025,07/03/2025 F Rom 400 OR1 122 5 3.75 2222 1st - 0.07 9.2 7/1 24.23
PIEMANS GOALIE,28/02/2025,28/02/2025 F Rom 400 OR 117 5 3.65 5223 3rd 2½ 0.47 6.0 4/1 23.94
PIEMANS GOALIE,21/02/2025,21/02/2025 F Rom 400 OR3 116 6 3.75 2222 4th 2¾ 0.54 3.14 13/8 24.07
PIEMANS GOALIE,14/02/2025,14/02/2025 F Rom 400 OR3 118 4 3.70 1111 1st - 0.46 4.1 5/2 23.94
PIEMANS GOALIE,07/02/2025,07/02/2025 F Rom 400 OR 124 4 3.72 4333 4th 7 0.26 5.93 9/2 23.90
PIEMANS GOALIE,31/01/2025,31/01/2025 F Rom 400 OR3 115 6 3.62 1111 1st - 0.39 3.7 15/8 23.66
PIEMANS GOALIE,24/01/2025,24/01/2025 F Rom 400 OR3 120 5 3.68 2111 1st - 0.36 3.68 15/8 23.72
PIEMANS GOALIE,17/01/2025,17/01/2025 F Rom 400 OR 119 4 3.64 1111 1st - 0.38 6.4 4/1 23.73
PIEMANS GOALIE,13/01/2025,13/01/2025 F Rom 400 A1 110 3 3.64 2111 1st - 0.46 3.3 2/1 23.45
PIEMANS GOALIE,08/01/2025,08/01/2025 F Rom 400 A1 116 3 3.76 2333 3rd 1 0.28 3.65 2/1 23.98
PIEMANS GOALIE,03/01/2025,03/01/2025 F Rom 400 OR 116 5 3.75 4323 3rd 7 -0.04 6.97 9/2 24.11
PIEMANS GOALIE,13/12/2024,13/12/2024 F Rom 400 OR3 116 5 3.69 4444 4th 3 0.25 4.83 7/2 24.01
PIEMANS GOALIE,06/12/2024,06/12/2024 F Rom 400 OR3 117 6 3.71 2111 1st - 0.34 7.7 5/1 23.62
PIEMANS GOALIE,13/03/2026,13/03/2026 20:53 F Rom 400 OR1 Piemans Goalie Piemans Goalie is a bk dog. He  is 3 years old (Jul22). The owner of Piemans Goalie is Piemans Racing Club and his current trainer is D Mullins (Romford).
PRINCESS MATILDA,05/03/2026,05/03/2026 F Rom 400 T1 4 3.95 1st - 0.0 24.26 Middle
PRINCESS MATILDA,28/02/2026,28/02/2026 F Cen 664 OR 121 3 12.73 2111 1st - -0.09 5.9 7/2 39.96
PRINCESS MATILDA,20/02/2026,20/02/2026 F Rom 750 OR3 119 4 23.68 1111 1st - 0.48 2.8 11/8 46.30
PRINCESS MATILDA,13/02/2026,13/02/2026 F Rom 750 OR3 112 3 24.11 4432 2nd 1¼ 0.75 1.67 4/7 46.80
PRINCESS MATILDA,06/02/2026,06/02/2026 F Rom 750 OR 124 3 24.24 3333 2nd nk 0.52 1.73 8/13 47.10
PRINCESS MATILDA,24/01/2026,24/01/2026 F Cen 731 OR1 118 5 16.49 1333 4th 13 0.0 25.0 25/1 44.69
PRINCESS MATILDA,17/01/2026,17/01/2026 F Cen 731 OR1 124 5 16.45 3222 2nd ½ 0.04 9/2 44.59 -
PRINCESS MATILDA,10/01/2026,10/01/2026 F Cen 731 OR1 116 6 16.98 1323 3rd 6¾ 0.07 6.8 4/1 45.55
PRINCESS MATILDA,27/12/2025,27/12/2025 F Cen 664 OR 123 4 12.90 4442 1st - 0.12 5.8 9/2 40.28
PRINCESS MATILDA,23/12/2025,23/12/2025 F Cen 277 T1 4 0.00 1st - 0.0 16.69 Mid
PRINCESS MATILDA,19/12/2025,19/12/2025 F Rom 575 OR 131 5 13.73 4555 4th 2½ 0.33 28.23 18/1 34.68
PRINCESS MATILDA,12/12/2025,12/12/2025 F Rom 575 OR 131 5 13.65 5544 3rd hd 0.37 17.87 8/1 34.91
PRINCESS MATILDA,02/12/2025,02/12/2025 F Rom 575 S1 124 3 13.73 5543 2nd 2 0.49 3.43 6/4 34.90
PRINCESS MATILDA,22/11/2025,22/11/2025 F Rom 575 S1 127 3 13.67 5333 1st - 0.25 2.48 11/10 35.00
PRINCESS MATILDA,07/11/2025,07/11/2025 F Rom 750 OR 126 4 24.03 5221 1st - 0.44 3.62 9/4 46.53
PRINCESS MATILDA,31/10/2025,31/10/2025 F Rom 750 OR 126 4 23.96 6443 3rd 2½ 0.44 3.95 11/4 46.63
PRINCESS MATILDA,24/10/2025,24/10/2025 F Rom 750 OR 121 4 24.17 4433 1st - 1.06 1.96 5/6 47.14
PRINCESS MATILDA,17/10/2025,17/10/2025 F Rom 575 OR 126 4 13.88 6665 4th 3½ 0.43 11.0 8/1 34.98
PRINCESS MATILDA,10/10/2025,10/10/2025 F Rom 575 OR 112 2 0.00 3332 1st - 0.23 2.18 5/6 35.05
PRINCESS MATILDA,03/10/2025,03/10/2025 F Rom 575 OR1 125 5 13.72 4454 4th 7½ 0.76 31.66 16/1 35.02
PRINCESS MATILDA,23/09/2025,23/09/2025 F Rom 575 S1 113 4 13.58 2221 1st - 0.47 3.44 15/8 34.81
PRINCESS MATILDA,12/09/2025,12/09/2025 F Rom 575 OR 116 4 13.93 4443 3rd 8¾ 0.47 17.0 8/1 35.28
PRINCESS MATILDA,03/09/2025,03/09/2025 F Rom 575 S1 122 3 13.91 4443 1st - 0.45 3.96 2/1 35.10
PRINCESS MATILDA,27/08/2025,27/08/2025 F Rom 575 S1 122 3 13.67 3332 1st - 0.44 4.2 5/2 35.04
PRINCESS MATILDA,19/08/2025,19/08/2025 F Rom 575 S2 117 3 13.65 3211 1st - 0.41 3.03 13/8 35.01
PRINCESS MATILDA,11/08/2025,11/08/2025 F Rom 400 A4 100 3 3.86 4444 3rd 1½ 0.57 2.5 1/1 24.26
PRINCESS MATILDA,06/08/2025,06/08/2025 F Rom 400 A4 100 3 3.81 2555 4th 4¼ 0.28 2.82 6/4 24.36
PRINCESS MATILDA,26/07/2025,26/07/2025 F Rom 575 S2 118 3 13.65 3344 3rd 3½ 0.49 5.25 3/1 35.20
PRINCESS MATILDA,19/07/2025,19/07/2025 F Rom 400 A5 101 3 3.74 3222 1st - 0.42 4.34 2/1 23.81
PRINCESS MATILDA,12/07/2025,12/07/2025 F Rom 575 S2 115 3 13.69 4334 3rd 5 0.7 2.32 1/1 35.13
PRINCESS MATILDA,07/07/2025,07/07/2025 F Rom 400 A4 97 3 3.85 4333 2nd ¾ 0.45 5.0 5/2 23.95
PRINCESS MATILDA,23/06/2025,23/06/2025 F Rom 400 A4 98 3 3.80 3332 2nd 1 0.62 4.07 11/4 24.06
PRINCESS MATILDA,14/06/2025,14/06/2025 F Rom 400 A4 101 3 3.91 5555 5th 6¾ 0.46 4.4 11/4 24.32
PRINCESS MATILDA,05/06/2025,"05/06/2025 F Rom 400 T3 4 3.86 3333 2nd 5¼ 0.0 24.57 EPace,MidToRls,Bumped1 29 day break"
PRINCESS MATILDA,07/05/2025,07/05/2025 F Rom 400 A5 96 3 3.80 2321 1st - 0.25 4.25 5/2 23.84
PRINCESS MATILDA,26/04/2025,26/04/2025 F Rom 400 A4 95 3 3.87 6644 4th 5¾ 0.2 7.88 5/1 24.02
PRINCESS MATILDA,19/04/2025,19/04/2025 F Rom 400 A4 98 3 3.82 5566 6th 7¾ 0.45 5.1 10/3 24.38
PRINCESS MATILDA,10/04/2025,10/04/2025 F Rom 400 T1 3 3.92 1st - 0.0 24.32 MiddleToWide
PRINCESS MATILDA,02/04/2025,02/04/2025 F Rom 400 A7 (E) 86 3 3.76 2111 1st - 0.35 6.48 7/2
PRINCESS MATILDA,26/03/2025,26/03/2025 F Rom 400 A7 86 3 3.80 5666 5th 4¼ 0.19 9.94 9/2 24.47
PRINCESS MATILDA,20/03/2025,"20/03/2025 F Rom 400 T3 3 3.91 2333 2nd 2¾ -0.1 24.95 Mid,Bmp&ForcedToCk1"
PRINCESS MATILDA,13/03/2025,"13/03/2025 F Rom 400 T3 5 3.85 3333 3rd 4½ 0.0 25.02 SlowAway,MiddleToWide,Bmp1"
PRINCESS MATILDA,06/03/2025,06/03/2025 F Rom 400 T1 3 3.98 1st - 0.1 25.04 Middle LOAD MORE PERFORMANCES Date Time
PRINCESS MATILDA,13/03/2026,13/03/2026 22:13 F Rom 750 OR Princess Matilda Princess Matilda is a bk bitch. She  is 2 years old (Jul23). The owner of Princess Matilda is Mrs M Jones and her current trainer is G E Evans (Romford).
PRO PARKER,06/03/2026,06/03/2026 F Rom 400 OR1 124 4 3.69 3333 3rd 5¼ 0.32 4.9 3/1 23.78
PRO PARKER,27/02/2026,27/02/2026 F Rom 400 OR 114 3 3.56 1111 1st - 0.43 3.91 2/1 23.47
PRO PARKER,20/02/2026,20/02/2026 F Rom 400 OR3 120 3 3.72 4444 4th 10¼ 0.26 12.29 9/1 23.96
PRO PARKER,13/02/2026,13/02/2026 F Rom 400 OR3 110 4 3.52 1112 2nd 4¼ 0.4 3.17 5/4 23.85
PRO PARKER,06/02/2026,06/02/2026 F Rom 400 OR 109 5 3.73 4333 3rd 9¼ 0.28 3.48 15/8 24.34
PRO PARKER,24/01/2026,24/01/2026 F Cen 277 OR3 118 4 0.00 2-3- 3rd 1 0.0 11/4 16.37 -
PRO PARKER,17/01/2026,17/01/2026 F Cen 277 OR3 (E) 112 3 0.00 3-1- 1st - 0.02 1.62 4/9
PRO PARKER,10/01/2026,10/01/2026 F Cen 277 OR 114 4 0.00 1-1- 1st - 0.03 3.2 7/4 16.19
PRO PARKER,27/12/2025,27/12/2025 F Cen 277 OR3 116 3 0.00 4-6- 6th 6¼ 0.05 6.38 7/2 16.94
PRO PARKER,22/12/2025,22/12/2025 F Not 305 OR2 116 5 0.00 5-6- 6th 4¾ 0.24 47.99 22/1 17.68
PRO PARKER,15/12/2025,15/12/2025 F Not 305 OR2 119 3 0.00 1-1- 1st - 0.18 15.46 8/1 17.56
PRO PARKER,08/12/2025,08/12/2025 F Not 305 OR2 110 4 0.00 1-2- 1st - 0.08 6.25 7/2 17.74
PRO PARKER,01/12/2025,01/12/2025 F Not 305 OR 117 5 0.00 4-2- 2nd 3¾ 0.32 25.79 14/1 17.62
PRO PARKER,24/11/2025,24/11/2025 F Not 305 OR3 101 4 0.00 3-4- 4th 11¼ 0.09 6.2 4/1 18.34
PRO PARKER,31/10/2025,31/10/2025 F Rom 400 OR 114 5 3.74 2233 4th 6½ 0.23 5.97 4/1 24.10
PRO PARKER,25/10/2025,25/10/2025 F Don 275 OR 120 4 0.00 2-2- 3rd 3½ 0.24 4.85 5/2 16.75
PRO PARKER,18/10/2025,18/10/2025 F Don 275 OR 104 3 0.00 1-1- 1st - 0.26 1.33 3/10 16.55
PRO PARKER,10/10/2025,10/10/2025 F Rom 400 OR2 121 4 3.73 3444 4th 8 0.16 6.6 4/1 24.27
PRO PARKER,03/10/2025,03/10/2025 F Rom 400 OR2 117 5 3.62 2111 1st - 0.53 6.11 4/1 23.61
PRO PARKER,26/09/2025,26/09/2025 F Rom 400 OR 121 4 3.77 5655 5th 13 0.35 12.5 8/1 24.63
PRO PARKER,19/09/2025,19/09/2025 F Rom 400 OR 120 4 3.62 2123 4th 4¼ 0.35 4.23 2/1 24.17
PRO PARKER,12/09/2025,12/09/2025 F Rom 400 OR 125 5 3.70 6666 6th 5½ 0.33 9.94 6/1 24.02
PRO PARKER,05/09/2025,05/09/2025 F Rom 400 OR 124 6 3.69 1111 1st - 0.02 5.13 4/1 23.89
PRO PARKER,29/08/2025,29/08/2025 F Rom 400 OR 119 3 3.77 5556 6th 9¾ 0.38 7.97 11/2 24.16
PRO PARKER,22/08/2025,"22/08/2025 F Rom 400 T3 3 3.73 2111 1st - 0.0 24.08 EPace,Mid,Baulked&Led1"
PRO PARKER,15/08/2025,"15/08/2025 F Rom 225 T2 4 0.00 1-1- 1st - 0.0 13.44 QuickAway,Mid,AlwaysLed 49 day break"
PRO PARKER,27/06/2025,27/06/2025 F Rom 400 OR 120 4 3.64 2111 1st - 0.47 4.53 9/4 23.82
PRO PARKER,21/06/2025,21/06/2025 F Rom 400 IV 126 5 3.64 1111 1st - 0.34 8.22 6/1 23.50
PRO PARKER,14/06/2025,14/06/2025 F Cen 277 OR1 106 5 0.00 2-3- 4th 2½ 0.06 6.4 9/2 16.54
PRO PARKER,31/05/2025,31/05/2025 F Cen 277 T1 4 0.00 1st - 0.0 16.10 Mid
PRO PARKER,23/05/2025,23/05/2025 F Rom 400 OR 118 4 3.83 6666 6th 4¾ 0.36 5.13 10/3 24.03
PRO PARKER,16/05/2025,16/05/2025 F Rom 400 OR3 118 4 3.61 2665 4th 8½ 0.42 2.41 1/1 24.42
PRO PARKER,09/05/2025,09/05/2025 F Rom 400 OR3 116 3 3.58 1111 1st - 0.26 3.59 9/4 23.44
PRO PARKER,02/05/2025,02/05/2025 F Rom 400 OR3 116 4 3.57 1111 1st - 0.25 2.56 5/4 23.46
PRO PARKER,25/04/2025,25/04/2025 F Rom 400 OR3 117 4 3.62 1111 1st - 0.26 16.6 10/1 23.70
PRO PARKER,18/04/2025,18/04/2025 F Rom 400 OR3 113 4 3.75 3332 2nd 3½ 0.33 5.48 7/2 23.81
PRO PARKER,13/04/2025,13/04/2025 F Tow 270 OR 112 5 0.00 2-2- 2nd 1½ 0.23 9.4 11/2 15.65
PRO PARKER,05/04/2025,05/04/2025 F Oxf 450 OR 114 4 3.92 2344 4th 6¾ 0.25 7.34 5/1 27.34
PRO PARKER,28/03/2025,28/03/2025 F Rom 400 OR3 116 5 3.80 3555 5th 8 0.23 2.76 13/8 24.37
PRO PARKER,21/03/2025,21/03/2025 F Rom 400 OR3 113 5 3.60 1111 1st - 0.29 8.2 5/1 23.48
PRO PARKER,10/03/2025,10/03/2025 F Not 305 OR3 105 4 0.00 3-2- 3rd 5½ 0.21 6.4 7/2 17.83
PRO PARKER,06/03/2025,06/03/2025 F Tow 270 D1 105 3 0.00 1-1- 1st - 0.29 3.1 7/4 15.50
PRO PARKER,28/02/2025,28/02/2025 F Rom 400 OR 107 6 3.58 5222 1st - 0.62 9.27 5/1 24.08
PRO PARKER,23/02/2025,23/02/2025 F Tow 270 OR 106 6 0.00 4-4- 4th 2 0.36 24.53 12/1 15.70
PRO PARKER,09/02/2025,09/02/2025 F Tow 270 OR2 108 5 0.00 5-6- 6th dis 0.19 36.0 20/1 0.00
PRO PARKER,04/02/2025,04/02/2025 F Tow 270 T1 3 0.00 1st - -0.25 15.88 Mid
PRO PARKER,31/01/2025,31/01/2025 F Rom 400 OR3 115 5 3.65 2222 3rd 6¾ 0.39 19.48 12/1 24.13
PRO PARKER,24/01/2025,24/01/2025 F Rom 400 OR3 111 5 3.63 1222 2nd 1¾ 0.36 28.0 12/1 23.88
PRO PARKER,17/01/2025,17/01/2025 F Rom 400 OR 119 5 3.77 4333 3rd 4½ 0.38 51.29 20/1 24.09
PRO PARKER,03/01/2025,03/01/2025 F Rom 400 OR 112 4 3.79 4-4- 4th 8¾ -0.04 6.0 4/1 24.46
PRO PARKER,13/03/2026,13/03/2026 20:53 F Rom 400 OR1 Pro Parker Pro Parker is a bkw dog. He  is 3 years old (May22). The owner of Pro Parker is Pro Racing Club and his current trainer is M P Brown (Suffolk Downs). Pro Park
QUINTON BOY,06/03/2026,06/03/2026 F Rom 400 OR1 111 1 3.68 3111 1st - 0.32 9.86 7/1 24.02
QUINTON BOY,17/02/2026,17/02/2026 F Rom 400 A1 108 2 3.78 5433 3rd 6¼ 0.31 5.3 7/2 24.29
QUINTON BOY,13/02/2026,13/02/2026 F Rom 225 OR 108 2 0.00 5-4- 4th 6 0.22 27.02 16/1 13.58
QUINTON BOY,06/02/2026,06/02/2026 F Rom 400 A2 104 1 3.77 1111 1st - 0.28 3.35 15/8 24.16
QUINTON BOY,31/01/2026,31/01/2026 F Rom 400 A2 103 2 3.80 4444 5th 10½ 0.45 3.01 7/4 24.36
QUINTON BOY,22/01/2026,"22/01/2026 F Rom 400 T2 2 3.68 2222 1st - 0.0 24.31 EarlyPace,Rails,Chl&LedRunIn"
QUINTON BOY,15/01/2026,15/01/2026 F Rom 225 T1 2 0.00 1st - 0.0 13.58 Rails 131 day break
QUINTON BOY,06/09/2025,06/09/2025 F Rom 400 A1 112 2 3.74 5335 5th 11¾ 0.29 11.06 8/1 24.47
QUINTON BOY,29/08/2025,29/08/2025 F Rom 400 OR 107 1 3.79 2234 4th 6¼ 0.38 10.99 8/1 24.28
QUINTON BOY,22/08/2025,22/08/2025 F Rom 400 OR 109 1 3.80 5111 1st - 0.2 5.8 4/1 23.97
QUINTON BOY,13/08/2025,13/08/2025 F Rom 400 A1 117 1 3.84 5453 4th 1½ 0.22 5.72 4/1 24.06
QUINTON BOY,04/08/2025,04/08/2025 F Rom 400 A1 117 2 3.73 3222 3rd 1½ 0.43 11.0 8/1 24.12
QUINTON BOY,18/07/2025,18/07/2025 F Rom 400 OR3 114 3 3.79 5555 5th 9½ 0.39 36.0 22/1 24.01
QUINTON BOY,12/07/2025,12/07/2025 F Rom 400 A1 108 1 3.84 2223 3rd 5¾ 0.26 2.31 1/1 24.37
QUINTON BOY,04/07/2025,04/07/2025 F Rom 400 OR3 126 1 3.87 5555 5th 11 0.13 15.77 9/1 24.35
QUINTON BOY,28/06/2025,28/06/2025 F Rom 400 A1 121 2 3.82 5555 5th 8½ 0.34 5.2 3/1 24.13
QUINTON BOY,21/06/2025,21/06/2025 F Rom 400 IV 121 3 3.82 4334 5th 9½ 0.34 7.4 9/2 24.34
QUINTON BOY,06/06/2025,06/06/2025 F Rom 400 OR3 117 3 3.69 3345 5th 9¾ 0.18 3.89 5/2 24.19
QUINTON BOY,30/05/2025,30/05/2025 F Rom 400 OR3 121 2 3.75 2111 1st - 0.32 6.01 4/1 23.97
QUINTON BOY,23/05/2025,23/05/2025 F Rom 400 OR3 117 2 3.73 1122 2nd nk 0.36 4.1 5/2 23.85
QUINTON BOY,16/05/2025,16/05/2025 F Rom 400 OR3 118 3 3.66 3111 1st - 0.42 10.04 7/1 23.81
QUINTON BOY,09/05/2025,09/05/2025 F Rom 400 OR 115 1 3.70 1111 1st - 0.26 4.56 3/1 23.68
QUINTON BOY,02/05/2025,02/05/2025 F Rom 400 OR3 119 1 3.86 4444 4th 8 0.25 10.26 7/1 24.18
QUINTON BOY,22/04/2025,22/04/2025 F Rom 400 A1 114 2 3.64 2111 1st - 0.43 3.1 7/4 23.65
QUINTON BOY,18/04/2025,18/04/2025 F Rom 225 OR 114 1 0.00 4-6- 6th 4½ 0.1 6.46 9/2 13.79
QUINTON BOY,11/04/2025,11/04/2025 F Rom 225 OR 107 1 0.00 2-2- 2nd 2 0.12 6.4 7/2 13.42
QUINTON BOY,01/04/2025,01/04/2025 F Rom 400 A1 117 2 3.61 1111 1st - 0.38 4.46 5/2 23.55
QUINTON BOY,25/03/2025,25/03/2025 F Rom 400 A1 117 2 3.62 1111 1st - 0.44 14.71 7/1 23.72
QUINTON BOY,15/03/2025,15/03/2025 F Rom 400 A1 112 1 3.72 3222 3rd 4 0.5 5.1 3/1 23.91
QUINTON BOY,01/03/2025,01/03/2025 F Rom 400 A1 112 2 3.58 1111 1st - 0.72 8.6 9/2 23.53
QUINTON BOY,21/02/2025,21/02/2025 F Rom 400 OR 106 2 3.70 2222 2nd 3¼ 0.31 9.6 6/1 24.22
QUINTON BOY,08/02/2025,08/02/2025 F Rom 400 A2 102 2 3.72 1111 1st - 0.5 5.16 7/2 23.80
QUINTON BOY,25/01/2025,25/01/2025 F Rom 400 A2 109 1 3.70 6566 6th 4¼ 0.42 4.9 11/4 24.16
QUINTON BOY,18/01/2025,18/01/2025 F Rom 400 A2 107 2 3.72 3333 2nd 2¾ 0.5 3.44 7/4 24.02
QUINTON BOY,02/01/2025,02/01/2025 F Rom 400 T1 2 3.80 1st - 0.0 24.17 Rails
QUINTON BOY,27/12/2024,27/12/2024 F Rom 400 OR 104 1 3.87 6555 5th dis 0.26 6.8 9/2 25.01
QUINTON BOY,20/12/2024,20/12/2024 F Rom 400 OR3 116 3 3.81 4556 6th dis 0.33 65.0 22/1 24.53
QUINTON BOY,13/12/2024,13/12/2024 F Rom 400 OR3 116 1 3.72 3333 3rd 1¼ 0.25 38.0 16/1 23.87
QUINTON BOY,06/12/2024,06/12/2024 F Rom 400 OR 102 1 3.81 5443 3rd 6¾ 0.23 5.71 3/1 24.30
QUINTON BOY,29/11/2024,29/11/2024 F Rom 400 OR3 98 1 3.72 3211 1st - 0.33 6.81 9/2 23.94
QUINTON BOY,22/11/2024,22/11/2024 F Rom 400 OR3 101 2 3.80 3343 3rd 2 0.04 4.3 5/2 24.20
QUINTON BOY,17/11/2024,17/11/2024 F Tow 500 OR 92 3 4.20 2222 5th 1¾ 0.25 2.31 11/10 29.65
QUINTON BOY,10/11/2024,"10/11/2024 F Tow 500 T3 3 4.06 1222 2nd 6 0.0 29.60 RlsTMid,QAw,LedTo1"
QUINTON BOY,01/11/2024,01/11/2024 F Rom 400 OR 110 1 3.83 5555 5th dis 0.23 3.93 11/4 0.00
QUINTON BOY,26/10/2024,26/10/2024 F Rom 400 A2 104 3 3.90 5445 4th 11¾ 0.33 3.32 15/8 24.59
QUINTON BOY,19/10/2024,19/10/2024 F Rom 400 A3 97 3 3.74 4222 1st - 0.38 3.32 15/8 24.06
QUINTON BOY,12/10/2024,12/10/2024 F Rom 400 A3 97 3 3.73 3333 3rd ¾ 0.45 3.97 5/2 24.02
QUINTON BOY,02/10/2024,"02/10/2024 F Rom 400 T3 3 3.75 1111 1st - 0.0 24.38 QAway,MidToRails,AlwaysLed LOAD MORE PERFORMANCES Date"
QUINTON BOY,13/03/2026,"13/03/2026 20:33 F Rom 400 OR1 Quinton Boy Quinton Boy is a bkw dog. He  is 3 years old (Aug22). The owner of Quinton Boy is Mr G L Curtis,mr P W Young and his current trainer is P W Young (Romford). "
REAL GONE LOVER,09/03/2026,09/03/2026 F Rom 400 A6 96 5 3.77 5553 2nd 1¼ 0.46 3.54 15/8 24.12
REAL GONE LOVER,02/03/2026,02/03/2026 F Rom 575 S2 116 5 13.90 6411 1st - 0.44 2.72 11/8 35.64
REAL GONE LOVER,24/02/2026,24/02/2026 F Rom 575 S1 113 5 13.84 5555 6th 3¼ 0.36 4.76 3/1 35.37
REAL GONE LOVER,16/02/2026,16/02/2026 F Rom 575 S2 115 5 13.52 3432 1st - 0.71 3.65 2/1 35.14
REAL GONE LOVER,11/02/2026,11/02/2026 F Rom 575 S3 (E) 105 6 13.51 3322 1st - 0.61 1.98 8/11
REAL GONE LOVER,06/02/2026,06/02/2026 F Rom 575 OR 110 5 13.75 5433 3rd 5¼ 0.4 17.93 10/1 35.43
REAL GONE LOVER,31/01/2026,31/01/2026 F Rom 575 S2 110 6 13.72 5552 2nd 2 0.39 6.0 7/2 35.33
REAL GONE LOVER,27/01/2026,27/01/2026 F Rom 400 A8 78 6 3.86 3221 1st - 0.42 3.35 7/4 23.95
REAL GONE LOVER,20/01/2026,20/01/2026 F Rom 575 S2 110 6 13.65 4334 4th 3¼ 0.49 10.5 7/1 35.60
REAL GONE LOVER,13/01/2026,13/01/2026 F Rom 400 A8 80 5 3.85 4444 2nd 1 0.31 4.3 9/4 24.20
REAL GONE LOVER,07/01/2026,07/01/2026 F Rom 400 A9 81 4 3.83 2231 1st - 0.36 3.76 9/4 24.22
REAL GONE LOVER,31/12/2025,"31/12/2025 F Rom 400 T3 6 3.85 2222 1st - 0.1 24.99 EP,W,Bmp 1/2,FcdTCk&Bmp3,LdNrLn 25 day break"
REAL GONE LOVER,06/12/2025,06/12/2025 F Rom 400 A8 84 5 3.87 5544 2nd sh 0.23 4.55 11/4 24.38
REAL GONE LOVER,01/12/2025,01/12/2025 F Rom 400 A8 84 5 3.85 4665 3rd 4¼ 0.38 3.76 2/1 24.40
REAL GONE LOVER,26/11/2025,26/11/2025 F Rom 400 IT 107 5 3.85 5565 5th 11¾ 0.34 39.62 16/1 24.72
REAL GONE LOVER,19/11/2025,19/11/2025 F Rom 400 IT 108 5 3.83 6666 6th 11 0.26 27.0 14/1 24.56
REAL GONE LOVER,12/11/2025,12/11/2025 F Har 238 D4 77 6 0.00 3-4- 4th 2¼ 0.48 3.1 5/4 15.18
REAL GONE LOVER,31/10/2025,"31/10/2025 F Har 238 T3 6 0.00 2-2- 2nd sh 0.1 15.73 RanOn,Wide 58 day break"
REAL GONE LOVER,03/09/2025,03/09/2025 F Har 415 A4 119 6 4.98 3433 3rd 3¼ 1.22 5.2 7/2 25.92
REAL GONE LOVER,29/08/2025,29/08/2025 F Har 415 A4 120 6 4.93 1344 2nd 4¾ 1.39 4.8 11/4 26.11
REAL GONE LOVER,15/08/2025,15/08/2025 F Rom 575 OR 112 6 13.74 3343 3rd 10¼ 0.1 48.0 20/1 35.31
REAL GONE LOVER,08/08/2025,"08/08/2025 F Rom 400 T3 6 3.94 3333 1st - 0.1 24.60 SAway,Wide,Bmp4,LedRnIn"
REAL GONE LOVER,01/08/2025,01/08/2025 F Har 415 A5 106 6 4.82 1111 1st - 1.2 3.8 9/4 25.53
REAL GONE LOVER,25/07/2025,25/07/2025 F Har 238 T1 6 0.00 1st - 0.1 15.53 Wide 42 day break
REAL GONE LOVER,13/06/2025,13/06/2025 F Har 415 A5 110 5 4.97 3444 4th 2 0.95 6.2 7/2 25.96
REAL GONE LOVER,04/06/2025,04/06/2025 F Har 238 T1 5 0.00 1st - 0.2 15.83 Wide 25 day break
REAL GONE LOVER,10/05/2025,10/05/2025 F Cen 491 OR 95 6 3.30 6645 4th 7¾ 0.02 6.93 5/1 29.97
REAL GONE LOVER,03/05/2025,03/05/2025 F Cen 491 OR 96 6 3.17 4665 5th 8 0.1 12.44 7/1 29.96
REAL GONE LOVER,26/04/2025,26/04/2025 F Cen 491 OR 102 6 3.25 6444 3rd 1¾ 0.06 19.8 12/1 29.65
REAL GONE LOVER,17/04/2025,17/04/2025 F Cen 491 T1 6 0.00 1st - -0.1 29.58 Wide
REAL GONE LOVER,11/04/2025,11/04/2025 F Har 415 A4 103 5 5.03 2343 2nd 2¼ 1.44 3.36 7/4 26.15
REAL GONE LOVER,07/04/2025,07/04/2025 F Har 415 A4 111 6 4.94 2333 2nd 2 0.82 5.27 10/3 25.96
REAL GONE LOVER,02/04/2025,02/04/2025 F Har 238 D4 (E) 72 5 0.00 3-1- 1st - 0.64 5.94 10/3
REAL GONE LOVER,28/03/2025,28/03/2025 F Har 238 D4 68 5 0.00 5-5- 3rd 1¼ 0.64 4.6 5/2 15.21
REAL GONE LOVER,24/03/2025,24/03/2025 F Har 238 D4 74 5 0.00 5-6- 4th 4¾ 0.74 5.1 11/4 15.26
REAL GONE LOVER,17/03/2025,"17/03/2025 F Har 238 T3 5 0.00 1-1- 1st - 0.1 15.63 ALd,MidToWide 58 day break"
REAL GONE LOVER,18/01/2025,18/01/2025 F Cen 491 T1 6 3.31 1st - -0.3 29.72 MidToWide 19 day break
REAL GONE LOVER,30/12/2024,30/12/2024 F Har 415 A5 96 4 5.09 4433 1st - 0.98 5.03 10/3 26.12
REAL GONE LOVER,23/12/2024,23/12/2024 F Har 415 A6 84 5 5.03 4332 1st - 0.85 5.26 3/1 25.94
REAL GONE LOVER,18/12/2024,18/12/2024 F Har 415 A6 84 5 5.08 3544 3rd 8¼ 0.9 4.6 5/2 26.45
REAL GONE LOVER,13/12/2024,13/12/2024 F Har 415 A5 92 5 5.08 3554 4th 1¾ 0.96 5.07 5/2 26.00
REAL GONE LOVER,06/12/2024,06/12/2024 F Har 415 A6 78 5 5.06 3443 1st - 0.85 3.71 2/1 26.45
REAL GONE LOVER,02/12/2024,02/12/2024 F Har 415 A7 78 4 5.16 5532 1st - 0.8 4.4 11/4 26.23
REAL GONE LOVER,27/11/2024,27/11/2024 F Har 415 A7 77 4 5.16 4443 2nd nk 1.03 5.6 7/2 26.69
REAL GONE LOVER,22/11/2024,22/11/2024 F Har 415 A7 75 5 5.11 3444 1st - 0.71 6.94 4/1 26.47
REAL GONE LOVER,18/11/2024,18/11/2024 F Har 415 A7 51 4 5.12 4221 1st - 0.68 9.87 6/1 26.50
REAL GONE LOVER,13/11/2024,13/11/2024 F Har 415 A7 64 4 5.19 4666 6th 10¼ 0.66 10.5 9/2 27.27
REAL GONE LOVER,08/11/2024,08/11/2024 F Har 238 D5 36 4 0.00 4-5- 3rd 5½ 0.41 4.7 3/1 15.80
REAL GONE LOVER,23/10/2024,23/10/2024 F Har 238 D5 26 4 0.00 6-5- 2nd 3¾ 0.5 3.62 2/1 15.59
REAL GONE LOVER,18/10/2024,"18/10/2024 F Har 238 T3 6 0.00 2-2- 1st - -0.15 16.06 BBmp1,Bmp&Led2 LOAD MORE PERFORMANCES Date"
REAL GONE LOVER,13/03/2026,13/03/2026 21:33 F Rom 575 OR Real Gone Lover Real Gone Lover is a f bitch. She  is 2 years old (Jun23). The owner of Real Gone Lover is Mr C M C Cashmore and her current trainer is D K Hurlock (Romfo
ROCKMOUNT KELLIE,07/03/2026,07/03/2026 F Yar 277 IV 118 1 0.00 3-1- 1st - 0.38 2.06 4/5 15.97
ROCKMOUNT KELLIE,01/03/2026,01/03/2026 F She 280 IV 115 1 0.00 2-1- 1st - 0.32 4.77 3/1 15.52
ROCKMOUNT KELLIE,15/02/2026,15/02/2026 F Yar 277 T1 3 0.00 1st - -0.15 16.24 MidTRls
ROCKMOUNT KELLIE,08/02/2026,08/02/2026 F Yar 277 T1 3 0.00 1st - 0.0 16.38 Middle 44 day break
ROCKMOUNT KELLIE,26/12/2025,26/12/2025 F Yar 462 A1 96 3 5.18 2111 3rd 5 0.34 5/4 28.05 112
ROCKMOUNT KELLIE,17/12/2025,17/12/2025 F Yar 462 A1 97 2 5.02 1111 1st - 0.39 3.1 15/8 27.75
ROCKMOUNT KELLIE,13/12/2025,13/12/2025 F Yar 462 A2 89 2 5.07 2111 1st - 0.51 1.81 8/11 27.43
ROCKMOUNT KELLIE,07/12/2025,07/12/2025 F Yar 462 A2 94 2 5.18 3112 2nd 3 0.17 2.44 5/4 27.85
ROCKMOUNT KELLIE,29/11/2025,29/11/2025 F Yar 462 A2 88 1 5.16 3111 2nd 1½ 0.32 3.21 7/4 28.00
ROCKMOUNT KELLIE,23/11/2025,23/11/2025 F Yar 462 A2 74 2 5.07 4112 4th 8¾ 1.26 2.88 7/4 28.02
ROCKMOUNT KELLIE,15/11/2025,"15/11/2025 F Yar 462 T3 1 5.16 2122 2nd 4¼ 0.0 28.60 Rls-Mid,SnLd-VW2 20 day break"
ROCKMOUNT KELLIE,26/10/2025,"26/10/2025 F Yar 462 T3 2 5.26 2111 1st - 0.0 28.13 Rls-Mid,SnLd"
ROCKMOUNT KELLIE,18/10/2025,18/10/2025 F Yar 462 T1 3 5.22 1st - 0.1 28.12 Rls-Mid LOAD MORE PERFORMANCES Date Time
ROCKMOUNT KELLIE,13/03/2026,13/03/2026 19:13 F Rom 225 OR3 Rockmount Kellie Rockmount Kellie is a bd bitch. She  is 2 years old (Nov23). The owner of Rockmount Kellie is Mr C R Morris and her current trainer is C R Morris (Yarmo
ROYAL HOTSHOT,06/03/2026,06/03/2026 F Rom 575 OR 122 4 13.43 1122 2nd 1¼ 0.46 46.05 28/1 34.69
ROYAL HOTSHOT,27/02/2026,27/02/2026 F Rom 575 OR 105 6 13.80 2232 1st - 0.22 2.17 1/1 35.43
ROYAL HOTSHOT,20/02/2026,20/02/2026 F Rom 575 OR 108 4 14.00 5453 3rd 1 0.62 4.4 3/1 35.41
ROYAL HOTSHOT,14/02/2026,14/02/2026 F Yar 462 OR 101 5 5.26 3332 2nd 5¼ 0.52 9.0 8/1 27.40
ROYAL HOTSHOT,09/02/2026,09/02/2026 F Yar 462 A2 84 3 5.33 2442 2nd 1¾ 0.3 2.06 10/11 27.63
ROYAL HOTSHOT,04/02/2026,04/02/2026 F Yar 462 A2 92 3 5.30 2333 3rd 2¾ 0.45 3.85 2/1 27.41
ROYAL HOTSHOT,31/01/2026,31/01/2026 F Yar 462 A2 84 4 5.19 1446 5th 7 0.42 10.0 7/1 27.91
ROYAL HOTSHOT,26/01/2026,"26/01/2026 F Yar 462 T3 6 5.38 1st - 0.0 28.31 Mid,Ld3"
ROYAL HOTSHOT,21/01/2026,"21/01/2026 F Yar 462 T4 5 5.34 2222 2nd 3 0.1 28.33 Mid-W,ChlTh'out,MidRnIn"
ROYAL HOTSHOT,17/01/2026,"17/01/2026 F Yar 462 T1 3 5.45 1st - -0.3 28.30 Mid-W,Mid,RnIn LOAD MORE PERFORMANCES Date Time"
ROYAL HOTSHOT,13/03/2026,13/03/2026 21:53 F Rom 575 OR Royal Hotshot Royal Hotshot is a bk bitch. She  is 2 years old (Aug23). The owner of Royal Hotshot is Mrs L M Hyde-banning and her current trainer is J G Mullins (Towcest
SEHNSA AMIGO,06/03/2026,06/03/2026 F Rom 400 OR1 (E) 111 2 3.77 6433 2nd hd 0.32 4.1 5/2
SEHNSA AMIGO,27/02/2026,27/02/2026 F Rom 400 OR 116 1 3.73 4455 5th 6¾ 0.15 8.94 9/2 24.24
SEHNSA AMIGO,20/02/2026,20/02/2026 F Rom 400 OR 112 2 3.70 3333 3rd 2¼ 0.26 5.02 7/2 23.83
SEHNSA AMIGO,13/02/2026,13/02/2026 F Rom 400 OR 108 2 3.69 4611 1st - 0.4 7.2 5/1 23.72
SEHNSA AMIGO,01/02/2026,01/02/2026 F Tow 270 OR 118 3 0.00 3-3- 3rd 5¾ 0.21 10.5 8/1 15.89
SEHNSA AMIGO,23/01/2026,23/01/2026 F Rom 400 OR 109 4 3.70 2222 2nd nk 0.28 7.6 9/2 23.79
SEHNSA AMIGO,18/01/2026,18/01/2026 F Oxf 450 OR 117 5 0.00 2223 4th 2¾ 0.15 20.0 16/1 27.04
SEHNSA AMIGO,11/01/2026,11/01/2026 F Tow 270 OR 116 3 0.00 4-4- 4th 9¾ 0.41 13.0 8/1 16.01
SEHNSA AMIGO,02/01/2026,02/01/2026 F Tow 270 D1 107 3 0.00 2-2- 2nd sh 0.35 3.45 15/8 15.37
SEHNSA AMIGO,20/12/2025,20/12/2025 F Tow 270 D1 99 3 0.00 2-2- 2nd 2 0.26 3.7 9/4 15.48
SEHNSA AMIGO,13/12/2025,13/12/2025 F Tow 270 D1 93 3 0.00 1-1- 1st - 0.3 4.17 11/4 15.42
SEHNSA AMIGO,07/12/2025,07/12/2025 F Tow 270 OR 98 4 0.00 5-5- 5th 10¾ 0.13 10.0 6/1 16.69
SEHNSA AMIGO,29/11/2025,"29/11/2025 F Oxf 450 T1 1 0.00 1st - -0.2 27.19 MidRnUp,RlsRnIn(HT)"
SEHNSA AMIGO,21/11/2025,21/11/2025 F Dun 270 OR 98 6 0.00 4-4- 3rd ½ 0.0 3.67 9/4 16.02
SEHNSA AMIGO,14/11/2025,14/11/2025 F Dun 270 OR 86 4 0.00 4-5- 4th 2¼ 0.22 1.86 4/6 16.11
SEHNSA AMIGO,07/11/2025,07/11/2025 F Tow 270 D1 106 3 0.00 1-4- 4th 4 0.3 7.4 4/1 16.18
SEHNSA AMIGO,31/10/2025,31/10/2025 F Tow 270 D1 94 3 0.00 2-1- 1st - 0.28 2.88 11/10 15.55
SEHNSA AMIGO,24/10/2025,24/10/2025 F Tow 270 D1 101 3 0.00 1-4- 4th 1½ 0.36 8.85 5/1 15.80
SEHNSA AMIGO,18/10/2025,18/10/2025 F Tow 270 D1 103 5 0.00 6-6- 6th 10¼ 0.33 4.92 3/1 16.36
SEHNSA AMIGO,10/10/2025,10/10/2025 F Dun 270 OR2 121 5 0.00 3-5- 5th 6¾ 0.52 60.14 25/1 15.63
SEHNSA AMIGO,06/10/2025,"06/10/2025 F Dun 270 T2 4 0.00 2-2- 2nd 1¾ -0.05 15.97 EP,Mid"
SEHNSA AMIGO,28/09/2025,"28/09/2025 F Tow 270 T3 5 0.00 1-1- 1st - 0.0 15.73 Mid,ALd"
SEHNSA AMIGO,21/09/2025,"21/09/2025 F Tow 270 T3 5 0.00 1-1- 1st - -0.05 15.87 Mid,EP,ALed"
SEHNSA AMIGO,13/09/2025,13/09/2025 F Rom 400 A2 104 3 3.84 5444 4th 2 0.53 5.76 7/2 24.14
SEHNSA AMIGO,06/09/2025,06/09/2025 F Rom 400 A2 108 3 3.77 3666 6th 8¼ 0.29 8.25 9/2 24.54
SEHNSA AMIGO,30/08/2025,30/08/2025 F Rom 400 A2 107 3 3.84 4566 6th 11¾ 0.42 4.52 5/2 24.75
SEHNSA AMIGO,21/08/2025,"21/08/2025 F Rom 400 T2 3 3.85 2222 2nd 3¾ 0.0 24.44 EarlyPace,Middle"
SEHNSA AMIGO,14/08/2025,"14/08/2025 F Rom 400 T2 5 3.82 2222 2nd 1½ 0.0 24.65 EPace,Mid,EveryChance 41 day break"
SEHNSA AMIGO,04/07/2025,04/07/2025 F Rom 400 OR 110 4 3.88 4322 3rd 5¼ 0.3 3.54 7/4 24.15
SEHNSA AMIGO,27/06/2025,27/06/2025 F Sun 261 OR3 121 3 0.00 5-4- 4th 6 0.1 3.9 9/4 15.76
SEHNSA AMIGO,20/06/2025,20/06/2025 F Sun 261 OR3 120 2 0.00 4-3- 3rd 7½ 0.06 1.88 4/6 16.00
SEHNSA AMIGO,14/06/2025,14/06/2025 F Cen 277 OR1 115 4 0.00 2-4- 4th 2 0.06 3.98 2/1 16.43
SEHNSA AMIGO,03/06/2025,"03/06/2025 F Cen 277 T1 2 0.00 1st - -0.1 16.36 WideStt,Mid"
SEHNSA AMIGO,30/05/2025,30/05/2025 F Rom 400 OR3 114 1 3.78 3222 1st - 0.32 1.87 8/11 23.95
SEHNSA AMIGO,23/05/2025,23/05/2025 F Rom 400 OR3 109 4 3.81 3332 2nd 2½ 0.36 1.77 8/11 23.83
SEHNSA AMIGO,16/05/2025,16/05/2025 F Rom 400 OR3 110 3 3.81 4444 4th 4 0.25 3.12 7/4 24.05
SEHNSA AMIGO,09/05/2025,09/05/2025 F Rom 400 OR3 112 4 3.65 2111 2nd nk 0.26 2.17 1/1 23.75
SEHNSA AMIGO,03/05/2025,03/05/2025 F Cen 277 T1 3 0.00 1st - -0.1 16.26 Middle
SEHNSA AMIGO,29/04/2025,29/04/2025 F Rom 400 A2 98 4 3.60 1111 1st - 0.42 2.42 11/10 23.62
SEHNSA AMIGO,24/04/2025,"24/04/2025 F Rom 400 T3 4 3.72 1111 1st - 0.0 24.26 QAway,Middle,AlwaysLed"
SEHNSA AMIGO,18/04/2025,"18/04/2025 F Rom 400 T3 4 3.71 1111 1st - 0.1 24.26 QuickAway,Mid,AlwaysLed"
SEHNSA AMIGO,11/04/2025,11/04/2025 F Rom 400 T1 3 3.71 1st - 0.0 24.21 Middle LOAD MORE PERFORMANCES Date Time
SEHNSA AMIGO,13/03/2026,"13/03/2026 20:33 F Rom 400 OR1 Sehnsa Amigo Sehnsa Amigo is a bk dog. He  is 2 years old (Sep23). The owner of Sehnsa Amigo is Mr N K Raja,mr G White and his current trainer is B Stowe (Towcester). Se"
SLINGSHOT POPPY,06/03/2026,06/03/2026 F Rom 400 OR1 117 4 3.52 1111 1st - 0.32 1.67 1/2 23.24
SLINGSHOT POPPY,25/02/2026,25/02/2026 F Rom 400 T1 4 3.70 1st - 0.0 23.58 Middle
SLINGSHOT POPPY,20/02/2026,20/02/2026 F Sun 261 T1 3 0.00 1st - 0.0 15.41 Middle
SLINGSHOT POPPY,13/02/2026,13/02/2026 F Sun 450 OR 105 5 4.92 2111 1st - 0.28 1.25 1/6 26.73
SLINGSHOT POPPY,29/01/2026,29/01/2026 F New 290 T1 3 0.00 1st - 0.05 16.93 MiddleTRails 42 day break
SLINGSHOT POPPY,18/12/2025,18/12/2025 F New 480 OR1 132 3 4.43 2122 4th 6 0.32 2.02 1/1 28.40
SLINGSHOT POPPY,11/12/2025,11/12/2025 F New 480 OR1 130 5 4.40 1111 1st - 0.41 2.48 5/4 28.15
SLINGSHOT POPPY,04/12/2025,04/12/2025 F New 480 T1 4 4.60 1st - 0.0 28.56 Middle
SLINGSHOT POPPY,21/11/2025,21/11/2025 F Sun 450 IV 118 2 5.01 1111 1st - 0.15 1.5 4/9 26.41
SLINGSHOT POPPY,14/11/2025,14/11/2025 F Sun 450 OR1 119 4 5.01 1311 6th 3¼ 0.68 2.01 10/11 27.49
SLINGSHOT POPPY,07/11/2025,07/11/2025 F Sun 450 OR1 124 4 4.92 1111 1st - 0.39 1.55 1/2 26.39
SLINGSHOT POPPY,24/10/2025,24/10/2025 F Sun 450 T1 3 4.93 1st - 0.0 26.86 Middle
SLINGSHOT POPPY,10/10/2025,"10/10/2025 F Sun 450 T3 2 4.88 2111 1st - 0.0 27.13 EP,LedRunUp"
SLINGSHOT POPPY,02/10/2025,"02/10/2025 F New 480 T3 2 4.53 1111 1st - -0.1 28.25 EP,Rls,ALd"
SLINGSHOT POPPY,25/09/2025,25/09/2025 F New 480 T1 3 4.35 1st - 0.1 28.26 MidToRls Trainer Change: P Buckley (Irish) to
SLINGSHOT POPPY,18/09/2025,18/09/2025 F New 290 T1 4 0.00 1st - 0.0 16.46 MiddleTRails
SLINGSHOT POPPY,11/09/2025,11/09/2025 F New 290 T1 3 0.00 1st - 0.0 16.91 Rails 76 day break
SLINGSHOT POPPY,27/06/2025,27/06/2025 F Sun 450 OR2 111 3 4.83 1111 1st - 0.17 1.91 8/11 26.56
SLINGSHOT POPPY,20/06/2025,20/06/2025 F Sun 450 OR2 111 4 4.87 2211 1st - 0.11 2.0 8/11 26.83
SLINGSHOT POPPY,13/06/2025,13/06/2025 F Sun 450 OR2 104 4 4.85 2111 1st - -0.05 3.13 13/8 26.78
SLINGSHOT POPPY,13/03/2026,13/03/2026 20:13 F Rom 400 OR1 Slingshot Poppy Slingshot Poppy is a bd bitch. She  is 2 years old (Oct23). The owner of Slingshot Poppy is Mr C Armstrong and her current trainer is B Fairbairn (Newcas
SWIFT AGILE,09/03/2026,09/03/2026 F Rom 400 A4 99 6 3.81 4564 3rd 4½ 0.58 10.0 5/1 24.18
SWIFT AGILE,04/03/2026,04/03/2026 F Rom 575 S1 118 6 13.83 6665 4th 4¾ 0.64 4.9 3/1 35.47
SWIFT AGILE,27/02/2026,27/02/2026 F Rom 575 OR 122 6 13.64 1111 1st - 0.62 5.06 7/2 35.08
SWIFT AGILE,23/02/2026,23/02/2026 F Rom 400 A4 84 6 3.74 4654 4th 4 0.44 7.2 7/2 24.11
SWIFT AGILE,16/02/2026,16/02/2026 F Rom 400 A5 98 6 3.73 1111 1st - 0.5 5.2 3/1 24.05
SWIFT AGILE,11/02/2026,11/02/2026 F Rom 575 S2 114 6 13.46 1111 1st - 0.61 3.43 7/4 34.89
SWIFT AGILE,07/02/2026,07/02/2026 F Rom 575 S1 124 6 13.64 1233 2nd 3 0.62 10.3 7/1 35.34
SWIFT AGILE,31/01/2026,31/01/2026 F Rom 575 S1 122 6 13.53 4455 5th 3¼ 0.64 7.6 5/1 35.19
SWIFT AGILE,24/01/2026,24/01/2026 F Rom 575 S3 111 6 13.38 2111 1st - 0.75 1.69 4/7 34.71
SWIFT AGILE,17/01/2026,17/01/2026 F Rom 400 A6 91 6 3.72 2143 1st - 0.67 4.5 2/1 24.21
SWIFT AGILE,10/01/2026,10/01/2026 F Rom 400 A7 (E) 81 6 3.78 3222 1st - 0.49 3.47 13/8
SWIFT AGILE,03/01/2026,03/01/2026 F Rom 400 A6 93 6 4.01 6664 4th 5 0.06 8.6 5/1 24.86
SWIFT AGILE,26/12/2025,26/12/2025 F Rom 575 S3 112 6 13.87 4433 2nd 3½ 0.3 3/1 35.39 81
SWIFT AGILE,20/12/2025,20/12/2025 F Rom 575 S3 102 6 13.71 3323 2nd 1¾ 0.63 4.1 9/4 35.40
SWIFT AGILE,13/12/2025,13/12/2025 F Rom 400 A6 94 6 3.91 3454 3rd 4¾ 0.51 6.8 4/1 24.41
SWIFT AGILE,06/12/2025,06/12/2025 F Rom 400 A6 92 6 3.79 1233 2nd 2 0.23 4.8 11/4 24.18
SWIFT AGILE,29/11/2025,29/11/2025 F Rom 400 A6 87 6 3.78 2466 3rd 1¼ 0.33 3.89 9/4 24.21
SWIFT AGILE,15/11/2025,15/11/2025 F Rom 575 S3 114 6 13.74 2233 3rd 2¼ 0.54 2.02 5/6 35.28
SWIFT AGILE,10/11/2025,10/11/2025 F Rom 400 A6 93 6 3.79 3433 2nd ¾ 0.38 11.0 7/1 24.04
SWIFT AGILE,31/10/2025,31/10/2025 F Rom 400 A5 93 6 3.86 3555 5th 4¼ 0.23 10.0 6/1 24.36
SWIFT AGILE,27/10/2025,27/10/2025 F Rom 400 A5 93 6 3.79 1665 5th 6½ 0.36 12.68 7/1 24.36
SWIFT AGILE,20/10/2025,20/10/2025 F Rom 400 A6 91 6 3.77 1111 1st - 0.36 5.71 3/1 24.11
SWIFT AGILE,15/10/2025,15/10/2025 F Rom 400 A7 90 5 3.76 3222 1st - 0.43 9.8 5/1 24.17
SWIFT AGILE,11/10/2025,11/10/2025 F Rom 400 A8 85 6 3.72 1111 1st - 0.49 5.12 7/2 24.13
SWIFT AGILE,04/10/2025,04/10/2025 F Rom 400 A8 85 6 3.85 4444 4th 7¼ 0.58 3.86 2/1 24.74
SWIFT AGILE,27/09/2025,27/09/2025 F Rom 400 A10 72 6 3.74 1111 1st - 0.56 5.4 2/1 24.04
SWIFT AGILE,20/09/2025,20/09/2025 F Rom 400 A10 78 6 3.81 1222 2nd 2¼ 0.5 2.42 11/10 24.47
SWIFT AGILE,15/09/2025,15/09/2025 F Rom 400 A10 75 6 3.77 1222 2nd 1½ 0.61 5.0 9/4 24.57
SWIFT AGILE,08/09/2025,08/09/2025 F Rom 400 A10 79 6 3.86 2333 3rd 6½ 0.4 4.95 3/1 24.75
SWIFT AGILE,30/08/2025,30/08/2025 F Rom 400 A9 84 6 3.76 1111 3rd 2 0.42 12.93 10/1 24.44
SWIFT AGILE,20/08/2025,20/08/2025 F Rom 400 A8 83 5 3.80 3355 5th 5¾ 0.42 25.71 14/1 24.80
SWIFT AGILE,14/08/2025,"14/08/2025 F Rom 400 T3 5 4.01 2222 2nd 3¼ 0.0 25.13 EarlyPace,Wide"
SWIFT AGILE,07/08/2025,"07/08/2025 F Rom 400 T3 6 3.84 1111 1st - 0.0 25.07 QuickAway,Wide,ALed"
SWIFT AGILE,25/07/2025,"25/07/2025 F Rom 400 T3 5 3.91 3333 3rd 6¼ 0.1 24.97 SlowAway,MiddleToWide 30 day break"
SWIFT AGILE,25/06/2025,25/06/2025 F Yar 659 S2 113 6 16.92 6555 5th 6½ 0.38 3.95 3/1 40.84
SWIFT AGILE,19/06/2025,19/06/2025 F Tow 500 T1 5 4.20 1st - 0.0 30.23 Wide 20 day break
SWIFT AGILE,30/05/2025,30/05/2025 F Rom 750 OR 107 6 24.45 2233 4th 12 0.6 14.31 8/1 47.70
SWIFT AGILE,26/05/2025,26/05/2025 F Yar 462 A2 102 6 5.36 4444 5th 8¾ 0.21 10.5 7/1 28.08
SWIFT AGILE,21/05/2025,21/05/2025 F Yar 462 A2 89 6 5.37 1664 3rd 3¼ 0.36 15.59 9/1 27.74
SWIFT AGILE,14/05/2025,14/05/2025 F Yar 462 A6 75 5 5.31 1111 1st - 0.41 3.2 13/8 27.50
SWIFT AGILE,07/05/2025,07/05/2025 F Yar 462 A6 58 5 5.46 2443 3rd 1¼ 0.42 2.77 5/4 28.30
SWIFT AGILE,03/05/2025,03/05/2025 F Yar 462 T3 3 5.67 3333 2nd nk 0.0 28.85 Wide
SWIFT AGILE,20/04/2025,"20/04/2025 F Yar 462 T3 6 5.54 1333 3rd 5¼ 0.0 28.91 QAw,W,Crd2"
SWIFT AGILE,14/04/2025,"14/04/2025 F Yar 462 T1 3 5.53 1st - 0.2 28.94 StbStt,Wide"
SWIFT AGILE,30/03/2025,30/03/2025 F She 660 T1 6 13.47 1st - -0.3 40.50 RlsToMid
SWIFT AGILE,21/03/2025,21/03/2025 F Sun 640 OR 108 5 15.90 2444 5th 7¼ 0.65 17.73 10/1 39.34
SWIFT AGILE,13/03/2025,13/03/2025 F New 640 OR 103 6 13.59 1111 1st - 0.26 11.0 6/1 39.01
SWIFT AGILE,06/03/2025,06/03/2025 F New 640 OR 84 5 13.74 1233 2nd 5¾ 0.09 36.81 20/1 39.61
SWIFT AGILE,27/02/2025,27/02/2025 F New 480 A4 83 6 4.71 5333 2nd 3¼ 0.04 5.8 7/2 29.42
SWIFT AGILE,20/02/2025,20/02/2025 F New 480 A4 84 6 4.70 5333 2nd 1 0.07 3.98 5/2 29.23
SWIFT AGILE,13/03/2026,13/03/2026 22:13 F Rom 750 OR Swift Agile Swift Agile is a ltf bitch. She  is 2 years old (Apr23). The owner of Swift Agile is Mrs S A Button and her current trainer is P D Burr (Romford). Swift Agile
SWIFT HOSTILE,06/03/2026,06/03/2026 F Rom 400 OR1 116 3 3.57 1111 1st - 0.32 5.52 7/2 24.01
SWIFT HOSTILE,26/02/2026,26/02/2026 F Rom 400 T1 2 3.74 1st - 0.0 24.02 Rails
SWIFT HOSTILE,19/02/2026,19/02/2026 F Rom 400 T1 2 3.72 1st - 0.0 24.27 Rails
SWIFT HOSTILE,08/02/2026,08/02/2026 F She 280 T1 3 0.00 1st - 0.0 15.80 RlsToMid
SWIFT HOSTILE,25/01/2026,25/01/2026 F She 280 IV 138 3 0.00 1-1- 1st - 0.33 3.38 7/4 15.28
SWIFT HOSTILE,11/01/2026,11/01/2026 F She 280 IV 135 1 0.00 2-1- 1st - 0.3 1.78 4/6 15.64
SWIFT HOSTILE,21/12/2025,21/12/2025 F She 280 IV 119 3 0.00 4-5- 5th 4¾ 0.35 3.22 15/8 15.88
SWIFT HOSTILE,11/12/2025,11/12/2025 F New 480 OR1 120 3 4.48 1111 4th 3¼ 0.41 12.5 8/1 28.83
SWIFT HOSTILE,04/12/2025,04/12/2025 F New 480 T1 2 4.58 1st - 0.0 28.94 Rails
SWIFT HOSTILE,25/11/2025,25/11/2025 F New 480 T1 2 4.61 1st - -0.4 29.31 Middle
SWIFT HOSTILE,16/11/2025,16/11/2025 F She 280 T1 2 0.00 1st - 0.05 15.83 RlsMid
SWIFT HOSTILE,09/11/2025,"09/11/2025 F She 280 T1 2 0.00 1st - 0.1 15.98 MidTRls,(HT)"
SWIFT HOSTILE,26/10/2025,26/10/2025 F She 280 T1 1 0.00 1st - 0.05 15.93 RlsMid 64 day break
SWIFT HOSTILE,23/08/2025,23/08/2025 F Mon 480 OR 111 3 4.30 1111 3rd 1¾ 0.27 2.06 11/10 28.54
SWIFT HOSTILE,16/08/2025,"16/08/2025 F Mon 480 T1 3 4.61 1st - -0.1 28.79 SlightlyStbStart,RlsToMid"
SWIFT HOSTILE,10/08/2025,10/08/2025 F She 500 A1 118 2 4.23 1111 1st - 0.34 2.76 13/8 28.55
SWIFT HOSTILE,03/08/2025,03/08/2025 F She 500 A1 115 1 4.15 1111 1st - 0.77 2.96 7/4 28.46
SWIFT HOSTILE,29/07/2025,29/07/2025 F She 500 T1 1 4.29 1st - 0.2 29.18 RlsMid
SWIFT HOSTILE,20/07/2025,"20/07/2025 F She 500 T1 2 4.43 1st - 0.0 29.74 Rls,StumbledRunUp"
SWIFT HOSTILE,13/07/2025,13/07/2025 F She 280 T1 3 0.00 1st - 0.05 15.96 MidTRls
SWIFT HOSTILE,06/07/2025,06/07/2025 F She 280 T1 2 0.00 1st - 0.05 15.97 MidTRls 105 day break
SWIFT HOSTILE,23/03/2025,23/03/2025 F She 500 OR 103 1 4.13 1111 1st - 0.5 1.57 2/5 28.57
SWIFT HOSTILE,16/03/2025,16/03/2025 F She 500 OR 122 2 4.08 2111 1st - 0.43 4.2 5/2 28.63
SWIFT HOSTILE,11/03/2025,11/03/2025 F She 500 A2 99 3 4.13 2111 1st - 0.3 2.04 8/11 28.53
SWIFT HOSTILE,04/03/2025,04/03/2025 F She 500 A2 105 3 4.13 1111 2nd sh 0.42 3.4 2/1 28.62
SWIFT HOSTILE,27/02/2025,"27/02/2025 F She 500 T3 1 4.19 2111 2nd sh 0.2 29.66 RlsToMid,Ld1ToNrLn"
SWIFT HOSTILE,20/02/2025,"20/02/2025 F She 500 T3 2 4.19 1111 1st - 0.2 29.29 RlsMid,EP,SnLed"
SWIFT HOSTILE,13/02/2025,"13/02/2025 F She 500 T3 4 4.18 1111 1st - 0.2 29.47 MidRls,QAw,ALed"
SWIFT HOSTILE,02/02/2025,"02/02/2025 F She 280 T3 2 0.00 3-2- 3rd 4½ 0.0 16.64 Wide2,CrdRnIn"
SWIFT HOSTILE,26/01/2025,26/01/2025 F She 280 T1 4 0.00 1st - -0.1 16.19 MidRls LOAD MORE PERFORMANCES Date Time
SWIFT HOSTILE,13/03/2026,13/03/2026 20:53 F Rom 400 OR1 Swift Hostile Swift Hostile is a bkw dog. He  is 2 years old (Jul23). The owner of Swift Hostile is The Good Fellows and his current trainer is R A Draper (Sheffield). S
TALLY HO SOCKS,06/03/2026,06/03/2026 F Rom 400 OR1 117 2 3.76 5554 3rd 8½ 0.32 23.8 18/1 23.85
TALLY HO SOCKS,28/02/2026,28/02/2026 F Cen 491 OR 122 2 3.04 2555 5th 6¼ -0.07 24.0 16/1 29.66
TALLY HO SOCKS,21/02/2026,21/02/2026 F Cen 491 OR 117 4 3.04 1222 2nd 2 0.0 60.0 33/1 28.90
TALLY HO SOCKS,13/02/2026,13/02/2026 F Rom 400 OR3 110 1 3.72 5554 3rd 4¾ 0.4 5.2 7/2 23.89
TALLY HO SOCKS,06/02/2026,06/02/2026 F Rom 575 OR 110 1 13.32 2111 1st - 0.4 1.76 8/13 35.08
TALLY HO SOCKS,30/01/2026,30/01/2026 F Rom 400 OR3 117 2 3.72 2555 4th 4¼ 0.38 9.4 8/1 24.21
TALLY HO SOCKS,23/01/2026,23/01/2026 F Rom 400 OR3 118 1 3.78 5655 4th 3¾ 0.28 8.98 7/1 24.01
TALLY HO SOCKS,16/01/2026,16/01/2026 F Rom 400 OR3 (E) 119 1 3.79 6442 2nd nk 0.51 7.16 9/2
TALLY HO SOCKS,09/01/2026,09/01/2026 F Rom 575 OR1 125 2 13.36 3222 4th 4½ 0.45 11.12 8/1 35.15
TALLY HO SOCKS,02/01/2026,02/01/2026 F Rom 575 OR 113 3 13.56 2212 2nd 2¾ 0.01 3.1 7/4 34.94
TALLY HO SOCKS,27/12/2025,27/12/2025 F Rom 400 OR 121 1 3.95 6655 4th 3½ 0.36 9.91 5/1 23.83
TALLY HO SOCKS,19/12/2025,19/12/2025 F Rom 400 OR 117 1 3.90 6655 5th 4¼ 0.23 7.2 9/2 24.06
TALLY HO SOCKS,12/12/2025,12/12/2025 F Rom 400 IV (E) 110 1 3.76 4322 1st - 0.26 3.25 7/4
TALLY HO SOCKS,06/12/2025,06/12/2025 F Rom 400 A1 108 3 3.87 4554 1st - 0.23 3.92 2/1 24.12
TALLY HO SOCKS,28/11/2025,28/11/2025 F Rom 400 OR3 121 3 3.81 4443 3rd ½ 0.19 16.5 11/1 23.65
TALLY HO SOCKS,21/11/2025,21/11/2025 F Rom 400 OR3 109 4 3.81 4554 2nd 4¾ 0.26 4.33 3/1 24.08
TALLY HO SOCKS,14/11/2025,14/11/2025 F Rom 400 OR 114 5 3.72 2444 3rd 4¾ 0.32 9.6 6/1 23.96
TALLY HO SOCKS,31/10/2025,31/10/2025 F Rom 400 OR 114 1 4.00 6444 3rd 5¾ 0.23 7.6 6/1 24.04
TALLY HO SOCKS,17/10/2025,17/10/2025 F Rom 400 OR3 113 1 3.66 2556 6th 5¾ 0.54 4.8 3/1 23.99
TALLY HO SOCKS,10/10/2025,10/10/2025 F Rom 400 OR3 119 1 3.82 4432 1st - 0.35 6.11 3/1 23.69
TALLY HO SOCKS,03/10/2025,03/10/2025 F Rom 400 OR2 117 2 3.88 6665 4th 6 0.53 18.98 11/1 23.97
TALLY HO SOCKS,26/09/2025,26/09/2025 F Rom 400 OR 122 1 3.87 5444 6th dis 0.35 5.18 7/2 0.00
TALLY HO SOCKS,19/09/2025,19/09/2025 F Rom 400 OR 125 1 3.87 6655 2nd 1¾ 0.35 19.5 11/1 23.79
TALLY HO SOCKS,12/09/2025,12/09/2025 F Rom 400 OR 108 2 3.81 3211 1st - 0.33 17.91 8/1 23.66
TALLY HO SOCKS,03/09/2025,03/09/2025 F Yar 462 OR1 117 5 5.33 5555 5th 10¾ 0.14 61.23 25/1 27.93
TALLY HO SOCKS,30/08/2025,30/08/2025 F Yar 277 T1 3 0.00 1st - 0.05 16.48 Middle
TALLY HO SOCKS,22/08/2025,22/08/2025 F Rom 400 OR 113 5 3.78 6655 5th 4 0.4 22.0 10/1 24.08
TALLY HO SOCKS,16/08/2025,16/08/2025 F Yar 462 OR 107 6 5.41 6444 4th 6 0.42 3.1 7/4 27.89
TALLY HO SOCKS,09/08/2025,09/08/2025 F Yar 462 OR 108 5 5.40 5433 3rd 3 -0.06 11/4 27.67 87
TALLY HO SOCKS,02/08/2025,02/08/2025 F Yar 462 T1 2 5.40 1st - 0.0 27.96 Middle
TALLY HO SOCKS,26/07/2025,26/07/2025 F Yar 462 T1 3 5.40 1st - 0.0 27.73 Middle
TALLY HO SOCKS,19/07/2025,19/07/2025 F Oxf 450 OR 112 1 4.01 2222 2nd 1½ 0.01 4.3 11/4 26.97
TALLY HO SOCKS,05/07/2025,05/07/2025 F Oxf 450 OR 115 2 3.99 4533 3rd 1¾ 0.11 12.5 9/1 27.12
TALLY HO SOCKS,21/06/2025,21/06/2025 F Rom 400 IV 121 1 3.88 6663 2nd 3 0.34 9.33 5/1 23.89
TALLY HO SOCKS,13/06/2025,13/06/2025 F Rom 400 OR 117 2 3.83 6333 3rd 5¾ 0.24 6.84 4/1 23.90
TALLY HO SOCKS,06/06/2025,06/06/2025 F Rom 400 OR 124 2 3.82 5222 2nd 3 0.18 26.19 20/1 23.87
TALLY HO SOCKS,30/05/2025,30/05/2025 F Rom 400 OR3 121 4 3.76 5556 6th 3 0.32 14.68 8/1 24.21
TALLY HO SOCKS,23/05/2025,23/05/2025 F Rom 400 OR 112 2 3.81 2232 2nd 1½ 0.36 7.72 9/2 23.84
TALLY HO SOCKS,16/05/2025,16/05/2025 F Rom 400 OR 112 3 3.80 1221 1st - 0.42 5.6 7/2 24.00
TALLY HO SOCKS,07/05/2025,"07/05/2025 F Rom 400 T3 1 3.84 2111 1st - 0.0 24.05 EPace,Rails,Led1"
TALLY HO SOCKS,02/05/2025,"02/05/2025 F Rom 400 T3 1 3.95 3333 2nd 4½ 0.0 24.58 Rails,Wide 3/4 LOAD MORE PERFORMANCES Date"
TALLY HO SOCKS,13/03/2026,13/03/2026 20:53 F Rom 400 OR1 Tally Ho Socks Tally Ho Socks is a bk dog. He  is 3 years old (Jan23). The owner of Tally Ho Socks is Supa Racing and his current trainer is P D Burr (Romford). Tally Ho
UNCLE ED,06/03/2026,06/03/2026 F Rom 400 OR1 121 6 3.61 2222 2nd 2¾ 0.32 16.0 10/1 23.67
UNCLE ED,02/03/2026,02/03/2026 F Rom 400 A1 115 5 3.79 6665 6th 9½ 0.3 3.6 9/4 24.60
UNCLE ED,10/02/2026,10/02/2026 F Rom 400 A1 110 5 3.80 5422 2nd 2½ 0.38 3.41 15/8 23.98
UNCLE ED,05/02/2026,05/02/2026 F Hov 285 OR 104 6 0.00 5-3- 4th 7 0.54 6.0 4/1 16.29
UNCLE ED,29/01/2026,29/01/2026 F Hov 285 OR 109 4 0.00 2-2- 2nd 1 0.47 13.0 9/1 16.10
UNCLE ED,24/01/2026,24/01/2026 F Rom 400 A1 105 6 3.77 4444 4th 5¾ 0.52 4.5 11/4 23.97
UNCLE ED,16/01/2026,16/01/2026 F Rom 400 OR3 119 6 3.65 3335 5th 7¼ 0.51 6.21 4/1 24.28
UNCLE ED,02/01/2026,02/01/2026 F Rom 400 OR 117 6 3.72 2566 6th 12¼ 0.01 6.89 4/1 24.66
UNCLE ED,27/12/2025,27/12/2025 F Rom 400 OR 113 6 3.71 2122 2nd ½ 0.36 3.22 2/1 23.97
UNCLE ED,19/12/2025,19/12/2025 F Rom 400 OR 115 3 3.79 3233 3rd 6¾ 0.43 2.98 13/8 23.93
UNCLE ED,13/12/2025,13/12/2025 F Hov 285 OR 100 6 0.00 3-2- 2nd 4 0.39 3.84 9/4 16.17
UNCLE ED,06/12/2025,"06/12/2025 F Hov 285 T3 4 0.00 1-1- 1st - 0.0 16.53 QAw,Middle,ALed"
UNCLE ED,27/11/2025,27/11/2025 F Rom 225 T1 6 0.00 1st - 0.0 13.60 MiddleToWide
UNCLE ED,20/11/2025,20/11/2025 F Rom 225 T1 6 0.00 1st - 0.0 13.48 MiddleToWide 27 day break
UNCLE ED,24/10/2025,24/10/2025 F Rom 400 OR3 117 6 3.74 3445 5th 10 0.57 2.26 11/10 24.20
UNCLE ED,17/10/2025,17/10/2025 F Rom 400 OR 116 6 3.60 2222 2nd 1¼ 0.54 3.0 6/4 23.61
UNCLE ED,10/10/2025,10/10/2025 F Rom 400 OR2 121 5 3.77 5556 5th 9½ 0.16 4.9 10/3 24.39
UNCLE ED,03/10/2025,03/10/2025 F Rom 400 OR2 121 6 3.65 1111 1st - 0.53 4.58 3/1 23.30
UNCLE ED,26/09/2025,26/09/2025 F Rom 400 OR 122 6 3.73 2222 2nd 1¼ 0.35 4.25 11/4 23.85
UNCLE ED,19/09/2025,19/09/2025 F Rom 400 OR 125 6 3.63 2233 5th 3¼ 0.35 7.2 9/2 23.93
UNCLE ED,11/09/2025,11/09/2025 F Hov 285 OR3 113 6 0.00 6-5- 5th 4¾ 0.4 2.76 13/8 16.28
UNCLE ED,04/09/2025,04/09/2025 F Hov 285 OR3 118 5 0.00 3-3- 3rd 3 0.36 3.1 7/4 16.13
UNCLE ED,28/08/2025,28/08/2025 F Hov 285 OR 120 6 0.00 1-1- 1st - 0.37 3.7 5/2 15.88
UNCLE ED,22/08/2025,22/08/2025 F Rom 400 OR 113 6 3.65 2212 3rd 1½ 0.4 2.49 6/5 23.95
UNCLE ED,16/08/2025,16/08/2025 F Rom 400 A1 112 5 3.61 1111 1st - 0.25 2.14 1/1 23.50
UNCLE ED,07/08/2025,"07/08/2025 F Hov 285 T2 6 0.00 1-1- 1st - 0.0 16.34 VQAw,Middle,AlwaysLed"
UNCLE ED,31/07/2025,"31/07/2025 F Rom 400 T4 6 3.85 2211 1st - 0.0 24.29 EP,MidTWide,SoonLed"
UNCLE ED,24/07/2025,"24/07/2025 F Rom 400 T4 6 3.78 2111 1st - -0.1 24.19 EarlyPace,Wide,Led1"
UNCLE ED,10/07/2025,"10/07/2025 F Rom 400 T4 6 3.93 1111 1st - 0.0 24.34 QAway,Middle,AlwaysLed 76 day break"
UNCLE ED,25/04/2025,25/04/2025 F Rom 400 OR 116 5 3.67 2122 1st - 0.26 3.03 7/4 24.00
UNCLE ED,18/04/2025,18/04/2025 F Rom 400 OR3 120 4 3.62 2222 3rd 2½ 0.33 2.66 6/5 23.65
UNCLE ED,11/04/2025,11/04/2025 F Rom 400 OR 116 5 3.70 1111 1st - 0.21 1.67 4/7 23.69
UNCLE ED,04/04/2025,04/04/2025 F Rom 400 OR 117 3 3.67 2221 1st - 0.15 1.57 4/9 23.68
UNCLE ED,28/03/2025,28/03/2025 F Rom 400 OR 107 5 3.73 4221 2nd sh 0.23 1.81 8/13 23.79
UNCLE ED,20/03/2025,20/03/2025 F Rom 400 T1 3 3.75 1st - -0.1 24.17 Middle
UNCLE ED,08/03/2025,08/03/2025 F Mon 480 OR1 109 4 4.25 1113 3rd 1¾ 0.31 4.4 3/1 28.15
UNCLE ED,01/03/2025,01/03/2025 F Mon 480 OR1 105 4 4.36 2111 3rd 1¾ 0.17 3.05 2/1 28.33
UNCLE ED,25/02/2025,"25/02/2025 F Mon 480 T2 5 4.44 1111 2nd 1 -0.1 28.79 QAw,Mid,LedToNrLn"
UNCLE ED,18/02/2025,"18/02/2025 F Mon 480 T2 5 4.44 1111 2nd 1¼ -0.4 28.76 QAw,MidToWide,LedToNrLn"
UNCLE ED,14/02/2025,14/02/2025 F Rom 400 OR 107 3 3.65 2111 1st - 0.46 1.98 4/5 23.58
UNCLE ED,08/02/2025,08/02/2025 F Mon 480 OR 95 5 4.33 2114 5th 5¼ 0.38 4.5 9/4 28.68
UNCLE ED,01/02/2025,01/02/2025 F Mon 480 OR 85 3 4.42 1111 2nd ½ 0.24 3.4 2/1 28.47
UNCLE ED,21/01/2025,21/01/2025 F Mon 480 T1 3 4.42 1st - 0.0 28.63 MiddleToRails
UNCLE ED,16/01/2025,"16/01/2025 F Rom 400 T3 2 3.73 1111 1st - 0.0 24.15 QAway,RailsToMid,AlwaysLed"
UNCLE ED,09/01/2025,"09/01/2025 F Rom 400 T3 3 3.66 2111 1st - 0.0 23.99 EarlyPace,Middle,LedRunUp"
UNCLE ED,02/01/2025,02/01/2025 F Rom 400 T1 3 3.72 1st - 0.0 24.12 MiddleToRails
UNCLE ED,19/12/2024,19/12/2024 F Rom 225 T1 4 0.00 1st - -0.05 13.55 Middle LOAD MORE PERFORMANCES Date Time
UNCLE ED,13/03/2026,13/03/2026 20:33 F Rom 400 OR1 Uncle Ed Uncle Ed is a bk dog. He  is 2 years old (Jul23). The owner of Uncle Ed is Mr A Head and his current trainer is P W Young (Romford). Uncle Ed last ran at Romfor
UNDERGROUND JIM,05/03/2026,05/03/2026 F Hov 500 OR3 107 2 3.70 4554 2nd 1¾ 0.72 6.8 4/1 28.89
UNDERGROUND JIM,26/02/2026,26/02/2026 F Hov 500 OR3 106 4 3.62 2344 2nd 4¾ 0.61 3.0 7/4 29.12
UNDERGROUND JIM,19/02/2026,19/02/2026 F Hov 500 OR3 119 4 3.60 3665 4th 6½ 0.78 58.7 25/1 29.01
UNDERGROUND JIM,12/02/2026,12/02/2026 F Hov 500 OR 100 4 3.62 1111 1st - 0.7 2.78 11/8 28.87
UNDERGROUND JIM,05/02/2026,05/02/2026 F Hov 500 OR3 110 5 3.63 3455 4th 10½ 0.94 15.5 10/1 29.35
UNDERGROUND JIM,29/01/2026,29/01/2026 F Hov 500 OR3 108 4 3.61 4644 2nd 1 0.82 15.54 8/1 29.17
UNDERGROUND JIM,22/01/2026,"22/01/2026 F Hov 500 T2 5 3.66 1111 2nd ½ -0.2 29.62 QAw,Middle,LedToNrLine"
UNDERGROUND JIM,18/01/2026,"18/01/2026 F Hov 285 T3 6 0.00 3-3- 3rd 5¾ 0.0 16.75 Middle,ClearRun"
UNDERGROUND JIM,11/01/2026,"11/01/2026 F Hov 285 T3 5 0.00 3-3- 3rd 4 -0.05 16.89 RailsToMiddle,ClearRun 29 day break"
UNDERGROUND JIM,13/12/2025,"13/12/2025 F Hov 285 T3 6 0.00 1-2- 2nd 2¾ 0.0 16.96 QAw,Middle,Blk1"
UNDERGROUND JIM,06/12/2025,"06/12/2025 F Hov 285 T3 6 0.00 3-3- 3rd 4½ 0.0 16.90 MidToRls,Crowded1 LOAD MORE PERFORMANCES Date"
UNDERGROUND JIM,13/03/2026,"13/03/2026 21:33 F Rom 575 OR Underground Jim Underground Jim is a bkw dog. He  is 2 years old (Sep23). The owner of Underground Jim is Mr J C Cornish,mr A Heard,mr F K Jennings,mr A J Williams and hi"
UNMISTAKEABLE,06/03/2026,06/03/2026 F Rom 575 OR3 100 4 13.34 1111 1st - 0.46 4.2 3/1 35.04
UNMISTAKEABLE,28/02/2026,28/02/2026 F Rom 400 A3 99 3 3.73 4444 3rd 2¾ 0.27 2.54 5/4 24.14
UNMISTAKEABLE,20/02/2026,20/02/2026 F Rom 400 A2 109 3 3.73 6666 6th 9¼ 0.43 5.8 4/1 24.38
UNMISTAKEABLE,14/02/2026,14/02/2026 F Cen 491 OR 111 5 3.12 4555 5th 4 0.02 29.69 20/1 29.86
UNMISTAKEABLE,07/02/2026,07/02/2026 F Rom 400 A2 104 3 3.71 4555 5th 6¼ 0.57 7.78 5/1 24.28
UNMISTAKEABLE,29/01/2026,"29/01/2026 F Rom 400 T2 3 3.87 2221 1st - 0.0 24.46 EarlyPace,Middle,Led3 38 day break"
UNMISTAKEABLE,22/12/2025,22/12/2025 F Not 480 OR3 101 2 3.80 2334 5th dis 0.37 27.48 12/1 29.12
UNMISTAKEABLE,08/12/2025,08/12/2025 F Not 305 OR2 116 2 0.00 4-5- 4th 9½ 0.14 18.05 10/1 18.10
UNMISTAKEABLE,01/12/2025,01/12/2025 F Not 255 OR 89 3 0.00 1-1- 1st - 0.27 2.36 6/5 14.89
UNMISTAKEABLE,24/11/2025,"24/11/2025 F Not 305 T3 3 0.00 2-2- 2nd 1¾ 0.1 18.08 CrdRunUp,Mid-Rls"
UNMISTAKEABLE,19/11/2025,19/11/2025 F Rom 400 IT (E) 108 2 3.73 2211 1st - 0.26 3.05 7/4
UNMISTAKEABLE,14/11/2025,14/11/2025 F Rom 400 A3 102 3 3.86 5664 4th 2½ 0.32 2.69 6/4 24.19
UNMISTAKEABLE,06/11/2025,"06/11/2025 F Rom 400 T3 4 3.85 3221 1st - 0.0 24.20 Middle,HitRls1,Led3"
UNMISTAKEABLE,29/10/2025,"29/10/2025 F Rom 400 T3 3 3.86 2222 1st - 0.1 24.27 Mid,Bmp1,FcdToCk3,Led4"
UNMISTAKEABLE,23/10/2025,23/10/2025 F Rom 400 T1 3 3.81 1st - -0.1 24.41 Middle
UNMISTAKEABLE,15/10/2025,"15/10/2025 F Oxf 450 T2 3 4.03 1111 1st - 0.0 27.07 Mid,QAw,ALed LOAD MORE PERFORMANCES Date"
UNMISTAKEABLE,13/03/2026,13/03/2026 21:13 F Rom 575 OR3 Unmistakeable Unmistakeable is a wbe dog. He  is 2 years old (Jan24). The owner of Unmistakeable is Mr D J Fairbairn and his current trainer is M E Wiley (Romford). Unmi
YAHOO MAREIKE,06/03/2026,06/03/2026 F Rom 400 OR1 124 1 3.62 2222 2nd 3 0.32 9.4 7/1 23.67
YAHOO MAREIKE,27/02/2026,27/02/2026 F Rom 400 OR 114 1 3.75 6433 3rd 5 0.43 3.31 15/8 23.87
YAHOO MAREIKE,20/02/2026,20/02/2026 F Rom 400 OR 112 1 3.66 1222 2nd 1 0.26 2.74 13/8 23.80
YAHOO MAREIKE,12/02/2026,12/02/2026 F Hov 500 OR3 116 4 3.61 4333 3rd 7¼ 0.7 4.8 7/2 29.12
YAHOO MAREIKE,05/02/2026,05/02/2026 F Hov 500 OR3 116 2 3.66 6444 4th 9½ 0.94 4.59 11/4 29.19
YAHOO MAREIKE,29/01/2026,29/01/2026 F Hov 500 OR3 111 2 3.58 4222 3rd 3½ 0.82 5.05 11/4 28.76
YAHOO MAREIKE,23/01/2026,23/01/2026 F Rom 400 OR3 118 2 3.70 4322 2nd 1 0.28 7.4 9/2 23.86
YAHOO MAREIKE,16/01/2026,16/01/2026 F Rom 400 OR3 118 3 3.61 1112 2nd nk 0.51 8.49 4/1 23.91
YAHOO MAREIKE,10/01/2026,10/01/2026 F Rom 400 A1 122 2 3.76 4444 3rd 4 0.49 2.7 6/4 23.95
YAHOO MAREIKE,02/01/2026,02/01/2026 F Rom 400 OR (E) 118 2 3.78 5222 2nd hd 0.01 4.4 3/1
YAHOO MAREIKE,27/12/2025,27/12/2025 F Rom 400 OR 121 2 3.75 4333 3rd 3½ 0.36 5.46 10/3 23.82
YAHOO MAREIKE,19/12/2025,19/12/2025 F Rom 400 OR 115 2 3.84 6322 2nd 3¼ 0.43 3.35 15/8 23.72
YAHOO MAREIKE,12/12/2025,12/12/2025 F Rom 400 OR3 120 2 3.79 5666 6th 6¼ 0.26 5.0 3/1 24.11
YAHOO MAREIKE,05/12/2025,05/12/2025 F Rom 400 OR3 120 2 3.67 1222 2nd 1¼ 0.5 3.05 11/8 23.63
YAHOO MAREIKE,28/11/2025,28/11/2025 F Rom 400 OR3 121 2 3.71 2222 2nd ½ 0.19 4.0 5/2 23.63
YAHOO MAREIKE,21/11/2025,21/11/2025 F Rom 400 OR3 115 4 3.68 1111 1st - 0.26 4.03 5/2 23.59
YAHOO MAREIKE,14/11/2025,14/11/2025 F Rom 400 OR3 119 2 3.82 4666 4th 8½ 0.32 4.57 5/2 24.02
YAHOO MAREIKE,07/11/2025,07/11/2025 F Rom 400 OR3 110 1 3.81 4443 1st - 0.23 2.46 11/10 23.84
YAHOO MAREIKE,31/10/2025,31/10/2025 F Rom 400 OR 114 2 3.73 1111 1st - 0.23 2.74 11/8 23.65
YAHOO MAREIKE,24/10/2025,24/10/2025 F Rom 400 OR 120 1 3.71 3111 1st - 0.57 3.22 6/4 23.70
YAHOO MAREIKE,17/10/2025,17/10/2025 F Rom 400 OR3 113 4 3.62 1111 2nd ¾ 0.54 3.04 6/4 23.68
YAHOO MAREIKE,10/10/2025,10/10/2025 F Rom 400 OR3 106 3 3.70 1111 1st - 0.35 1.7 4/7 23.69
YAHOO MAREIKE,03/10/2025,03/10/2025 F Rom 400 OR2 115 1 3.72 3233 3rd 1½ 0.53 3.24 7/4 23.63
YAHOO MAREIKE,21/09/2025,21/09/2025 F Tow 500 OR1 124 4 4.05 1333 4th 7 0.47 12.0 10/1 28.91
YAHOO MAREIKE,14/09/2025,14/09/2025 F Tow 500 OR1 126 3 4.10 1111 2nd hd 0.59 14.0 12/1 28.73
YAHOO MAREIKE,07/09/2025,07/09/2025 F Tow 500 OR1 116 1 4.10 1111 2nd 1½ 0.57 8.4 6/1 28.73
YAHOO MAREIKE,29/08/2025,29/08/2025 F Rom 575 OR3 121 1 13.33 1111 1st - 0.54 3.35 2/1 35.12
YAHOO MAREIKE,22/08/2025,22/08/2025 F Rom 400 OR3 108 4 3.73 1111 1st - 0.2 1.55 8/15 23.77
YAHOO MAREIKE,16/08/2025,16/08/2025 F Rom 400 A1 112 1 3.71 2222 2nd 2 0.25 4.63 5/2 23.66
YAHOO MAREIKE,08/08/2025,08/08/2025 F Rom 400 OR 120 4 3.71 4444 2nd 1 0.25 20.0 10/1 23.89
YAHOO MAREIKE,01/08/2025,01/08/2025 F Rom 400 OR 118 1 3.73 1444 4th 4½ 0.24 4.83 11/4 24.10
YAHOO MAREIKE,25/07/2025,25/07/2025 F Rom 400 OR3 118 1 3.80 5444 4th 7¼ 0.3 8.09 5/1 23.74
YAHOO MAREIKE,18/07/2025,18/07/2025 F Rom 400 OR3 114 2 3.65 1122 2nd 3½ 0.39 14.0 9/1 23.53
YAHOO MAREIKE,11/07/2025,11/07/2025 F Rom 400 OR3 118 2 3.69 2333 4th 8¾ 0.31 11.46 7/1 24.07
YAHOO MAREIKE,04/07/2025,04/07/2025 F Rom 400 OR3 114 2 3.80 2222 2nd 2 0.3 8.8 6/1 23.76
YAHOO MAREIKE,28/06/2025,28/06/2025 F Rom 400 A2 108 1 3.71 2111 1st - 0.51 2.14 4/5 23.80
YAHOO MAREIKE,21/06/2025,21/06/2025 F Rom 400 OR 108 3 3.79 2112 2nd sh 0.34 4.87 11/4 24.10
YAHOO MAREIKE,16/06/2025,16/06/2025 F Rom 400 A1 116 1 3.73 2222 2nd 5 0.43 5.1 5/2 23.83
YAHOO MAREIKE,09/06/2025,09/06/2025 F Rom 400 A1 109 1 3.72 1111 1st - 0.42 3.53 15/8 23.72
YAHOO MAREIKE,04/06/2025,04/06/2025 F Rom 400 A1 108 1 3.77 1111 2nd nk 0.47 3.26 7/4 23.96
YAHOO MAREIKE,30/05/2025,30/05/2025 F Rom 400 OR3 117 1 3.80 5555 4th 6½ 0.45 9.8 5/1 24.14
YAHOO MAREIKE,24/05/2025,24/05/2025 F Rom 400 A1 106 2 3.71 2111 1st - 0.49 6.52 7/2 23.83
YAHOO MAREIKE,17/05/2025,17/05/2025 F Rom 400 A1 110 2 3.79 3355 5th 7¼ 0.39 2.68 11/8 24.37
YAHOO MAREIKE,10/05/2025,10/05/2025 F Rom 400 A1 108 2 3.70 5333 3rd 1½ 0.19 4.75 11/4 23.93
YAHOO MAREIKE,02/05/2025,02/05/2025 F Rom 400 OR3 115 1 3.71 3334 5th 6¾ 0.25 8.2 6/1 24.14
YAHOO MAREIKE,26/04/2025,26/04/2025 F Hov 515 OR 107 3 4.18 1134 5th 8 0.62 32.2 16/1 29.92
YAHOO MAREIKE,18/04/2025,18/04/2025 F Rom 400 OR3 113 1 3.73 2223 3rd 5¼ 0.33 10.33 7/1 23.95
YAHOO MAREIKE,12/04/2025,12/04/2025 F Hov 515 OR1 107 4 4.22 1112 6th 5¾ 0.62 15.5 9/1 30.12
YAHOO MAREIKE,05/04/2025,05/04/2025 F Hov 515 OR 112 4 4.20 1111 1st - 0.64 2.77 6/4 29.77
YAHOO MAREIKE,31/03/2025,"31/03/2025 F Hov 500 T2 2 3.55 1111 1st - -0.4 29.75 EarlyPace,Rails,AlwaysLed LOAD MORE PERFORMANCES Date"
YAHOO MAREIKE,13/03/2026,13/03/2026 20:13 F Rom 400 OR1 Yahoo Mareike Yahoo Mareike is a bk bitch. She  is 2 years old (Apr23). The owner of Yahoo Mareike is Mr G L Curtis and her current trainer is P W Young (Romford). Yahoo
ZENITH ANGEL,04/03/2026,04/03/2026 F Rom 575 S1 118 1 13.69 3433 2nd 1½ 0.64 3.95 5/2 35.21
ZENITH ANGEL,27/02/2026,27/02/2026 F Rom 575 OR (E) 122 1 13.95 5642 2nd 3¾ 0.62 10.0 6/1
ZENITH ANGEL,18/02/2026,18/02/2026 F Rom 575 S1 111 2 13.80 4444 3rd 4¾ 0.38 13.5 9/1 35.23
ZENITH ANGEL,13/02/2026,13/02/2026 F Rom 575 OR 130 2 13.83 4555 6th 12 0.58 273.23 50/1 35.39
ZENITH ANGEL,06/02/2026,06/02/2026 F Rom 575 OR 133 3 13.70 3456 6th 12¼ 0.4 160.0 40/1 35.56
ZENITH ANGEL,28/01/2026,28/01/2026 F Rom 400 A3 105 2 3.77 5665 5th 7 0.54 5.5 7/2 24.19
ZENITH ANGEL,07/01/2026,07/01/2026 F Rom 575 S1 118 2 13.40 1111 4th 1¼ 0.52 3.91 5/2 35.26
ZENITH ANGEL,03/01/2026,03/01/2026 F Rom 575 S2 106 2 13.47 1111 1st - -0.1 2.51 11/8 35.12
ZENITH ANGEL,29/12/2025,29/12/2025 F Rom 400 A4 100 2 3.72 1111 1st - 0.18 12.5 7/1 23.90
ZENITH ANGEL,20/12/2025,20/12/2025 F Rom 400 A4 96 2 3.83 2333 3rd 4¼ 0.44 14.71 9/1 24.23
ZENITH ANGEL,13/12/2025,13/12/2025 F Rom 575 S2 104 1 14.17 5444 5th 14½ 0.37 5.1 11/4 36.33
ZENITH ANGEL,02/12/2025,02/12/2025 F Rom 400 A4 96 1 3.83 4555 5th 13½ 0.34 4.89 5/2 24.60
ZENITH ANGEL,26/11/2025,26/11/2025 F Rom 400 A5 99 1 3.80 2111 1st - 0.34 15.2 10/1 23.95
ZENITH ANGEL,20/11/2025,"20/11/2025 F Rom 400 T3 1 3.89 2332 2nd 2½ 0.0 24.50 Rls,BmpRnUp&1,Bmp&FcdTCk 1/4"
ZENITH ANGEL,13/11/2025,"13/11/2025 F Rom 400 T3 1 3.94 2322 2nd 2¼ 0.0 24.52 SAway,Rails,RanOn"
ZENITH ANGEL,06/11/2025,06/11/2025 F Rom 400 T1 2 3.95 1st - 0.0 24.60 Rails 35 day break
ZENITH ANGEL,02/10/2025,02/10/2025 F Hov 695 OR 117 6 14.42 4334 6th 10 1.42 12.48 9/1 42.29
ZENITH ANGEL,26/09/2025,26/09/2025 F Hov 500 A2 98 1 3.68 3333 3rd 1¼ 0.6 2.06 4/5 29.22
ZENITH ANGEL,18/09/2025,18/09/2025 F Hov 500 A2 101 2 3.64 2444 2nd hd 0.68 5.53 7/2 29.24
ZENITH ANGEL,04/09/2025,04/09/2025 F Hov 695 OR 113 5 14.16 3222 5th 5¾ 0.88 11.5 6/1 41.54
ZENITH ANGEL,28/08/2025,28/08/2025 F Hov 695 OR 110 1 14.26 2332 1st - 0.9 2.64 5/4 41.71
ZENITH ANGEL,23/08/2025,23/08/2025 F Hov 500 A2 101 2 3.63 1444 2nd ¾ 0.61 2.86 6/4 29.33
ZENITH ANGEL,14/08/2025,14/08/2025 F Hov 695 OR 105 1 14.19 2333 3rd 2 0.83 4.61 11/4 41.39
ZENITH ANGEL,07/08/2025,07/08/2025 F Hov 695 OR 91 4 14.02 2111 2nd hd 0.85 5.0 7/2 41.21
ZENITH ANGEL,31/07/2025,31/07/2025 F Hov 500 A2 100 2 3.73 3432 2nd sh 0.91 6.72 4/1 29.27
ZENITH ANGEL,23/07/2025,23/07/2025 F Hov 500 A4 92 1 3.72 3422 1st - 0.61 3.2 13/8 29.15
ZENITH ANGEL,16/07/2025,16/07/2025 F Hov 500 A5 86 2 3.72 1333 1st - 0.54 2.53 5/4 29.47
ZENITH ANGEL,05/07/2025,05/07/2025 F Hov 500 A4 86 2 3.75 5554 3rd 1¾ 0.57 4.14 11/4 29.68
ZENITH ANGEL,30/06/2025,"30/06/2025 F Hov 500 T3 1 3.71 1111 1st - -0.2 30.16 ALed,Rls,WideRunIn"
ZENITH ANGEL,23/06/2025,"23/06/2025 F Hov 500 T3 1 3.72 3333 3rd 2¼ -0.2 30.08 Railed,ClearRun"
ZENITH ANGEL,16/06/2025,16/06/2025 F Hov 285 T1 1 0.00 1st - 0.0 16.88 Railed
ZENITH ANGEL,09/06/2025,09/06/2025 F Hov 285 T1 4 0.00 1st - -0.05 16.88 Railed LOAD MORE PERFORMANCES Date Time
ZENITH ANGEL,13/03/2026,"13/03/2026 21:53 F Rom 575 OR Zenith Angel Zenith Angel is a bk bitch. She  is 3 years old (Jul22). The owner of Zenith Angel is Mr B S Menzel,mr B Nadir and her current trainer is D Mullins (Romford)"
BONVILLE SECRET,26/02/2026,"26/02/2026 F Rom 400 T3 5 3.87 1222 2nd 1¼ 0.0 24.96 EPace,Middle,Bmp&Stb1,Bmp4"
BONVILLE SECRET,19/02/2026,"19/02/2026 F Rom 400 T3 6 3.84 2221 1st - 0.0 24.40 Mid,FcdToCk1,Bmp&Led3"
BONVILLE SECRET,12/02/2026,"12/02/2026 F Rom 400 T1 3 4.29 1st - 0.0 25.00 SlowAway,Middle,VeryWide2"
BONVILLE SECRET,29/01/2026,29/01/2026 F Rom 225 T1 3 0.00 1st - 0.0 13.99 Middle LOAD MORE PERFORMANCES Date Time
BONVILLE SECRET,13/03/2026,13/03/2026 18:33 F Rom 400 A5 Bonville Secret Bonville Secret is a be bitch. She  is 1 years old (Jun24). The owner of Bonville Secret is Mr S Locke and her current trainer is M L Locke (Romford). Bon
