greyhound,dog_id,date,track,distance,trap,finish_position,run_time,sectional_time,sp,race_class,btn_distance,source
Aayamza Legend,,2026-03-07,Yarmouth,462,1,1,27.95,,07/03,,,timeform
Aayamza Legend,63909.0,2026-02-28,Monmore,480,3,2,28.83,4.46,3/1,OR,4,sporting_life
Aayamza Legend,63909.0,2026-02-21,Monmore,480,4,5,28.4,4.44,25/1,OR,2 ¼,sporting_life
Aayamza Legend,,2026-02-16,Yarmouth,462,1,1,27.7,,16/02,,,timeform
Aayamza Legend,,2026-02-05,Monmore,264,1,1,15.37,,05/02,,,timeform
Aayamza Legend,,2026-01-31,Yarmouth,277,1,1,16.64,,31/01,,,timeform
Aayamza Legend,63909.0,2025-12-12,Romford,575,2,5,35.72,13.56,3/1,OR,2,sporting_life
Aayamza Legend,63909.0,2025-12-05,Romford,575,4,2,35.64,14.13,10/3,OR,6 ½,sporting_life
Aayamza Legend,63909.0,2025-11-28,Romford,575,4,2,35.48,13.62,10/11,OR,¾,sporting_life
Aayamza Legend,63909.0,2025-11-21,Romford,575,4,1,35.09,13.59,4/9,OR,,sporting_life
Aayamza Legend,,2025-11-14,Romford,400,1,1,23.72,,14/11,,,timeform
Aayamza Legend,,2025-11-07,Romford,400,1,1,23.88,,07/11,,,timeform
Aayamza Legend,,2025-10-31,Romford,400,1,1,23.89,,31/10,,,timeform
Aayamza Legend,,2025-10-22,Yarmouth,277,1,1,16.33,,22/10,,,timeform
Aayamza Legend,63909.0,2025-08-03,Towcester,500,3,4,29.65,4.21,6/1,OR,¾,sporting_life
Aayamza Legend,63909.0,2025-07-27,Towcester,500,4,3,29.83,4.23,7/1,OR,nk,sporting_life
Aayamza Legend,63909.0,2025-07-20,Towcester,500,2,4,29.74,4.21,8/1,OR,¾,sporting_life
Aayamza Legend,,2025-07-13,Towcester,270,3,2,16.19,,13/07,,,timeform
Aayamza Legend,,2025-06-22,Towcester,500,3,1,29.64,,22/06,,,timeform
Abel Mabel,59915.0,2026-03-04,Romford,400,4,1,24.64,3.7,7/2,A6,,sporting_life
Abel Mabel,59915.0,2026-02-24,Romford,400,3,3,24.54,3.74,5/1,A6,¾,sporting_life
Abel Mabel,59915.0,2026-02-17,Romford,400,3,1,24.5,3.74,10/3,A7,,sporting_life
Abel Mabel,59915.0,2026-02-10,Romford,400,3,2,24.57,3.68,9/1,A6,1 ¾,sporting_life
Abel Mabel,59915.0,2026-01-31,Romford,400,4,2,24.54,3.69,7/2,A6,nk,sporting_life
Abel Mabel,59915.0,2026-01-20,Romford,400,3,1,24.57,3.82,5/2,A7,,sporting_life
Abel Mabel,59915.0,2026-01-10,Romford,400,3,1,24.76,3.85,7/2,A8,,sporting_life
Abel Mabel,59915.0,2025-12-27,Romford,400,3,4,24.65,3.7,8/1,A8,¾,sporting_life
Abel Mabel,59915.0,2025-12-20,Romford,400,3,1,24.84,3.79,9/4,A9,,sporting_life
Abel Mabel,59915.0,2025-12-12,Romford,400,3,5,25.11,3.93,15/8,A9,2,sporting_life
Abel Mabel,59915.0,2025-12-01,Romford,400,3,2,24.63,3.7,2/1,A8,1 ½,sporting_life
Abel Mabel,59915.0,2025-11-18,Romford,400,3,2,24.58,3.88,5/1,A8,¾,sporting_life
Abel Mabel,59915.0,2025-11-08,Romford,400,3,5,25.84,3.81,11/4,A8,3 ½,sporting_life
Abel Mabel,59915.0,2025-10-28,Romford,400,4,1,24.51,3.75,15/8,A9,,sporting_life
Abel Mabel,59915.0,2025-10-22,Romford,400,3,4,24.97,3.82,7/2,A8,½,sporting_life
Abel Mabel,59915.0,2025-10-15,Romford,400,3,5,25.26,3.87,3/1,A8,3,sporting_life
Abel Mabel,59915.0,2025-10-07,Romford,400,3,4,24.92,3.86,5/1,A8,3,sporting_life
Abel Mabel,59915.0,2025-09-30,Romford,400,3,1,24.5,3.85,3/1,A9,,sporting_life
Abel Mabel,59915.0,2025-09-24,Romford,400,3,3,25.12,4.0,13/8,A9,2 ¼,sporting_life
Abel Mabel,59915.0,2025-09-16,Romford,400,3,1,24.73,3.76,15/8,A10,,sporting_life
Abel Mabel,59915.0,2025-09-09,Romford,400,3,1,25.1,3.91,5/4,A11,,sporting_life
Abel Mabel,59915.0,2025-09-03,Romford,400,4,2,24.67,3.73,5/2,A10,1 ½,sporting_life
Abel Mabel,59915.0,2025-08-26,Romford,400,3,2,24.78,3.76,3/1,A10,5,sporting_life
Abel Mabel,59915.0,2025-08-19,Romford,400,4,1,24.69,3.79,13/8,A11,,sporting_life
Abel Mabel,59915.0,2025-08-13,Romford,400,3,5,25.09,3.87,8/1,A10,1,sporting_life
Abel Mabel,59915.0,2025-08-09,Romford,400,3,6,25.39,3.87,10/3,A9,2 ½,sporting_life
Abel Mabel,59915.0,2025-08-02,Romford,400,3,3,24.69,3.76,7/1,A9,¾,sporting_life
Abel Mabel,59915.0,2025-07-26,Romford,400,3,5,25.05,3.86,7/2,A9,½,sporting_life
Abel Mabel,59915.0,2025-07-19,Romford,400,3,4,25.0,3.89,9/1,A9,½,sporting_life
Abel Mabel,59915.0,2025-07-14,Romford,400,3,3,24.94,3.77,6/1,A9,½,sporting_life
Abel Mabel,59915.0,2025-07-07,Romford,400,4,1,25.07,3.83,9/2,A10,,sporting_life
Abel Mabel,59915.0,2025-06-23,Romford,400,3,5,25.44,3.99,6/1,A9,5 ¼,sporting_life
Abel Mabel,59915.0,2025-06-14,Romford,400,3,6,25.47,3.91,15/8,A9,4 ½,sporting_life
Abel Mabel,59915.0,2025-05-31,Romford,400,3,2,24.64,3.82,13/8,A9,1 ½,sporting_life
Abel Mabel,59915.0,2025-05-24,Romford,400,3,2,24.78,3.83,6/1,A9,1 ¼,sporting_life
Abel Mabel,59915.0,2025-05-17,Romford,400,3,1,24.63,3.69,4/11,A11,,sporting_life
Abel Mabel,59915.0,2025-05-10,Romford,400,4,3,24.96,3.78,11/4,A11,sh,sporting_life
Abel Mabel,59915.0,2025-05-03,Romford,400,4,3,24.95,3.72,7/4,A11,hd,sporting_life
Abel Mabel,59915.0,2025-04-28,Romford,400,4,3,24.98,3.82,13/8,A11,sh,sporting_life
Abel Mabel,59915.0,2025-04-19,Romford,400,3,5,25.29,3.81,5/2,A10,½,sporting_life
Abel Mabel,59915.0,2025-04-12,Romford,400,3,2,25.0,3.81,15/8,A10,4 ¾,sporting_life
Abel Mabel,59915.0,2025-04-05,Romford,400,3,3,24.98,3.75,9/4,A10,½,sporting_life
Abel Mabel,59915.0,2025-03-31,Romford,400,4,4,25.35,3.77,5/2,A10,2,sporting_life
Abel Mabel,59915.0,2025-03-25,Romford,400,4,1,24.81,3.72,3/1,A11,,sporting_life
Abel Mabel,,2025-03-20,Romford,400,4,2,24.91,,20/03,,,timeform
Abel Mabel,59915.0,2025-02-15,Romford,400,3,2,25.17,3.85,11/4,A10,3 ¾,sporting_life
Abel Mabel,59915.0,2025-02-10,Romford,400,2,3,25.25,3.93,5/4,A10,hd,sporting_life
Abel Mabel,59915.0,2025-02-01,Romford,400,3,1,24.79,3.84,7/4,A11,,sporting_life
Abel Mabel,59915.0,2025-01-20,Romford,400,3,3,25.17,3.87,10/11,A11,sh,sporting_life
Abel Mabel,59915.0,2025-01-14,Romford,400,3,2,24.97,3.81,15/8,A11,¾,sporting_life
Abel Mabel,59915.0,2025-01-04,Romford,400,3,2,24.5,3.76,3/1,A10,3,sporting_life
Abel Mabel,59915.0,2024-12-26,Romford,400,3,2,25.12,3.86,3/1,A10,2 ¼,sporting_life
Abel Mabel,59915.0,2024-12-18,Romford,400,2,3,25.01,3.84,10/3,A10,1,sporting_life
Abel Mabel,59915.0,2024-12-14,Romford,400,2,2,25.04,3.82,3/1,A10,hd,sporting_life
Abel Mabel,59915.0,2024-12-09,Romford,400,2,1,24.97,3.72,5/4,A11,,sporting_life
Abel Mabel,59915.0,2024-12-02,Romford,400,3,2,24.96,3.84,6/1,A11,3 ¼,sporting_life
Abel Mabel,59915.0,2024-11-27,Romford,400,2,4,25.28,3.85,10/1,A11,sh,sporting_life
Abel Mabel,59915.0,2024-11-23,Romford,400,2,5,25.41,3.9,5/1,A11,½,sporting_life
Abel Mabel,59915.0,2024-11-15,Romford,400,2,5,25.21,3.91,14/1,A10,1 ¾,sporting_life
Abel Mabel,59915.0,2024-11-04,Romford,400,2,1,25.22,3.81,15/8,A11,,sporting_life
Abel Mabel,59915.0,2024-10-26,Romford,400,2,3,25.3,3.85,9/1,A11,3,sporting_life
Abel Mabel,59915.0,2024-10-22,Romford,400,2,3,25.61,3.88,7/2,A11,1 ½,sporting_life
Abel Mabel,59915.0,2024-10-15,Romford,400,3,4,25.65,3.88,10/1,A11,½,sporting_life
Abel Mabel,59915.0,2024-10-09,Romford,400,2,6,26.29,3.9,20/1,A11,3 ¼,sporting_life
Abel Mabel,59915.0,2024-09-21,Romford,400,4,6,25.86,3.96,20/1,A11,4 ¾,sporting_life
Abel Mabel,59915.0,2024-09-04,Romford,400,3,5,25.8,3.95,20/1,A11,7,sporting_life
Aero Espresso,64486.0,2025-09-05,Romford,400,5,6,24.69,3.91,18/1,OR1,2,sporting_life
Aero Espresso,,2026-03-06 00:00:00,Romford,400,2,1,24.67,3.84,,T3,4.75,results_parquet
Aero Espresso,,2026-02-28 00:00:00,Central Park,277,2,1,16.62,,,T2,0.3,results_parquet
Aero Leg It,65791.0,2026-03-06,Romford,575,3,4,36.3,14.01,5/4,OR3,1,sporting_life
Aero Leg It,65791.0,2026-02-28,Central Park,491,4,3,29.2,3.18,25/1,OR,1 ½,sporting_life
Aero Leg It,65791.0,2026-02-21,Central Park,491,3,3,29.7,3.25,10/1,OR,5,sporting_life
Aero Leg It,65791.0,2026-02-13,Romford,400,5,3,24.92,3.83,25/1,OR3,hd,sporting_life
Aero Leg It,65791.0,2026-02-06,Romford,400,5,3,24.52,3.84,9/2,OR3,hd,sporting_life
Aero Leg It,,2026-01-29,Romford,400,1,1,24.34,,29/01,,,timeform
Aero Leg It,,2025-12-31,Romford,400,2,2,24.76,,31/12,,,timeform
Aero Leg It,65791.0,2025-12-21,Oxford,450,5,4,27.58,,11/2,OR1,2 ¼,sporting_life
Aero Leg It,65791.0,2025-12-14,Oxford,450,6,3,27.24,,6/1,OR1,4 ½,sporting_life
Aero Leg It,,2025-12-09,Oxford,450,3,2,26.84,,09/12,,,timeform
Aero Leg It,,2025-12-02,Oxford,450,3,3,27.64,,02/12,,,timeform
Aero Leg It,,2025-11-14,Monmore,480,2,2,28.76,,14/11,,,timeform
Alan The First,62140.0,2026-03-06,Romford,400,3,5,24.7,3.7,5/1,OR1,½,sporting_life
Alan The First,62140.0,2026-02-03,Romford,400,2,5,24.63,3.85,2/1,A2,½,sporting_life
Alan The First,62140.0,2026-01-26,Romford,400,2,2,24.25,3.76,7/2,A2,2 ¼,sporting_life
Alan The First,62140.0,2026-01-17,Romford,400,2,6,24.82,3.68,3/1,A1,¾,sporting_life
Alan The First,62140.0,2026-01-10,Romford,400,1,5,24.63,3.69,5/1,A1,4 ¾,sporting_life
Alan The First,62140.0,2025-12-27,Romford,400,1,5,24.95,3.82,9/2,OR,2 ¼,sporting_life
Alan The First,62140.0,2025-12-20,Romford,400,1,6,24.52,3.68,7/4,A1,sh,sporting_life
Alan The First,62140.0,2025-12-08,Nottingham,305,1,5,18.09,,4/1,OR2,1,sporting_life
Alan The First,62140.0,2025-12-01,Nottingham,305,2,5,18.38,,11/1,OR,2,sporting_life
Alan The First,62140.0,2025-11-12,Romford,400,1,1,24.32,3.81,11/4,A1,,sporting_life
Alan The First,62140.0,2025-10-31,Romford,400,1,4,24.26,3.78,9/2,OR3,¾,sporting_life
Alan The First,62140.0,2025-10-24,Romford,400,2,2,24.38,3.73,5/1,OR3,2 ¼,sporting_life
Alan The First,62140.0,2025-10-17,Romford,400,3,3,24.47,3.77,6/1,OR,4,sporting_life
Alan The First,62140.0,2025-10-10,Romford,400,1,3,24.39,3.74,2/1,OR3,½,sporting_life
Alan The First,62140.0,2025-10-03,Romford,400,2,3,24.31,3.81,9/1,OR2,2,sporting_life
Alan The First,62140.0,2025-09-26,Romford,400,2,1,24.17,3.74,9/2,OR,,sporting_life
Alan The First,62140.0,2025-09-20,Romford,400,2,3,24.73,3.78,11/4,A1,3 ½,sporting_life
Alan The First,62140.0,2025-09-13,Romford,400,2,1,24.13,3.72,7/4,A1,,sporting_life
Alan The First,62140.0,2025-09-05,Romford,400,2,4,24.53,3.82,6/1,OR,1 ½,sporting_life
Alan The First,62140.0,2025-08-29,Romford,400,1,3,24.33,3.79,8/1,OR,5,sporting_life
Alan The First,62140.0,2025-08-20,Romford,400,2,1,24.29,3.75,11/4,A1,,sporting_life
Alan The First,62140.0,2025-06-27,Romford,400,2,6,,3.82,4/1,OR,dis,sporting_life
Alan The First,62140.0,2025-06-21,Romford,400,4,4,24.23,3.69,7/2,IV,1 ¾,sporting_life
Alan The First,62140.0,2025-06-13,Romford,400,1,4,24.53,3.83,4/5,A1,2 ¼,sporting_life
Alan The First,62140.0,2025-06-06,Romford,400,1,1,23.88,3.76,5/1,OR,,sporting_life
Alan The First,62140.0,2025-05-23,Romford,400,1,3,24.19,3.87,5/1,OR,1 ¼,sporting_life
Alan The First,62140.0,2025-05-16,Romford,400,1,1,24.03,3.79,13/8,OR3,,sporting_life
Alan The First,62140.0,2025-05-09,Romford,400,2,1,23.89,3.72,11/10,OR3,,sporting_life
Alan The First,62140.0,2025-04-29,Romford,400,2,5,24.75,3.83,5/2,A1,¾,sporting_life
Alan The First,62140.0,2025-04-15,Romford,400,2,1,23.97,3.67,7/4,A2,,sporting_life
Alan The First,62140.0,2025-04-07,Romford,400,2,4,25.16,3.79,9/4,A2,1 ¾,sporting_life
Alan The First,62140.0,2025-04-01,Romford,400,2,1,24.19,3.72,6/4,A4,,sporting_life
Alan The First,62140.0,2025-03-26,Romford,400,2,2,24.44,3.74,9/4,A4,3,sporting_life
Alan The First,62140.0,2025-03-18,Romford,400,2,3,24.72,3.86,5/2,A3,¾,sporting_life
Alan The First,62140.0,2025-03-08,Romford,400,2,6,24.91,3.87,6/4,A3,sh,sporting_life
Alan The First,,2026-02-25 00:00:00,Romford,400,2,1,24.27,3.68,,T1,,results_parquet
Alan The First,,2026-02-19 00:00:00,Romford,225,2,1,13.57,0.0,,T1,,results_parquet
Alana The Second,64165.0,2026-03-06,Romford,575,1,1,35.94,13.71,13/8,OR3,,sporting_life
Alana The Second,64165.0,2026-02-27,Romford,575,2,2,35.66,13.79,5/2,OR,sh,sporting_life
Alana The Second,64165.0,2026-02-20,Romford,575,3,5,36.39,14.11,6/1,OR,2,sporting_life
Alana The Second,64165.0,2026-02-14,Central Park,491,3,1,29.69,3.08,11/4,OR,,sporting_life
Alana The Second,64165.0,2026-02-06,Romford,575,2,4,36.42,13.9,16/1,OR,6 ½,sporting_life
Alana The Second,64165.0,2026-01-31,Romford,575,2,1,35.68,13.6,1/1,S3,,sporting_life
Alana The Second,64165.0,2026-01-24,Romford,575,1,2,36.32,13.87,3/1,S2,2,sporting_life
Alana The Second,64165.0,2026-01-19,Romford,575,1,3,35.89,13.79,10/3,S2,2 ¾,sporting_life
Alana The Second,64165.0,2026-01-14,Romford,575,2,3,36.41,14.01,4/1,S2,,sporting_life
Alana The Second,64165.0,2026-01-07,Romford,400,2,1,24.33,3.79,7/2,A5,,sporting_life
Alana The Second,64165.0,2026-01-02,Romford,400,1,4,24.27,3.79,2/1,A5,½,sporting_life
Alana The Second,64165.0,2025-12-20,Romford,400,2,5,24.97,3.88,1/1,A5,2,sporting_life
Alana The Second,64165.0,2025-12-03,Romford,575,2,3,35.99,13.63,9/4,S2,1 ¾,sporting_life
Alana The Second,64165.0,2025-11-22,Romford,400,2,1,24.22,3.9,11/8,A6,,sporting_life
Alana The Second,64165.0,2025-11-15,Romford,400,2,2,24.41,3.85,10/3,A5,¾,sporting_life
Alana The Second,64165.0,2025-11-08,Romford,400,2,1,24.35,3.87,15/8,A7,,sporting_life
Alana The Second,,2025-10-30,Romford,400,1,1,24.6,,30/10,,,timeform
Alana The Second,,2025-10-02,Romford,400,3,2,25.25,,02/10,,,timeform
Alana The Second,64165.0,2025-08-16,Romford,400,1,3,24.74,3.86,11/4,A6,3,sporting_life
Alana The Second,64165.0,2025-08-11,Romford,400,2,6,25.02,3.91,8/1,A5,2 ¼,sporting_life
Alana The Second,,2025-07-31,Romford,400,3,1,24.56,,31/07,,,timeform
Alana The Second,,2025-07-24,Romford,400,3,3,25.01,,24/07,,,timeform
Alans Amigo,63777.0,2026-03-06,Romford,575,1,6,36.67,14.36,40/1,OR,2 ½,sporting_life
Alans Amigo,63777.0,2026-02-24,Romford,575,2,4,35.75,13.94,4/1,S1,nk,sporting_life
Alans Amigo,63777.0,2026-02-13,Romford,575,1,1,35.89,14.05,7/2,OR,,sporting_life
Alans Amigo,63777.0,2026-02-06,Romford,575,3,2,35.68,13.79,7/1,OR,2 ½,sporting_life
Alans Amigo,63777.0,2026-01-30,Romford,575,1,3,35.75,13.87,9/2,OR3,sh,sporting_life
Alans Amigo,63777.0,2026-01-23,Romford,575,3,6,36.37,14.21,12/1,OR3,½,sporting_life
Alans Amigo,63777.0,2026-01-16,Romford,575,2,3,35.87,13.87,7/1,OR3,1 ¼,sporting_life
Alans Amigo,63777.0,2026-01-07,Romford,575,2,4,36.33,14.29,9/4,S1,1 ¼,sporting_life
Alans Amigo,63777.0,2026-01-02,Romford,575,1,5,35.54,14.23,4/1,OR,hd,sporting_life
Alans Amigo,63777.0,2025-12-27,Romford,575,2,3,35.83,13.88,9/2,S1,nk,sporting_life
Alans Amigo,63777.0,2025-12-19,Romford,575,2,3,35.95,14.04,3/1,OR,3 ¾,sporting_life
Alans Amigo,63777.0,2025-12-08,Romford,400,2,3,24.37,3.93,3/1,A4,nk,sporting_life
Alans Amigo,63777.0,2025-12-02,Romford,575,2,4,35.58,13.89,10/1,S1,½,sporting_life
Alans Amigo,63777.0,2025-11-22,Romford,575,2,1,35.45,13.72,10/3,S2,,sporting_life
Alans Amigo,63777.0,2025-11-10,Romford,400,2,4,24.67,4.01,4/1,A4,nk,sporting_life
Alans Amigo,63777.0,2025-11-01,Romford,400,2,4,24.39,3.95,11/4,A4,hd,sporting_life
Alans Amigo,63777.0,2025-10-25,Romford,400,2,2,24.46,3.84,4/1,A4,3 ¼,sporting_life
Alans Amigo,63777.0,2025-10-14,Romford,400,2,4,24.3,3.98,6/1,A3,nk,sporting_life
Alans Amigo,63777.0,2025-10-08,Romford,400,2,6,24.64,4.04,9/2,A3,nk,sporting_life
Alans Amigo,63777.0,2025-10-04,Romford,400,2,5,24.67,4.03,7/4,A3,1 ¼,sporting_life
Alans Amigo,63777.0,2025-09-23,Romford,400,1,2,24.45,3.97,7/2,A3,1 ¼,sporting_life
Alans Amigo,63777.0,2025-07-25,Romford,400,2,4,24.91,4.01,4/1,OR3,½,sporting_life
Alans Amigo,63777.0,2025-07-20,Towcester,500,3,5,30.21,4.16,7/1,OR,5 ¾,sporting_life
Alans Amigo,63777.0,2025-07-13,Towcester,500,1,4,29.81,4.25,18/1,OR1,2 ¼,sporting_life
Alans Amigo,63777.0,2025-07-06,Towcester,500,1,3,29.47,4.18,25/1,OR1,1 ¾,sporting_life
Bacon Frazzles,57949.0,2026-03-06,Romford,575,3,3,35.25,13.78,25/1,OR,1 ¼,sporting_life
Bacon Frazzles,57949.0,2026-02-27,Romford,575,5,4,35.37,13.8,12/1,OR,2 ½,sporting_life
Bacon Frazzles,57949.0,2026-02-21,Central Park,491,4,6,30.01,3.16,25/1,OR,4,sporting_life
Bacon Frazzles,57949.0,2026-02-13,Romford,575,4,5,36.01,14.28,20/1,OR,1 ½,sporting_life
Bacon Frazzles,57949.0,2026-02-06,Romford,575,4,4,35.83,13.81,8/1,OR,1 ¾,sporting_life
Bacon Frazzles,,2026-01-28,Romford,400,3,1,24.37,,28/01,,,timeform
Bacon Frazzles,57949.0,2026-01-09,Romford,575,4,1,35.4,13.88,7/1,OR1,,sporting_life
Bacon Frazzles,57949.0,2026-01-02,Romford,575,4,2,35.38,14.07,9/2,OR,6 ¼,sporting_life
Bacon Frazzles,57949.0,2025-12-27,Romford,575,5,5,35.98,13.76,5/2,OR,2 ½,sporting_life
Bacon Frazzles,57949.0,2025-12-19,Romford,575,4,5,35.16,13.77,10/1,OR,sh,sporting_life
Bacon Frazzles,57949.0,2025-12-12,Romford,575,4,2,35.24,13.66,4/1,OR,nk,sporting_life
Bacon Frazzles,57949.0,2025-12-08,Romford,575,3,1,35.31,13.63,4/5,S1,,sporting_life
Bacon Frazzles,57949.0,2025-11-28,Romford,575,4,3,35.21,13.77,10/3,OR3,¾,sporting_life
Bacon Frazzles,57949.0,2025-11-21,Romford,575,4,1,35.04,13.69,5/1,OR3,,sporting_life
Bacon Frazzles,57949.0,2025-11-14,Romford,575,4,1,35.47,13.82,2/1,OR,,sporting_life
Bacon Frazzles,57949.0,2025-10-31,Romford,575,5,4,35.4,13.77,14/1,OR3,1 ½,sporting_life
Bacon Frazzles,57949.0,2025-10-24,Romford,575,4,3,36.13,13.99,10/3,OR3,5,sporting_life
Bacon Frazzles,57949.0,2025-10-17,Romford,575,4,6,36.1,13.95,7/1,OR,¾,sporting_life
Bacon Frazzles,57949.0,2025-10-10,Romford,575,3,3,35.26,13.8,11/8,OR,nk,sporting_life
Bacon Frazzles,57949.0,2025-10-03,Romford,575,5,4,35.88,14.13,9/2,OR1,½,sporting_life
Bacon Frazzles,57949.0,2025-09-26,Romford,575,6,3,35.84,13.86,22/1,OR,2 ¼,sporting_life
Bacon Frazzles,57949.0,2025-09-19,Romford,575,5,3,35.5,13.89,20/1,OR,¾,sporting_life
Bacon Frazzles,57949.0,2025-09-12,Romford,575,6,5,36.23,14.14,10/1,OR,1,sporting_life
Bacon Frazzles,57949.0,2025-09-08,Romford,575,5,1,35.45,13.78,4/7,S1,,sporting_life
Bacon Frazzles,57949.0,2025-08-29,Romford,575,5,2,35.65,13.99,11/4,OR,¾,sporting_life
Bacon Frazzles,57949.0,2025-08-22,Romford,575,5,5,35.96,13.96,2/1,OR,2 ½,sporting_life
Bacon Frazzles,57949.0,2025-08-15,Romford,575,5,3,35.11,13.54,9/2,OR,½,sporting_life
Bacon Frazzles,57949.0,2025-08-08,Romford,575,3,2,35.29,13.77,8/11,OR3,1 ½,sporting_life
Bacon Frazzles,57949.0,2025-08-01,Romford,575,3,1,35.27,13.67,6/4,OR3,,sporting_life
Bacon Frazzles,57949.0,2025-07-25,Romford,575,4,2,35.16,13.66,11/1,OR3,½,sporting_life
Bacon Frazzles,57949.0,2025-07-18,Romford,575,4,3,35.48,13.73,9/1,OR3,1 ½,sporting_life
Bacon Frazzles,57949.0,2025-07-12,Oxford,650,4,4,40.48,15.48,14/1,OR,1 ¾,sporting_life
Bacon Frazzles,57949.0,2025-07-07,Romford,575,5,3,35.88,13.9,5/4,S1,1 ½,sporting_life
Bacon Frazzles,57949.0,2025-07-02,Romford,575,3,2,35.47,13.8,8/11,S1,hd,sporting_life
Bacon Frazzles,57949.0,2025-06-20,Romford,575,5,5,35.6,13.92,10/1,OR1,sh,sporting_life
Bacon Frazzles,57949.0,2025-06-14,Romford,575,3,2,35.43,13.8,5/4,S1,1 ¾,sporting_life
Bacon Frazzles,57949.0,2025-06-10,Romford,575,3,1,35.39,13.88,4/6,S1,,sporting_life
Bacon Frazzles,57949.0,2025-06-04,Romford,575,3,2,35.95,14.12,1/1,S1,1 ½,sporting_life
Bacon Frazzles,57949.0,2025-05-30,Romford,575,6,2,35.35,13.67,9/2,OR,3,sporting_life
Bacon Frazzles,57949.0,2025-05-23,Romford,575,6,5,35.51,13.88,11/1,OR3,½,sporting_life
Bacon Frazzles,57949.0,2025-05-16,Romford,575,6,2,35.25,13.62,7/1,OR3,hd,sporting_life
Bacon Frazzles,57949.0,2025-05-09,Romford,575,5,1,35.32,13.67,8/1,OR,,sporting_life
Bacon Frazzles,57949.0,2025-05-02,Romford,575,5,6,35.85,13.92,14/1,OR3,1,sporting_life
Bacon Frazzles,57949.0,2025-04-25,Romford,575,3,3,36.02,13.67,9/1,OR,6 ½,sporting_life
Bacon Frazzles,57949.0,2025-04-18,Romford,575,3,4,35.47,13.78,2/1,OR3,1,sporting_life
Bacon Frazzles,57949.0,2025-04-09,Romford,575,4,3,35.75,13.89,2/1,S1,1,sporting_life
Bacon Frazzles,57949.0,2025-04-02,Romford,575,4,1,35.34,13.79,4/5,S1,,sporting_life
Bacon Frazzles,57949.0,2025-03-26,Romford,575,4,3,35.83,13.96,3/1,S1,½,sporting_life
Bacon Frazzles,57949.0,2025-03-14,Romford,575,6,4,35.76,13.87,33/1,OR,1 ¼,sporting_life
Bacon Frazzles,57949.0,2025-02-28,Romford,575,4,4,35.81,13.9,28/1,OR,1 ¼,sporting_life
Bacon Frazzles,57949.0,2025-02-21,Romford,575,6,5,36.42,14.23,33/1,OR,1 ¾,sporting_life
Bacon Frazzles,57949.0,2025-02-14,Romford,750,4,4,48.53,24.12,7/2,OR3,6 ¼,sporting_life
Bacon Frazzles,57949.0,2025-02-07,Romford,575,4,4,35.8,14.11,7/1,OR,1 ½,sporting_life
Bacon Frazzles,57949.0,2025-01-31,Romford,575,2,3,35.35,13.74,14/1,OR3,sh,sporting_life
Bacon Frazzles,57949.0,2025-01-24,Romford,575,5,2,35.76,13.89,7/2,OR3,6 ¼,sporting_life
Bacon Frazzles,57949.0,2025-01-15,Romford,575,4,1,35.58,13.69,13/8,S1,,sporting_life
Bacon Frazzles,57949.0,2024-12-11,Romford,575,4,2,35.65,14.15,8/1,S1,¾,sporting_life
Bacon Frazzles,57949.0,2024-12-06,Romford,575,5,4,35.81,13.99,12/1,OR3,½,sporting_life
Bacon Frazzles,57949.0,2024-11-29,Romford,575,5,3,35.86,14.05,9/2,OR3,sh,sporting_life
Bacon Frazzles,57949.0,2024-11-22,Romford,575,3,4,35.72,13.89,33/1,OR,½,sporting_life
Bacon Frazzles,57949.0,2024-11-15,Romford,575,2,5,35.9,14.1,12/1,OR,1 ¼,sporting_life
Bacon Frazzles,57949.0,2024-11-08,Romford,575,4,4,35.87,14.04,20/1,OR3,¾,sporting_life
Bacon Frazzles,57949.0,2024-11-01,Romford,575,5,2,35.57,13.89,10/1,OR3,5 ¾,sporting_life
Bacon Frazzles,57949.0,2024-10-25,Romford,575,6,1,35.89,14.21,33/1,OR3,,sporting_life
Bacon Frazzles,57949.0,2024-10-18,Romford,575,5,2,35.68,13.91,33/1,OR3,4 ½,sporting_life
Bacon Frazzles,57949.0,2024-10-11,Romford,750,5,4,48.37,24.77,33/1,OR3,4 ¼,sporting_life
Bacon Frazzles,57949.0,2024-10-07,Romford,575,3,4,36.99,14.37,9/4,S2,½,sporting_life
Bacon Frazzles,57949.0,2024-10-02,Romford,575,3,4,36.6,14.42,7/4,S2,½,sporting_life
Bacon Frazzles,57949.0,2024-09-25,Romford,575,3,5,35.78,13.88,5/1,S1,½,sporting_life
Bacon Frazzles,57949.0,2024-09-21,Romford,575,3,1,35.94,14.05,2/1,S2,,sporting_life
Bacon Frazzles,57949.0,2024-09-14,Romford,575,3,3,36.0,13.74,2/1,S2,1 ¾,sporting_life
Bacon Frazzles,57949.0,2024-09-07,Romford,575,3,1,35.75,13.89,5/2,S4,,sporting_life
Bacon Frazzles,57949.0,2024-08-31,Romford,400,3,4,24.65,3.91,6/1,A3,2 ¼,sporting_life
Bacon Frazzles,57949.0,2024-08-24,Romford,400,3,3,24.62,3.97,6/1,A3,2,sporting_life
Bacon Frazzles,57949.0,2024-08-17,Romford,400,3,4,24.67,3.94,9/2,A3,¾,sporting_life
Bacon Frazzles,57949.0,2024-08-10,Romford,400,3,3,24.68,3.99,4/1,A3,½,sporting_life
Bacon Frazzles,57949.0,2024-08-05,Romford,400,3,4,25.06,3.87,7/2,A3,3,sporting_life
Bacon Frazzles,57949.0,2024-07-27,Romford,400,3,5,24.47,3.93,4/1,A3,sh,sporting_life
Bacon Frazzles,57949.0,2024-07-16,Romford,400,3,1,24.14,3.82,10/3,A4,,sporting_life
Bacon Frazzles,57949.0,2024-07-08,Romford,400,3,4,24.88,3.85,9/4,A4,1,sporting_life
Bacon Frazzles,57949.0,2024-07-02,Romford,400,3,4,24.59,3.84,9/1,A4,hd,sporting_life
Bacon Frazzles,57949.0,2024-04-17,Yarmouth,462,4,5,28.52,5.56,4/1,A3,½,sporting_life
Bacon Frazzles,57949.0,2024-04-10,Yarmouth,462,3,6,28.86,5.4,5/1,A3,1 ½,sporting_life
Ballymac Florie,60656.0,2026-03-07,Oxford,650,5,4,40.55,15.15,9/4,OR,3 ¼,sporting_life
Ballymac Florie,60656.0,2026-02-26,Hove,515,5,4,30.47,4.52,18/1,OR,2 ¾,sporting_life
Ballymac Florie,60656.0,2026-02-21,Monmore,480,5,3,28.63,4.57,8/1,OR,dh,sporting_life
Ballymac Florie,60656.0,2026-02-14,Central Park,491,5,2,29.46,3.12,6/1,OR,6 ¾,sporting_life
Ballymac Florie,60656.0,2025-06-21,Central Park,491,4,4,29.86,3.07,7/1,OR3,hd,sporting_life
Ballymac Florie,60656.0,2025-03-15,Monmore,630,4,6,38.25,12.81,22/1,OR3,¾,sporting_life
Ballymac Florie,60656.0,2025-03-08,Monmore,630,4,3,38.49,12.9,4/1,OR3,4,sporting_life
Ballymac Florie,60656.0,2025-03-01,Monmore,480,4,4,28.66,4.48,7/2,OR1,¾,sporting_life
Ballymac Florie,60656.0,2025-02-22,Monmore,480,5,3,28.45,4.49,11/1,OR,½,sporting_life
Ballymac Florie,60656.0,2025-02-16,Towcester,500,5,2,29.52,4.25,7/2,OR,½,sporting_life
Ballymac Florie,60656.0,2025-02-09,Towcester,500,4,1,29.28,4.19,9/2,OR,,sporting_life
Ballymac Florie,60656.0,2025-01-30,Hove,500,5,4,30.23,3.64,8/1,OR3,hd,sporting_life
Ballymac Florie,60656.0,2025-01-16,Hove,515,3,3,30.49,4.52,9/1,OR3,1 ½,sporting_life
Ballymac Florie,60656.0,2025-01-09,Hove,515,4,2,30.31,4.45,5/1,OR3,1 ¾,sporting_life
Ballymac Florie,60656.0,2024-12-28,Central Park,664,6,1,41.01,12.75,8/13,OR,,sporting_life
Ballymac Florie,60656.0,2024-12-22,Towcester,500,5,4,29.64,4.21,5/1,OR,½,sporting_life
Ballymac Florie,60656.0,2024-12-15,Towcester,500,6,2,29.5,4.25,9/2,OR,1 ¼,sporting_life
Ballymac Florie,60656.0,2024-12-08,Towcester,500,1,6,30.14,,4/1,OR1,1,sporting_life
Ballymac Florie,60656.0,2024-12-01,Towcester,500,3,4,29.89,4.23,6/1,OR,1 ½,sporting_life
Ballymac Florie,60656.0,2024-11-17,Towcester,500,2,5,29.77,4.36,20/1,OR1,hd,sporting_life
Ballymac Florie,60656.0,2024-11-10,Towcester,500,4,3,29.34,4.31,11/2,OR1,¾,sporting_life
Ballymac Suntan,61519.0,2026-03-09,Romford,400,3,1,24.44,,11/8,A5,,sporting_life
Ballymac Suntan,61519.0,2026-02-28,Romford,400,3,2,24.82,3.9,2/1,A4,hd,sporting_life
Ballymac Suntan,61519.0,2026-02-21,Romford,400,3,2,24.39,3.83,4/1,A4,¾,sporting_life
Ballymac Suntan,61519.0,2026-02-16,Romford,400,3,3,24.63,3.88,5/1,A4,nk,sporting_life
Ballymac Suntan,61519.0,2026-02-07,Romford,400,2,2,24.98,3.84,15/8,A4,4 ½,sporting_life
Ballymac Suntan,61519.0,2026-02-02,Romford,400,3,2,24.19,3.8,7/2,A4,sh,sporting_life
Ballymac Suntan,61519.0,2026-01-24,Romford,400,4,1,24.48,3.83,3/1,A5,,sporting_life
Ballymac Suntan,,2026-01-14,Romford,400,0,5,24.36,,14/01,A5,,timeform
Ballymac Suntan,61519.0,2026-01-05,Romford,400,4,5,24.57,3.8,7/2,A4,1 ½,sporting_life
Ballymac Suntan,61519.0,2025-12-30,Romford,400,3,4,24.75,3.89,9/2,A4,¾,sporting_life
Ballymac Suntan,61519.0,2025-12-20,Romford,400,3,3,24.62,3.89,11/4,A4,¾,sporting_life
Ballymac Suntan,61519.0,2025-12-12,Romford,400,3,2,24.33,3.87,9/2,A4,1,sporting_life
Ballymac Suntan,61519.0,2025-12-06,Romford,400,3,1,24.32,3.95,5/4,A6,,sporting_life
Ballymac Suntan,61519.0,2025-11-29,Romford,400,3,1,24.43,3.86,6/5,A7,,sporting_life
Ballymac Suntan,61519.0,2025-11-22,Romford,400,3,3,24.33,3.89,7/1,A6,sh,sporting_life
Ballymac Suntan,61519.0,2025-11-17,Romford,400,3,5,24.81,3.9,3/1,A6,½,sporting_life
Ballymac Suntan,61519.0,2025-11-07,Romford,400,3,3,24.54,3.84,7/1,A6,sh,sporting_life
Ballymac Suntan,61519.0,2025-10-29,Romford,400,3,4,25.27,3.9,25/1,A6,9 ¾,sporting_life
Ballymac Suntan,61519.0,2025-10-22,Romford,400,3,5,24.9,3.88,9/1,A5,¾,sporting_life
Ballymac Suntan,61519.0,2025-10-18,Romford,400,3,5,25.06,3.95,9/1,A5,2 ¾,sporting_life
Ballymac Suntan,,2025-10-14,Romford,400,2,2,24.96,,14/10,,,timeform
Ballymac Suntan,61519.0,2025-09-01,Romford,400,3,3,24.57,3.94,6/1,A4,1 ¼,sporting_life
Ballymac Suntan,61519.0,2025-08-23,Romford,400,3,1,24.39,3.84,7/2,A5,,sporting_life
Ballymac Suntan,61519.0,2025-08-18,Romford,400,3,5,24.98,3.97,10/3,A4,¾,sporting_life
Ballymac Suntan,61519.0,2025-08-13,Romford,400,3,3,24.34,3.88,9/2,A4,½,sporting_life
Ballymac Suntan,61519.0,2025-08-08,Romford,575,5,4,36.33,14.06,12/1,OR3,hd,sporting_life
Ballymac Suntan,61519.0,2025-07-30,Romford,400,3,4,24.59,3.91,6/1,A4,sh,sporting_life
Ballymac Suntan,61519.0,2025-07-19,Romford,400,3,4,24.54,3.89,11/4,A4,hd,sporting_life
Ballymac Suntan,61519.0,2025-07-11,Romford,400,3,1,24.53,3.85,15/8,A5,,sporting_life
Ballymac Suntan,61519.0,2025-06-28,Romford,400,3,2,24.4,3.91,5/1,A5,¾,sporting_life
Ballymac Suntan,61519.0,2025-06-20,Romford,400,3,1,24.42,3.92,7/4,A6,,sporting_life
Ballymac Suntan,61519.0,2025-06-10,Romford,400,3,4,24.71,3.85,11/4,A6,1 ½,sporting_life
Ballymac Suntan,61519.0,2025-06-02,Romford,400,3,3,24.47,3.91,5/4,A6,½,sporting_life
Ballymac Suntan,61519.0,2025-05-28,Romford,400,2,3,24.63,3.93,7/2,A5,1 ¼,sporting_life
Ballymac Suntan,61519.0,2025-05-14,Romford,400,2,5,25.04,3.91,9/2,A5,nk,sporting_life
Ballymac Suntan,61519.0,2025-05-07,Romford,400,2,4,24.45,3.85,11/4,A5,¾,sporting_life
Ballymac Suntan,61519.0,2025-04-26,Romford,400,2,3,24.71,3.96,7/2,A4,2,sporting_life
Ballymac Suntan,61519.0,2025-04-19,Romford,400,3,4,24.72,3.95,7/2,A4,1 ¼,sporting_life
Ballymac Suntan,61519.0,2025-04-14,Romford,400,3,3,24.63,3.86,5/2,A4,1 ¼,sporting_life
Ballymac Suntan,61519.0,2025-04-05,Romford,400,3,5,25.22,3.87,7/2,A3,4 ¼,sporting_life
Ballymac Suntan,61519.0,2025-03-26,Romford,400,2,5,24.77,3.96,4/1,A3,2,sporting_life
Ballymac Suntan,61519.0,2025-03-22,Romford,400,2,2,24.47,3.85,3/1,A3,½,sporting_life
Ballymac Suntan,61519.0,2025-03-11,Romford,400,2,5,24.72,3.8,7/4,A3,1 ¼,sporting_life
Ballymac Suntan,61519.0,2025-03-01,Romford,400,2,3,24.93,3.84,5/6,A3,1 ½,sporting_life
Ballymac Suntan,61519.0,2025-02-24,Romford,400,2,1,24.45,3.81,11/8,A5,,sporting_life
Ballymac Suntan,61519.0,2025-02-12,Romford,400,2,2,24.55,3.8,15/8,A5,3,sporting_life
Ballymac Suntan,61519.0,2025-02-08,Romford,400,2,3,25.21,3.89,2/1,A5,7,sporting_life
Ballymac Suntan,61519.0,2025-02-03,Romford,400,2,1,24.23,3.84,6/5,A7,,sporting_life
Ballymac Suntan,61519.0,2025-01-27,Romford,400,2,3,24.91,3.87,11/4,A6,3,sporting_life
Ballymac Suntan,61519.0,2025-01-20,Romford,400,2,3,24.97,3.87,5/2,A6,3 ¼,sporting_life
Ballymac Suntan,61519.0,2025-01-13,Romford,400,2,2,24.85,3.89,5/1,A5,6 ¼,sporting_life
Bluejig Designer,63576.0,2026-03-09,Romford,400,6,5,24.82,,2/1,A5,2,sporting_life
Bluejig Designer,63576.0,2026-03-04,Romford,400,6,3,24.68,3.94,6/1,A4,3 ½,sporting_life
Bluejig Designer,63576.0,2026-02-27,Romford,400,6,4,24.79,3.88,6/1,A4,3,sporting_life
Bluejig Designer,63576.0,2026-02-21,Romford,400,6,4,24.57,3.89,4/1,A4,1,sporting_life
Bluejig Designer,63576.0,2026-02-16,Romford,400,6,2,24.6,3.78,5/1,A4,1 ¼,sporting_life
Bluejig Designer,63576.0,2026-02-11,Romford,400,6,4,24.73,3.86,3/1,A3,nk,sporting_life
Bluejig Designer,63576.0,2026-02-04,Romford,400,6,5,24.81,4.11,6/4,A3,1,sporting_life
Bluejig Designer,63576.0,2026-01-28,Romford,400,5,3,24.66,3.77,6/1,A3,3 ½,sporting_life
Bluejig Designer,63576.0,2026-01-24,Romford,400,6,1,24.27,3.74,11/4,A5,,sporting_life
Bluejig Designer,63576.0,2026-01-14,Romford,400,5,3,24.46,3.8,9/2,A5,,sporting_life
Bluejig Designer,63576.0,2026-01-07,Romford,400,5,5,24.79,3.83,7/2,A4,1 ¼,sporting_life
Bluejig Designer,63576.0,2025-12-20,Romford,400,5,5,24.88,3.89,11/4,A4,hd,sporting_life
Bluejig Designer,63576.0,2025-12-12,Romford,400,5,3,24.47,3.83,3/1,A4,1 ¾,sporting_life
Bluejig Designer,63576.0,2025-12-06,Romford,400,5,3,24.27,3.85,6/1,A3,½,sporting_life
Bluejig Designer,63576.0,2025-12-01,Romford,400,5,5,24.76,3.86,4/1,A3,hd,sporting_life
Bluejig Designer,63576.0,2025-11-25,Romford,400,5,4,24.26,3.86,8/1,A2,1,sporting_life
Bluejig Designer,63576.0,2025-11-18,Romford,400,6,3,24.83,3.82,7/1,A2,½,sporting_life
Bluejig Designer,63576.0,2025-11-14,Romford,575,5,5,36.59,13.86,12/1,OR,½,sporting_life
Bluejig Designer,63576.0,2025-11-08,Romford,400,5,5,24.61,3.9,9/2,A2,2 ¼,sporting_life
Bluejig Designer,,2025-10-31,Romford,400,3,1,24.27,,31/10,,,timeform
Bluejig Designer,63576.0,2025-10-25,Romford,400,5,4,,3.84,3/1,A2,dis,sporting_life
Bluejig Designer,63576.0,2025-10-20,Romford,400,4,1,24.22,3.83,1/1,A4,,sporting_life
Bluejig Designer,63576.0,2025-10-14,Romford,400,4,2,24.16,3.8,3/1,A4,1,sporting_life
Bluejig Designer,63576.0,2025-10-07,Romford,400,5,5,24.73,3.84,2/1,A4,1 ½,sporting_life
Bluejig Designer,63576.0,2025-10-01,Romford,400,5,1,24.31,3.82,6/4,A5,,sporting_life
Bluejig Designer,63576.0,2025-09-27,Romford,400,5,2,24.58,3.84,9/2,A4,nk,sporting_life
Bluejig Designer,63576.0,2025-09-22,Romford,400,5,3,24.74,3.88,5/1,A4,1 ¾,sporting_life
Bluejig Designer,63576.0,2025-09-17,Romford,400,5,5,24.94,3.89,10/3,A4,2 ¼,sporting_life
Bluejig Designer,63576.0,2025-09-10,Romford,400,5,4,24.84,3.9,15/8,A4,1 ¾,sporting_life
Bluejig Designer,63576.0,2025-09-06,Romford,400,5,1,24.28,3.79,9/4,A5,,sporting_life
Bluejig Designer,63576.0,2025-09-01,Romford,400,5,1,24.34,3.79,6/5,A6,,sporting_life
Bluejig Designer,63576.0,2025-08-18,Romford,400,5,2,24.46,3.81,6/4,A6,¾,sporting_life
Bluejig Designer,63576.0,2025-08-13,Romford,400,5,1,24.37,3.81,13/8,A7,,sporting_life
Bluejig Designer,63576.0,2025-08-09,Romford,400,5,2,24.41,3.84,9/4,A7,2,sporting_life
Bluejig Designer,63576.0,2025-08-02,Romford,400,4,2,24.72,3.9,7/1,A6,4 ½,sporting_life
Bluejig Designer,63576.0,2025-07-28,Romford,400,4,3,24.66,3.8,8/1,A6,1 ¾,sporting_life
Bluejig Designer,,2025-07-23,Romford,400,3,1,24.63,,23/07,,,timeform
Bluejig Designer,,2025-07-10,Romford,400,3,2,24.88,,10/07,,,timeform
Bluejig Designer,63576.0,2025-06-29,Yarmouth,462,6,5,29.47,5.6,11/4,A8,½,sporting_life
Bluejig Designer,63576.0,2025-06-22,Yarmouth,462,6,5,29.5,5.68,11/4,A7,½,sporting_life
Bluejig Designer,,2025-06-08,Yarmouth,462,3,2,29.28,,08/06,,,timeform
Bluejig Designer,,2025-05-31,Yarmouth,462,3,3,29.19,,31/05,,,timeform
Bluejig Designer,,2025-05-15,Yarmouth,462,2,2,28.95,,15/05,,,timeform
Bockos Buster,62992.0,2026-03-06,Romford,400,3,1,23.75,3.65,1/1,OR1,,sporting_life
Bockos Buster,62992.0,2026-02-20,Romford,400,4,5,24.33,3.78,5/4,OR3,½,sporting_life
Bockos Buster,62992.0,2026-02-13,Romford,400,4,1,23.88,3.67,8/11,OR3,,sporting_life
Bockos Buster,62992.0,2026-02-07,Monmore,480,5,4,28.91,4.47,3/1,OR1,4 ¼,sporting_life
Bockos Buster,62992.0,2026-01-31,Monmore,480,5,1,28.09,4.27,9/4,OR,,sporting_life
Bockos Buster,62992.0,2026-01-26,Nottingham,305,6,2,17.54,,8/13,OR3,¾,sporting_life
Bockos Buster,62992.0,2026-01-19,Nottingham,305,4,1,17.48,,1/6,OR3,,sporting_life
Bockos Buster,62992.0,2026-01-12,Nottingham,305,5,1,17.52,,6/4,OR,,sporting_life
Bockos Buster,62992.0,2025-12-22,Nottingham,305,6,4,17.71,,5/1,OR2,nk,sporting_life
Bockos Buster,62992.0,2025-12-15,Nottingham,305,4,2,17.81,,6/1,OR2,2 ¼,sporting_life
Bockos Buster,62992.0,2025-12-08,Nottingham,305,5,1,17.79,,9/4,OR2,,sporting_life
Bockos Buster,62992.0,2025-12-01,Nottingham,305,1,3,18.18,,7/2,OR,3,sporting_life
Bockos Buster,62992.0,2025-11-21,Sunderland,450,2,2,27.33,5.37,7/4,OR1,5,sporting_life
Bockos Buster,62992.0,2025-11-14,Sunderland,450,2,1,27.45,5.21,15/8,OR1,,sporting_life
Bockos Buster,62992.0,2025-11-07,Sunderland,450,3,2,27.43,5.15,15/8,OR1,3,sporting_life
Bockos Buster,,2025-11-02,Sun,450,1,1,27.36,,02/11,,,timeform
Bockos Buster,62992.0,2025-10-24,Dunstall Park,270,6,4,15.74,,7/1,OR2,¾,sporting_life
Bockos Buster,62992.0,2025-10-17,Dunstall Park,270,3,1,15.62,,6/1,OR2,,sporting_life
Bockos Buster,62992.0,2025-10-10,Dunstall Park,270,4,1,15.61,,3/1,OR2,,sporting_life
Bockos Buster,,2025-10-03,Dundalk,270,1,1,16.03,,03/10,,,timeform
Bockos Buster,62992.0,2025-09-17,Yarmouth,462,5,5,27.75,5.11,7/1,OR1,¾,sporting_life
Bockos Buster,62992.0,2025-09-10,Yarmouth,462,3,2,27.52,5.12,8/15,OR1,1 ½,sporting_life
Bockos Buster,62992.0,2025-09-03,Yarmouth,462,5,1,27.44,5.2,4/5,OR1,,sporting_life
Bockos Buster,62992.0,2025-08-23,Yarmouth,462,4,3,27.78,5.31,8/13,OR,sh,sporting_life
Bockos Buster,62992.0,2025-08-16,Yarmouth,462,3,1,27.52,5.08,6/5,OR,,sporting_life
Bockos Buster,62992.0,2025-08-09,Yarmouth,462,3,1,27.45,5.26,4/6,OR,,sporting_life
Bockos Buster,,2025-08-02,Yarmouth,462,1,1,28.02,,02/08,,,timeform
Bockos Buster,,2025-07-19,Monmore,480,3,3,29.36,,19/07,,,timeform
Bockos Buster,,2025-07-14,Monmore,480,3,1,28.73,,14/07,,,timeform
Bockos Buster,62992.0,2025-05-08,Towcester,500,3,6,29.6,4.19,2/1,OR1,½,sporting_life
Bockos Buster,,2025-05-03,Towcester,500,1,1,28.89,,03/05,,,timeform
Bockos Buster,,2025-04-29,Towcester,270,1,1,15.73,,29/04,,,timeform
Bombay Buck,61114.0,2026-03-06,Romford,400,3,3,24.17,3.72,11/4,OR1,2 ¼,sporting_life
Bombay Buck,61114.0,2026-02-27,Romford,400,4,1,23.95,3.66,15/8,OR,,sporting_life
Bombay Buck,61114.0,2026-02-20,Romford,400,2,3,24.11,3.75,14/1,OR3,2 ¼,sporting_life
Bombay Buck,61114.0,2026-02-13,Romford,400,5,2,24.19,3.79,9/2,OR3,3,sporting_life
Bombay Buck,61114.0,2026-02-06,Romford,400,3,5,24.41,3.85,4/1,OR3,3 ½,sporting_life
Bombay Buck,61114.0,2026-01-30,Romford,400,4,2,24.4,3.8,10/3,OR3,1 ¼,sporting_life
Bombay Buck,61114.0,2026-01-24,Romford,400,5,1,24.07,3.74,10/11,A1,,sporting_life
Bombay Buck,61114.0,2026-01-17,Romford,400,5,3,24.05,3.73,6/5,A1,nk,sporting_life
Bombay Buck,61114.0,2026-01-10,Romford,400,5,2,24.03,3.72,6/4,A1,2 ¼,sporting_life
Bombay Buck,61114.0,2026-01-02,Romford,400,5,2,24.14,3.85,9/2,OR,5,sporting_life
Bombay Buck,61114.0,2025-12-27,Romford,400,4,2,24.02,3.67,5/2,OR,1 ½,sporting_life
Bombay Buck,61114.0,2025-12-19,Romford,400,5,3,24.21,3.82,3/1,OR,sh,sporting_life
Bombay Buck,61114.0,2025-12-12,Romford,400,5,3,23.94,3.68,10/3,OR3,sh,sporting_life
Bombay Buck,61114.0,2025-12-05,Romford,400,5,1,24.03,3.71,10/3,OR3,,sporting_life
Bombay Buck,61114.0,2025-11-24,Romford,400,4,2,24.41,3.84,10/11,A1,3 ½,sporting_life
Bombay Buck,61114.0,2025-11-18,Romford,400,4,3,24.17,3.81,8/11,A1,1 ¼,sporting_life
Bombay Buck,61114.0,2025-11-14,Romford,400,3,2,23.96,3.78,7/2,OR3,2,sporting_life
Bombay Buck,61114.0,2025-11-07,Romford,400,6,3,24.12,3.69,13/8,OR3,nk,sporting_life
Bombay Buck,61114.0,2025-10-31,Romford,400,5,2,24.17,3.78,7/4,OR3,2 ¾,sporting_life
Bombay Buck,61114.0,2025-10-24,Romford,400,5,2,24.15,3.76,15/8,OR3,1 ¾,sporting_life
Bombay Buck,61114.0,2025-10-17,Romford,400,5,1,24.05,3.67,9/2,OR,,sporting_life
Bombay Buck,61114.0,2025-10-10,Romford,400,4,4,24.4,3.8,4/1,OR3,sh,sporting_life
Bombay Buck,61114.0,2025-10-03,Romford,400,5,6,24.9,3.81,10/1,OR2,¾,sporting_life
Bombay Buck,,2025-09-18,Romford,400,1,1,24.36,,18/09,,,timeform
Bombay Buck,,2025-09-11,Romford,225,1,1,13.52,,11/09,,,timeform
Bombay Buck,61114.0,2025-08-08,Romford,400,3,5,24.16,3.88,1/1,OR,2 ¾,sporting_life
Bombay Buck,61114.0,2025-08-01,Romford,400,3,6,24.88,3.7,4/6,OR3,2 ¼,sporting_life
Bombay Buck,61114.0,2025-07-25,Romford,400,3,3,24.05,3.73,7/4,OR3,½,sporting_life
Bombay Buck,61114.0,2025-07-18,Romford,400,4,3,24.08,3.77,1/1,OR3,2,sporting_life
Bombay Buck,61114.0,2025-07-11,Romford,400,3,1,23.75,3.63,4/1,OR3,,sporting_life
Bombay Buck,61114.0,2025-07-04,Romford,400,4,2,23.98,3.67,7/4,OR3,3,sporting_life
Bombay Buck,61114.0,2025-06-28,Romford,400,4,3,24.14,3.85,5/4,A1,1,sporting_life
Bombay Buck,61114.0,2025-06-21,Romford,400,3,3,24.2,3.71,3/1,IV,2 ½,sporting_life
Bombay Buck,61114.0,2025-06-13,Romford,400,5,1,23.74,3.73,15/8,OR,,sporting_life
Bombay Buck,61114.0,2025-06-06,Romford,400,5,1,23.66,3.64,11/4,OR3,,sporting_life
Bombay Buck,61114.0,2025-05-30,Romford,400,6,2,24.32,3.81,7/2,OR3,nk,sporting_life
Bombay Buck,61114.0,2025-05-23,Romford,400,6,5,24.32,3.78,8/1,OR,1 ¼,sporting_life
Bombay Buck,61114.0,2025-05-16,Romford,400,6,5,24.59,3.82,10/3,OR3,¾,sporting_life
Bombay Buck,61114.0,2025-05-09,Romford,400,5,2,23.84,3.67,8/1,OR3,1 ¾,sporting_life
Bombay Buck,61114.0,2025-05-02,Romford,400,5,1,23.92,3.14,5/1,OR3,,sporting_life
Bombay Buck,61114.0,2025-04-25,Romford,400,5,3,24.36,3.92,10/11,OR,1 ¼,sporting_life
Bombay Buck,61114.0,2025-04-18,Romford,400,5,3,24.2,3.72,9/2,OR3,1 ¾,sporting_life
Bombay Buck,61114.0,2025-04-11,Romford,400,4,4,24.22,3.71,5/1,OR3,½,sporting_life
Bombay Buck,61114.0,2025-04-04,Romford,400,4,1,24.16,3.71,5/1,OR3,,sporting_life
Bombay Buck,61114.0,2025-03-28,Romford,400,6,6,24.83,3.85,5/2,OR3,2,sporting_life
Bombay Buck,61114.0,2025-03-21,Romford,400,4,1,24.02,3.65,5/1,OR3,,sporting_life
Bombay Buck,61114.0,2025-03-14,Romford,225,5,4,13.77,,10/1,OR3,½,sporting_life
Bombay Buck,61114.0,2025-03-09,Towcester,500,6,4,29.64,4.08,11/1,OR,1 ¾,sporting_life
Bombay Buck,,2025-02-25,Monmore,480,2,1,28.91,,25/02,,,timeform
Bombay Buck,,2025-02-18,Monmore,480,2,1,29.07,,18/02,,,timeform
Bombay Buck,61114.0,2025-01-03,Romford,400,5,6,,3.74,15/8,OR,dis,sporting_life
Bombay Buck,61114.0,2024-12-27,Romford,400,4,1,24.01,3.71,4/1,OR3,,sporting_life
Bombay Buck,61114.0,2024-12-20,Romford,400,3,2,24.28,3.87,13/8,OR3,2 ¼,sporting_life
Bombay Buck,61114.0,2024-12-13,Romford,400,3,3,24.17,3.79,6/4,OR,hd,sporting_life
Bombay Trend,62959.0,2026-03-09,Romford,400,4,1,24.47,3.78,10/3,A4,,sporting_life
Bombay Trend,62959.0,2026-02-28,Romford,400,4,3,24.84,3.83,5/2,A4,hd,sporting_life
Bombay Trend,62959.0,2026-02-21,Romford,400,4,5,24.79,3.79,11/4,A4,2 ¾,sporting_life
Bombay Trend,62959.0,2026-02-16,Romford,400,4,2,24.71,3.83,2/1,A4,2 ¾,sporting_life
Bombay Trend,62959.0,2026-02-07,Romford,400,4,1,24.41,3.74,11/4,A5,,sporting_life
Bombay Trend,62959.0,2026-02-02,Romford,400,4,3,24.61,3.85,5/1,A5,½,sporting_life
Bombay Trend,62959.0,2026-01-26,Romford,400,4,5,24.76,3.77,11/4,A5,sh,sporting_life
Bombay Trend,62959.0,2026-01-20,Romford,400,4,5,25.14,3.88,3/1,A5,4 ½,sporting_life
Bombay Trend,,2026-01-08,Romford,400,1,1,24.59,,08/01,,,timeform
Bombay Trend,62959.0,2025-12-08,Romford,400,4,6,24.67,3.78,3/1,A4,¾,sporting_life
Bombay Trend,62959.0,2025-12-03,Romford,400,4,2,24.53,3.75,11/4,A4,nk,sporting_life
Bombay Trend,62959.0,2025-11-28,Romford,225,5,4,13.63,,14/1,OR,½,sporting_life
Bombay Trend,62959.0,2025-11-21,Romford,225,4,4,13.88,,7/1,OR,1 ½,sporting_life
Bombay Trend,62959.0,2025-11-15,Romford,400,4,2,24.21,3.75,15/8,A4,1,sporting_life
Bombay Trend,62959.0,2025-11-08,Romford,400,4,2,24.61,3.83,15/8,A4,1 ½,sporting_life
Bombay Trend,62959.0,2025-10-31,Romford,225,3,2,13.56,,5/1,OR,1 ¼,sporting_life
Bombay Trend,62959.0,2025-10-25,Romford,400,4,3,24.5,3.74,11/8,A4,½,sporting_life
Bombay Trend,62959.0,2025-10-18,Romford,400,4,4,24.98,3.85,5/6,A4,½,sporting_life
Bombay Trend,62959.0,2025-10-11,Romford,400,4,3,24.84,3.79,11/4,A3,6 ¾,sporting_life
Bombay Trend,62959.0,2025-10-04,Romford,400,4,2,24.6,3.77,6/4,A3,1,sporting_life
Bombay Trend,62959.0,2025-09-27,Romford,400,4,4,24.61,3.79,2/1,A3,½,sporting_life
Bombay Trend,62959.0,2025-09-20,Romford,400,4,2,24.38,3.73,11/8,A3,½,sporting_life
Bombay Trend,62959.0,2025-09-13,Romford,400,4,6,24.71,3.81,7/1,A2,½,sporting_life
Bombay Trend,62959.0,2025-09-06,Romford,400,4,4,24.53,3.82,5/1,A2,2,sporting_life
Bombay Trend,62959.0,2025-08-29,Romford,225,4,3,13.7,,12/1,OR,2 ¼,sporting_life
Bombay Trend,62959.0,2025-08-16,Romford,400,4,5,24.7,3.74,3/1,A2,1 ¼,sporting_life
Bombay Trend,62959.0,2025-08-09,Romford,400,4,2,24.18,3.79,11/4,A2,2 ¼,sporting_life
Bombay Trend,62959.0,2025-07-29,Romford,400,4,1,24.33,3.82,2/1,A3,,sporting_life
Bombay Trend,62959.0,2025-07-22,Romford,400,4,2,24.13,3.75,7/4,A3,nk,sporting_life
Bombay Trend,62959.0,2025-07-16,Romford,400,4,5,24.78,3.87,2/1,A2,1 ¾,sporting_life
Bombay Trend,62959.0,2025-07-12,Romford,400,4,3,24.26,3.85,3/1,A2,sh,sporting_life
Bombay Trend,62959.0,2025-07-07,Romford,400,4,2,24.48,3.77,4/1,A2,2 ¼,sporting_life
Bombay Trend,62959.0,2025-06-24,Romford,400,4,2,24.87,3.92,5/2,A2,7 ½,sporting_life
Bombay Trend,62959.0,2025-06-18,Romford,400,4,2,24.4,3.71,6/1,A2,3,sporting_life
Bombay Trend,62959.0,2025-06-09,Romford,400,5,4,24.62,3.91,5/1,A1,¾,sporting_life
Bombay Trend,62959.0,2025-06-04,Romford,400,5,6,25.04,3.94,7/2,A1,3 ¾,sporting_life
Bombay Trend,62959.0,2025-05-30,Romford,400,6,6,24.59,3.76,4/1,OR,2 ¼,sporting_life
Bombay Trend,62959.0,2025-05-24,Romford,400,4,1,24.32,3.84,15/8,A2,,sporting_life
Bombay Trend,62959.0,2025-05-17,Romford,400,3,1,24.41,3.82,11/4,A3,,sporting_life
Bombay Trend,62959.0,2025-05-06,Romford,400,3,2,24.52,3.74,4/1,A3,1,sporting_life
Bombay Trend,,2025-05-01,Romford,400,3,1,24.43,,01/05,,,timeform
Bombay Trend,,2025-04-24,Romford,400,3,1,24.74,,24/04,,,timeform
Bonville Secret,,2026-02-26,Romford,400,3,2,24.96,,26/02,,,timeform
Bonville Secret,,2026-02-19,Romford,400,3,1,24.4,,19/02,,,timeform
Bonville Secret,,2026-02-12,Romford,400,1,1,25.0,,12/02,,,timeform
Bonville Secret,,2026-01-29,Romford,225,1,1,13.99,,29/01,,,timeform
Bretons Boy,57972.0,2026-03-03,Monmore,264,2,4,15.69,,7/2,D1,2 ½,sporting_life
Bretons Boy,57972.0,2026-02-23,Nottingham,305,1,5,18.58,,2/1,OR,sh,sporting_life
Bretons Boy,57972.0,2026-02-14,Monmore,264,3,4,15.55,,25/1,OR3,½,sporting_life
Bretons Boy,57972.0,2026-02-05,Monmore,264,3,2,15.51,,5/2,D1,2 ½,sporting_life
Bretons Boy,57972.0,2026-01-31,Monmore,264,3,2,15.76,,9/4,D1,1,sporting_life
Bretons Boy,57972.0,2026-01-22,Monmore,264,3,3,15.75,,6/1,OR3,3,sporting_life
Bretons Boy,57972.0,2026-01-15,Monmore,264,3,3,15.74,,6/1,OR3,½,sporting_life
Bretons Boy,57972.0,2026-01-02,Romford,400,1,5,24.4,3.68,9/1,OR,3 ¼,sporting_life
Bretons Boy,57972.0,2025-12-20,Monmore,264,2,1,15.37,,5/1,D1,,sporting_life
Bretons Boy,57972.0,2025-12-11,Monmore,264,1,3,15.85,,5/1,D1,3 ¼,sporting_life
Bretons Boy,57972.0,2025-12-04,Monmore,264,2,2,15.62,,6/1,D1,¾,sporting_life
Bretons Boy,57972.0,2025-11-21,Romford,225,3,3,13.76,,7/1,OR,1 ¼,sporting_life
Bretons Boy,57972.0,2025-11-07,Romford,400,3,6,24.75,3.81,10/1,OR3,6,sporting_life
Bretons Boy,57972.0,2025-11-01,Monmore,264,2,4,15.82,,7/1,OR,4,sporting_life
Bretons Boy,57972.0,2025-10-24,Romford,225,1,3,13.84,,9/4,OR,2,sporting_life
Bretons Boy,57972.0,2025-09-12,Romford,400,1,5,24.63,3.78,5/1,OR,hd,sporting_life
Bretons Boy,57972.0,2025-09-05,Romford,400,1,6,24.58,3.92,8/1,OR,nk,sporting_life
Bretons Boy,57972.0,2025-08-22,Romford,400,2,3,24.42,3.74,9/4,OR,2 ½,sporting_life
Bretons Boy,57972.0,2025-08-15,Romford,400,2,5,24.35,3.87,7/1,OR3,1 ¼,sporting_life
Bretons Boy,57972.0,2025-08-08,Romford,400,1,3,24.25,3.78,9/2,OR3,2,sporting_life
Bretons Boy,57972.0,2025-08-01,Romford,400,2,1,24.31,3.76,5/1,OR3,,sporting_life
Bretons Boy,57972.0,2025-07-25,Romford,400,2,3,24.8,3.82,2/1,OR,1 ½,sporting_life
Bretons Boy,57972.0,2025-06-27,Romford,400,2,6,24.89,3.85,5/1,OR,2 ¼,sporting_life
Bretons Boy,57972.0,2025-06-21,Romford,400,4,3,24.36,3.79,9/2,IV,¾,sporting_life
Bretons Boy,57972.0,2025-06-13,Romford,400,2,2,24.04,3.74,9/1,OR,3 ¾,sporting_life
Bretons Boy,57972.0,2025-05-30,Romford,400,2,6,25.31,3.84,6/5,OR3,2 ½,sporting_life
Bretons Boy,57972.0,2025-05-23,Romford,400,1,1,24.15,3.76,3/1,OR,,sporting_life
Bretons Boy,57972.0,2025-04-18,Romford,400,2,5,24.54,3.79,11/4,OR3,½,sporting_life
Bretons Boy,57972.0,2025-04-11,Romford,400,1,3,23.85,3.62,6/1,OR,2,sporting_life
Bretons Boy,57972.0,2025-04-04,Romford,400,3,5,24.51,3.76,5/1,OR3,2 ¼,sporting_life
Bretons Boy,57972.0,2025-03-28,Romford,400,1,1,24.03,3.69,5/1,OR3,,sporting_life
Bretons Boy,57972.0,2025-03-21,Romford,400,3,2,24.3,3.67,7/2,OR3,3 ½,sporting_life
Bretons Boy,57972.0,2025-03-14,Romford,225,3,5,13.81,,5/1,OR3,½,sporting_life
Bretons Boy,57972.0,2025-03-07,Romford,400,3,6,24.36,3.74,16/1,OR1,2,sporting_life
Bretons Boy,57972.0,2025-02-28,Romford,400,3,3,24.59,3.76,15/8,OR,1 ¾,sporting_life
Bretons Boy,57972.0,2025-02-21,Romford,400,4,1,24.27,3.65,8/15,OR,,sporting_life
Bretons Boy,57972.0,2025-02-14,Romford,400,3,3,24.22,3.71,5/2,OR3,hd,sporting_life
Bretons Boy,57972.0,2025-02-07,Romford,400,4,2,24.21,3.73,5/2,OR,2 ½,sporting_life
Bretons Boy,57972.0,2025-01-31,Romford,400,1,4,24.6,3.76,5/2,OR3,sh,sporting_life
Bretons Boy,57972.0,2025-01-24,Romford,400,1,2,24.12,3.73,13/8,OR3,1,sporting_life
Bretons Boy,57972.0,2025-01-17,Romford,400,1,4,24.55,3.71,7/1,OR,1,sporting_life
Bretons Boy,57972.0,2025-01-08,Romford,400,1,4,24.37,3.76,5/2,A1,½,sporting_life
Bretons Boy,57972.0,2024-12-27,Romford,400,3,5,24.42,3.73,9/4,OR3,sh,sporting_life
Bretons Boy,57972.0,2024-12-20,Romford,400,2,4,24.65,3.84,7/1,OR3,2 ½,sporting_life
Bretons Boy,57972.0,2024-12-13,Romford,400,3,2,24.11,3.73,5/1,OR3,nk,sporting_life
Bretons Boy,57972.0,2024-12-06,Romford,400,1,3,24.4,3.8,9/2,OR3,4,sporting_life
Bretons Boy,57972.0,2024-11-29,Romford,400,1,2,24.37,3.73,7/4,OR3,1 ¼,sporting_life
Bretons Boy,57972.0,2024-11-22,Romford,400,1,5,24.5,3.83,2/1,OR3,3 ½,sporting_life
Bretons Boy,57972.0,2024-11-15,Romford,400,2,1,23.89,3.69,5/1,OR3,,sporting_life
Bretons Boy,57972.0,2024-11-11,Romford,400,2,2,24.15,3.68,3/1,A1,3,sporting_life
Bretons Boy,57972.0,2024-11-01,Nottingham,255,1,4,15.4,,11/10,OR,½,sporting_life
Bretons Boy,57972.0,2024-10-25,Nottingham,305,3,3,18.27,,1/1,OR,1 ½,sporting_life
Bretons Boy,57972.0,2024-10-21,Nottingham,255,2,4,15.56,,11/8,OR,1 ¼,sporting_life
Bretons Boy,57972.0,2024-08-23,Romford,400,1,6,24.92,3.77,13/8,A1,3 ¾,sporting_life
Bretons Boy,57972.0,2024-08-16,Romford,400,3,6,24.69,3.75,4/1,OR3,½,sporting_life
Bretons Boy,57972.0,2024-08-09,Romford,400,1,1,24.0,3.75,2/1,OR3,,sporting_life
Bretons Boy,57972.0,2024-08-02,Romford,225,1,3,13.59,,2/1,OR,2 ¼,sporting_life
Bretons Boy,57972.0,2024-07-26,Romford,225,1,5,13.96,,13/8,OR,sh,sporting_life
Bretons Boy,57972.0,2024-07-12,Romford,400,2,6,24.63,3.71,9/4,OR3,2 ¼,sporting_life
Bretons Boy,57972.0,2024-07-05,Romford,400,2,1,24.11,3.74,5/2,OR3,,sporting_life
Bretons Boy,57972.0,2024-06-29,Monmore,264,3,3,15.49,,2/1,OR3,sh,sporting_life
Bretons Boy,57972.0,2024-06-22,Monmore,264,4,2,15.48,,11/10,OR3,¾,sporting_life
Bretons Boy,57972.0,2024-06-08,Monmore,264,3,2,15.61,,5/4,OR,1,sporting_life
Bretons Boy,57972.0,2024-06-01,Central Park,277,3,6,17.04,,5/2,OR1,1 ½,sporting_life
Bretons Boy,57972.0,2024-05-24,Romford,225,1,1,13.61,,6/4,OR,,sporting_life
Bretons Boy,57972.0,2024-05-17,Harlow,415,1,4,27.51,4.82,7/2,OR2,1,sporting_life
Bretons Boy,57972.0,2024-05-03,Romford,400,3,1,24.2,3.71,11/4,OR,,sporting_life
Bretons Boy,57972.0,2024-04-26,Romford,400,2,1,24.19,3.72,10/11,OR,,sporting_life
Bretons Boy,57972.0,2024-04-19,Romford,400,2,3,24.74,3.74,5/2,OR3,1 ¾,sporting_life
Bretons Boy,57972.0,2024-04-12,Romford,400,2,1,24.17,3.62,13/8,OR3,,sporting_life
Bretons Girl,64217.0,2026-02-26,Monmore,264,2,3,15.63,,7/4,D1,1,sporting_life
Bretons Girl,64217.0,2026-02-21,Monmore,264,3,4,15.56,,25/1,OR3,1 ¼,sporting_life
Bretons Girl,64217.0,2026-02-14,Monmore,264,1,2,15.61,,9/4,OR3,2 ½,sporting_life
Bretons Girl,64217.0,2026-02-06,Romford,225,1,4,13.77,,6/1,OR,½,sporting_life
Bretons Girl,64217.0,2026-01-30,Romford,225,2,2,13.5,,11/4,OR,3 ½,sporting_life
Bretons Girl,64217.0,2026-01-23,Romford,225,1,1,13.6,,9/2,OR,,sporting_life
Bretons Girl,64217.0,2026-01-17,Monmore,264,3,5,16.29,,5/2,D1,3,sporting_life
Bretons Girl,64217.0,2026-01-02,Romford,400,3,2,23.83,3.64,7/2,OR,2 ½,sporting_life
Bretons Girl,64217.0,2025-12-26,Monmore,264,3,1,15.53,,4/1,D1,,sporting_life
Bretons Girl,64217.0,2025-12-19,Dunstall Park,270,2,5,16.14,,7/1,OR,1,sporting_life
Bretons Girl,64217.0,2025-12-11,Monmore,264,3,5,15.93,,10/3,D1,1,sporting_life
Bretons Girl,64217.0,2025-12-04,Monmore,264,3,6,16.36,,10/3,D1,3,sporting_life
Bretons Girl,64217.0,2025-11-28,Romford,400,3,4,24.5,3.87,4/1,OR,hd,sporting_life
Bretons Girl,64217.0,2025-11-21,Romford,400,3,3,24.45,3.81,2/1,OR3,½,sporting_life
Bretons Girl,64217.0,2025-11-07,Romford,400,2,6,24.62,3.66,5/1,OR3,2 ¾,sporting_life
Bretons Girl,64217.0,2025-10-17,Romford,400,3,1,24.17,3.7,9/4,OR,,sporting_life
Bretons Girl,64217.0,2025-10-10,Romford,400,2,4,24.42,3.73,4/1,OR2,3 ¾,sporting_life
Bretons Girl,64217.0,2025-10-03,Romford,400,2,1,24.24,3.73,11/4,OR2,,sporting_life
Bretons Girl,64217.0,2025-09-26,Romford,400,4,2,24.26,3.67,10/3,OR,sh,sporting_life
Bretons Girl,64217.0,2025-09-12,Romford,400,1,5,24.66,3.78,3/1,OR,hd,sporting_life
Bretons Girl,64217.0,2025-09-05,Romford,225,2,4,13.94,,6/1,OR,sh,sporting_life
Bretons Girl,64217.0,2025-08-29,Romford,400,1,2,24.43,3.59,5/4,OR,1 ½,sporting_life
Bretons Girl,64217.0,2025-08-14,Monmore,264,3,1,15.51,,5/2,D1,,sporting_life
Bretons Girl,,2026-03-03 00:00:00,Suffolk Downs,220,1,1,13.5,,,T1,,results_parquet
Brindle Moon,59284.0,2026-02-21,Romford,400,2,6,,3.74,20/1,A1,dis,sporting_life
Brindle Moon,59284.0,2026-02-14,Romford,400,2,4,24.62,3.67,6/1,A1,1 ¾,sporting_life
Brindle Moon,59284.0,2026-02-10,Romford,400,2,5,24.46,3.7,3/1,A1,¾,sporting_life
Brindle Moon,59284.0,2026-02-02,Romford,400,2,3,24.65,3.67,10/3,A1,nk,sporting_life
Brindle Moon,59284.0,2026-01-26,Romford,400,2,1,24.47,3.73,5/2,A1,,sporting_life
Brindle Moon,59284.0,2026-01-21,Romford,400,2,4,24.49,3.82,3/1,A1,¾,sporting_life
Brindle Moon,59284.0,2026-01-14,Romford,400,2,1,23.97,3.67,9/4,A3,,sporting_life
Brindle Moon,59284.0,2026-01-07,Romford,400,2,2,24.53,3.83,11/10,A3,3 ½,sporting_life
Brindle Moon,59284.0,2025-12-17,Romford,400,2,2,24.22,3.85,6/4,A3,5 ¼,sporting_life
Brindle Moon,59284.0,2025-12-13,Romford,400,2,2,24.24,3.67,5/2,A3,3 ¼,sporting_life
Brindle Moon,59284.0,2025-11-29,Romford,400,2,1,24.24,3.79,1/1,A4,,sporting_life
Brindle Moon,59284.0,2025-11-18,Romford,400,2,2,24.34,3.81,13/8,A4,hd,sporting_life
Brindle Moon,59284.0,2025-11-08,Romford,400,2,2,24.43,3.83,10/3,A3,3 ½,sporting_life
Brindle Moon,59284.0,2025-09-06,Romford,400,1,5,24.78,3.75,11/8,A2,nk,sporting_life
Brindle Moon,59284.0,2025-08-30,Romford,400,2,2,24.42,3.8,5/1,A1,¾,sporting_life
Brindle Moon,59284.0,2025-08-23,Romford,400,2,6,24.9,3.94,9/4,A1,2,sporting_life
Brindle Moon,59284.0,2025-08-13,Romford,400,2,3,24.14,3.76,9/2,A1,¾,sporting_life
Brindle Moon,59284.0,2025-08-08,Romford,225,1,4,13.68,,5/1,OR,hd,sporting_life
Brindle Moon,59284.0,2025-08-01,Romford,225,2,3,13.79,,4/6,OR,1 ½,sporting_life
Brindle Moon,59284.0,2025-07-25,Romford,225,2,2,13.6,,7/1,OR,2 ¾,sporting_life
Brindle Moon,59284.0,2025-07-18,Romford,225,1,3,13.75,0.0,5/1,OR,nk,sporting_life
Brindle Moon,59284.0,2025-07-09,Romford,400,2,1,24.24,3.74,10/3,A2,,sporting_life
Brindle Moon,59284.0,2025-07-04,Romford,225,1,2,13.66,,11/4,OR,1 ½,sporting_life
Brindle Moon,59284.0,2025-06-28,Romford,400,2,5,24.89,3.76,6/1,A1,hd,sporting_life
Brindle Moon,59284.0,2025-06-21,Romford,225,2,6,14.13,,8/1,OR,1,sporting_life
Brindle Moon,59284.0,2025-06-14,Central Park,277,2,6,17.04,,14/1,OR1,1 ¾,sporting_life
Brindle Moon,59284.0,2025-05-16,Romford,225,2,4,13.66,,9/1,OR,2 ¼,sporting_life
Brindle Moon,59284.0,2025-05-09,Romford,225,3,3,13.58,,9/1,OR,2,sporting_life
Brindle Moon,59284.0,2025-05-02,Romford,225,1,1,13.42,0.0,8/1,OR,,sporting_life
Brindle Moon,59284.0,2025-04-26,Romford,400,2,5,24.76,3.66,5/1,A1,1 ¼,sporting_life
Brindle Moon,59284.0,2025-04-19,Romford,400,2,4,24.45,3.67,7/2,A1,¾,sporting_life
Brindle Moon,59284.0,2025-04-07,Romford,400,1,1,24.92,3.73,11/4,A2,,sporting_life
Brindle Moon,59284.0,2025-04-01,Romford,400,1,3,24.78,3.69,11/4,A2,¾,sporting_life
Brindle Moon,59284.0,2025-03-22,Romford,400,2,2,24.3,3.78,7/4,A2,1 ½,sporting_life
Brindle Moon,59284.0,2025-03-12,Romford,400,2,3,24.62,3.79,7/4,A2,hd,sporting_life
Brindle Moon,59284.0,2025-03-05,Romford,400,2,1,24.14,3.72,10/11,A3,,sporting_life
Brindle Moon,59284.0,2025-02-26,Romford,400,2,2,24.6,3.73,2/1,A3,1 ¼,sporting_life
Brindle Moon,59284.0,2025-02-19,Romford,400,2,4,24.75,3.83,2/1,A3,1,sporting_life
Brindle Moon,59284.0,2025-02-12,Romford,400,2,4,24.98,3.77,9/4,A2,4,sporting_life
Brindle Moon,59284.0,2025-02-04,Romford,400,2,5,24.88,3.69,15/8,IT,4 ¼,sporting_life
Brindle Moon,59284.0,2025-01-25,Romford,400,2,2,24.39,3.71,3/1,A2,1,sporting_life
Brindle Moon,59284.0,2025-01-13,Romford,400,2,2,24.46,3.77,7/4,A2,5,sporting_life
Brindle Moon,59284.0,2024-12-28,Romford,400,2,5,25.08,3.76,6/5,A2,2 ¼,sporting_life
Brindle Moon,59284.0,2024-12-13,Romford,400,2,1,24.13,3.69,8/13,A3,,sporting_life
Brindle Moon,59284.0,2024-12-02,Romford,400,2,2,24.34,3.75,5/6,A2,3,sporting_life
Brindle Moon,59284.0,2024-11-25,Romford,400,2,2,24.3,3.73,5/4,A2,1,sporting_life
Brindle Moon,59284.0,2024-11-19,Romford,400,2,2,24.32,3.7,7/2,A1,1 ¼,sporting_life
Brindle Moon,59284.0,2024-11-08,Romford,400,2,5,24.44,3.76,7/2,A1,¾,sporting_life
Brindle Moon,59284.0,2024-11-02,Romford,400,2,5,24.36,3.75,6/1,A1,½,sporting_life
Brindle Moon,59284.0,2024-10-25,Romford,400,2,1,24.11,3.81,8/11,A2,,sporting_life
Brindle Moon,59284.0,2024-10-19,Romford,400,2,4,24.77,3.8,9/2,A1,2,sporting_life
Brindle Moon,59284.0,2024-10-05,Romford,400,2,4,24.74,3.72,2/1,A1,3 ¾,sporting_life
Brindle Moon,59284.0,2024-09-28,Romford,400,2,4,24.83,3.75,3/1,A1,4 ½,sporting_life
Brindle Moon,59284.0,2024-09-17,Romford,400,2,3,24.26,3.75,2/1,A1,¾,sporting_life
Brindle Moon,59284.0,2024-09-06,Romford,400,1,1,23.96,3.69,4/1,OR3,,sporting_life
Brindle Moon,59284.0,2024-08-30,Romford,400,1,2,24.24,3.74,7/2,OR3,3,sporting_life
Brindle Moon,59284.0,2024-08-23,Romford,400,2,2,24.41,3.7,7/4,OR,2 ¼,sporting_life
Brindle Moon,59284.0,2024-08-14,Romford,400,2,1,24.29,3.77,15/8,A3,,sporting_life
Brindle Moon,59284.0,2024-08-03,Romford,400,2,2,24.36,3.72,4/1,A2,nk,sporting_life
Brindle Moon,59284.0,2024-07-20,Romford,400,2,1,24.28,3.74,9/2,A3,,sporting_life
Brindle Moon,59284.0,2024-07-10,Romford,400,2,2,24.51,3.79,10/3,A3,1 ¼,sporting_life
Brindle Moon,,2026-03-04 00:00:00,Romford,400,2,1,24.04,3.7,,T1,,results_parquet
Broadway Steel,60203.0,2026-03-06,Romford,400,6,3,24.19,3.67,16/1,OR1,nk,sporting_life
Broadway Steel,60203.0,2026-02-27,Romford,400,6,4,24.36,3.73,8/1,OR,1 ½,sporting_life
Broadway Steel,60203.0,2026-02-20,Romford,400,6,6,24.51,3.84,20/1,OR3,2 ¼,sporting_life
Broadway Steel,60203.0,2026-02-13,Romford,400,6,2,24.24,3.66,11/1,OR3,4 ½,sporting_life
Broadway Steel,60203.0,2026-02-06,Romford,400,6,1,23.95,3.67,8/1,OR,,sporting_life
Broadway Steel,60203.0,2026-01-30,Romford,225,6,4,13.62,,8/1,OR,1,sporting_life
Broadway Steel,60203.0,2026-01-23,Romford,225,4,2,13.7,,12/1,OR,1 ¼,sporting_life
Broadway Steel,60203.0,2026-01-19,Romford,400,6,1,24.1,3.72,11/4,A2,,sporting_life
Broadway Steel,60203.0,2026-01-13,Romford,400,5,3,24.2,3.76,9/2,A1,hd,sporting_life
Broadway Steel,60203.0,2026-01-05,Romford,400,6,5,24.5,3.89,5/1,A1,¾,sporting_life
Broadway Steel,60203.0,2025-12-26,Romford,400,6,6,24.62,3.88,5/2,A1,½,sporting_life
Broadway Steel,60203.0,2025-12-15,Romford,400,6,1,23.97,3.69,2/1,A1,,sporting_life
Broadway Steel,60203.0,2025-12-08,Nottingham,305,6,4,18.01,,20/1,OR2,½,sporting_life
Broadway Steel,,2025-11-24,Nottingham,305,1,1,18.13,,24/11,,,timeform
Broadway Steel,,2025-11-20,Romford,400,4,2,24.15,,20/11,,,timeform
Broadway Steel,60203.0,2025-11-12,Romford,400,5,6,,3.98,7/1,A1,dis,sporting_life
Broadway Steel,60203.0,2025-11-04,Romford,400,5,1,23.91,3.69,10/3,A1,,sporting_life
Broadway Steel,60203.0,2025-10-13,Romford,400,5,1,24.44,3.71,3/1,A2,,sporting_life
Broadway Steel,60203.0,2025-10-06,Romford,400,6,3,24.5,3.78,11/4,A2,1,sporting_life
Broadway Steel,60203.0,2025-09-30,Romford,400,6,2,24.14,3.69,5/2,A2,1 ½,sporting_life
Broadway Steel,60203.0,2025-09-22,Romford,400,6,4,24.84,3.92,5/1,A2,½,sporting_life
Broadway Steel,60203.0,2025-09-13,Romford,400,5,1,24.27,3.74,7/2,A3,,sporting_life
Broadway Steel,60203.0,2025-09-06,Romford,400,5,5,24.56,3.8,12/1,A2,nk,sporting_life
Broadway Steel,60203.0,2025-08-30,Romford,400,5,4,24.88,3.92,5/1,A2,3 ½,sporting_life
Broadway Steel,,2025-08-13,Romford,400,2,2,24.41,,13/08,,,timeform
Broadway Steel,60203.0,2025-07-05,Romford,400,5,5,24.61,3.87,11/8,A2,¾,sporting_life
Broadway Steel,60203.0,2025-06-24,Romford,400,5,2,24.53,3.85,7/4,A2,3 ½,sporting_life
Broadway Steel,60203.0,2025-06-14,Romford,400,5,2,24.46,3.83,7/4,A2,3 ¼,sporting_life
Broadway Steel,60203.0,2025-06-07,Romford,400,5,2,24.24,3.73,5/1,A1,1 ¼,sporting_life
Broadway Steel,60203.0,2025-05-31,Romford,400,6,5,24.68,3.98,2/1,A1,½,sporting_life
Broadway Steel,60203.0,2025-05-23,Romford,400,6,3,24.35,3.88,9/2,OR,1,sporting_life
Broadway Steel,60203.0,2025-05-16,Romford,400,5,2,24.4,3.8,5/2,A1,1 ¾,sporting_life
Broadway Steel,60203.0,2025-05-09,Romford,400,6,3,24.26,3.77,5/1,OR,2 ¾,sporting_life
Broadway Steel,60203.0,2025-05-03,Romford,400,5,1,24.17,3.64,11/4,A1,,sporting_life
Broadway Steel,,2025-04-24,Romford,400,3,1,24.2,,24/04,,,timeform
Broadway Steel,60203.0,2025-03-25,Romford,400,6,1,24.41,3.81,7/4,A2,,sporting_life
Broadway Steel,60203.0,2025-03-18,Romford,400,5,5,24.33,3.86,14/1,A1,1 ½,sporting_life
Broadway Steel,60203.0,2025-03-10,Romford,400,6,1,24.38,3.75,4/1,A2,,sporting_life
Broadway Steel,60203.0,2025-03-05,Romford,400,6,5,24.75,3.86,7/4,A2,1 ¼,sporting_life
Broadway Steel,,2025-02-27,Romford,400,3,1,24.54,,27/02,,,timeform
Broadway Steel,60203.0,2025-02-13,Hove,285,5,4,16.68,,33/1,OR,1 ¼,sporting_life
Broadway Steel,60203.0,2025-02-09,Towcester,270,6,4,16.02,,6/1,OR2,1,sporting_life
Broadway Steel,60203.0,2025-01-24,Romford,400,6,5,24.54,3.75,10/3,OR3,1 ¾,sporting_life
Broadway Steel,,2025-01-17,Romford,400,2,2,24.34,,17/01,,,timeform
Broadway Steel,,2025-01-08,Towcester,270,1,1,15.85,,08/01,,,timeform
Broadway Steel,60203.0,2025-01-04,Oxford,450,6,4,27.35,,5/1,OR,½,sporting_life
Broadway Steel,60203.0,2024-12-29,Towcester,270,6,3,15.8,,5/2,OR,1 ½,sporting_life
Broadway Steel,60203.0,2024-12-22,Towcester,270,6,3,15.83,,10/3,OR,hd,sporting_life
Broadway Steel,60203.0,2024-12-14,Oxford,450,6,2,26.99,,9/1,OR,2 ½,sporting_life
Broadway Steel,60203.0,2024-12-09,Nottingham,305,5,4,18.11,,15/8,OR2,2 ½,sporting_life
Broadway Steel,60203.0,2024-11-23,Oxford,253,5,1,15.19,,7/4,OR2,,sporting_life
Broadway Steel,60203.0,2024-11-16,Oxford,253,6,1,15.06,,7/4,OR2,,sporting_life
Broadway Steel,60203.0,2024-11-09,Oxford,253,6,1,15.03,,6/4,OR2,,sporting_life
Calypso Blaze,66947.0,2026-03-06,Romford,400,2,1,24.36,3.72,3/1,A2,,sporting_life
Calypso Blaze,66947.0,2026-03-02,Romford,400,2,5,25.75,3.78,11/8,A2,1 ¾,sporting_life
Calypso Blaze,66947.0,2026-02-25,Romford,400,2,1,24.03,3.74,10/3,A4,,sporting_life
Calypso Blaze,,2026-02-18,Romford,400,3,1,24.71,,18/02,,,timeform
Calypso Blaze,,2026-02-11,Romford,400,3,1,24.47,,11/02,,,timeform
Calypso Blaze,,2026-02-04,Romford,225,2,1,13.88,,04/02,,,timeform
Charlie Loves Me,61961.0,2026-03-06,Romford,400,2,2,24.37,3.89,33/1,OR1,½,sporting_life
Charlie Loves Me,61961.0,2026-02-27,Romford,400,2,3,24.47,3.88,8/1,OR,1 ¼,sporting_life
Charlie Loves Me,61961.0,2026-02-20,Romford,400,3,2,24.27,3.83,7/1,OR,2 ¾,sporting_life
Charlie Loves Me,61961.0,2026-02-04,Yarmouth,462,3,4,28.23,5.41,1/1,A1,hd,sporting_life
Charlie Loves Me,61961.0,2026-01-31,Yarmouth,462,3,3,28.35,5.44,11/10,A1,1,sporting_life
Charlie Loves Me,61961.0,2026-01-23,Romford,575,1,2,36.06,13.88,9/4,OR3,1,sporting_life
Charlie Loves Me,61961.0,2026-01-16,Romford,575,1,2,35.99,13.87,2/1,OR3,6,sporting_life
Charlie Loves Me,61961.0,2026-01-11,Towcester,500,2,3,29.89,4.22,2/1,OR,1,sporting_life
Charlie Loves Me,61961.0,2026-01-04,Towcester,500,3,4,29.74,4.05,6/1,OR,2 ¼,sporting_life
Charlie Loves Me,61961.0,2025-12-26,Yarmouth,462,2,1,27.99,5.37,6/4,A1,,sporting_life
Charlie Loves Me,,2025-12-20,Yarmouth,462,1,1,27.88,,20/12,,,timeform
Charlie Loves Me,61961.0,2025-12-13,Yarmouth,277,3,5,16.92,,7/4,D1,½,sporting_life
Charlie Loves Me,61961.0,2025-12-06,Yarmouth,277,2,1,16.13,,5/2,D1,,sporting_life
Charlie Loves Me,61961.0,2025-11-29,Yarmouth,277,2,5,16.76,,5/2,OR,1,sporting_life
Charlie Loves Me,,2025-11-17,Yarmouth,277,1,1,16.72,,17/11,,,timeform
Charlie Loves Me,,2025-11-10,Yarmouth,277,1,1,16.31,,10/11,,,timeform
Charlie Loves Me,61961.0,2025-03-22,Yarmouth,462,1,5,28.81,5.37,5/4,OR,1 ¾,sporting_life
Charlie Loves Me,61961.0,2025-03-16,Towcester,500,3,3,29.6,4.24,6/5,OR,1 ¼,sporting_life
Charlie Loves Me,,2025-03-09,Towcester,500,1,1,29.15,,09/03,,,timeform
Charlie Loves Me,61961.0,2025-03-01,Monmore,480,3,6,29.35,4.65,2/1,OR1,2 ¾,sporting_life
Charlie Loves Me,61961.0,2025-02-22,Monmore,480,3,1,28.35,4.43,9/4,OR,,sporting_life
Charlie Loves Me,,2025-02-15,Monmore,480,2,1,28.58,,15/02,,,timeform
Charlie Loves Me,,2025-02-08,Monmore,480,2,1,28.64,,08/02,,,timeform
Charlie Loves Me,,2025-01-29,Yarmouth,462,3,1,27.84,,29/01,,,timeform
Charlie Loves Me,,2025-01-25,Yarmouth,462,3,1,28.16,,25/01,,,timeform
Charlie Loves Me,,2025-01-20,Yarmouth,462,1,1,28.02,,20/01,,,timeform
Charlie Loves Me,,2025-01-15,Yarmouth,462,1,1,28.71,,15/01,,,timeform
Cooladerrydancer,64179.0,2026-03-06,Romford,575,2,2,36.28,14.05,11/4,OR3,4 ¼,sporting_life
Cooladerrydancer,,2026-02-26,Romford,575,1,1,35.79,,26/02,,,timeform
Cooladerrydancer,64179.0,2026-02-20,Sheffield,500,1,2,29.41,4.3,5/2,A2,½,sporting_life
Cooladerrydancer,,2026-02-14,Sheffield,280,2,1,16.28,,14/02,,,timeform
Cooladerrydancer,64179.0,2026-01-30,Sheffield,500,1,2,29.57,4.5,2/1,A2,2 ½,sporting_life
Cooladerrydancer,64179.0,2026-01-25,Sheffield,660,1,2,39.83,13.14,2/7,IV,1 ¾,sporting_life
Cooladerrydancer,64179.0,2026-01-18,Sheffield,660,2,3,40.16,13.45,2/7,IV,1 ¼,sporting_life
Cooladerrydancer,64179.0,2026-01-11,Sheffield,500,1,4,29.49,4.41,15/8,A2,2 ¼,sporting_life
Cooladerrydancer,64179.0,2026-01-06,Sheffield,500,1,1,29.49,4.43,4/9,A2,,sporting_life
Cooladerrydancer,,2025-12-30,Sheffield,500,3,3,29.48,,30/12,,,timeform
Cooladerrydancer,64179.0,2025-12-21,Sheffield,500,3,5,29.55,4.53,9/2,OR3,1,sporting_life
Cooladerrydancer,64179.0,2025-12-14,Sheffield,500,3,2,29.43,4.32,15/8,OR3,2 ½,sporting_life
Cooladerrydancer,64179.0,2025-12-07,Sheffield,480,1,3,28.15,3.29,4/6,IV,3 ½,sporting_life
Cooladerrydancer,64179.0,2025-11-30,Sheffield,480,3,3,28.45,3.13,2/1,IV,2 ¼,sporting_life
Cooladerrydancer,64179.0,2025-11-23,Sheffield,500,2,3,29.17,4.38,5/1,IV,2 ¼,sporting_life
Cooladerrydancer,64179.0,2025-11-16,Sheffield,500,1,5,29.92,,15/8,IV,3 ¾,sporting_life
Cooladerrydancer,64179.0,2025-11-02,Sheffield,500,1,1,29.04,4.36,11/8,A2,,sporting_life
Cooladerrydancer,64179.0,2025-10-25,Sheffield,500,1,1,29.06,4.39,10/11,A2,,sporting_life
Cooladerrydancer,64179.0,2025-10-19,Sheffield,500,1,1,29.42,4.48,7/4,A2,,sporting_life
Cooladerrydancer,,2025-10-12,Sheffield,500,1,1,29.55,,12/10,,,timeform
Cooladerrydancer,,2025-10-05,Sheffield,280,3,2,16.25,,05/10,,,timeform
Cooladerrydancer,,2025-09-28,Sheffield,280,1,1,16.16,,28/09,,,timeform
Cooladerrydancer,64179.0,2025-08-18,Nottingham,500,3,6,30.53,5.31,14/1,OR1,4,sporting_life
Cooladerrydancer,64179.0,2025-08-11,Nottingham,500,1,1,30.1,5.12,12/1,OR1,,sporting_life
Cooladerrydancer,,2025-08-04,Nottingham,500,1,1,30.67,,04/08,,,timeform
Cooladerrydancer,,2025-07-31,Sheffield,500,3,1,29.26,,31/07,,,timeform
Cooladerrydancer,,2025-07-22,Sheffield,500,3,1,29.58,,22/07,,,timeform
Cooladerrydancer,,2025-07-08,Sheffield,280,2,2,16.49,,08/07,,,timeform
Cooladerrydancer,,2025-06-12,Sheffield,280,2,1,16.16,,12/06,,,timeform
Cooladerrydancer,,2025-06-03,Sheffield,280,1,1,16.52,,03/06,,,timeform
Da Don,65655.0,2026-03-06,Romford,400,1,3,24.41,3.71,2/1,OR1,½,sporting_life
Da Don,,2026-02-21,Monmore,264,1,1,15.32,,21/02,,,timeform
Da Don,65655.0,2026-01-26,Nottingham,305,3,1,17.48,,6/5,OR3,,sporting_life
Da Don,65655.0,2026-01-19,Nottingham,305,1,1,17.59,,1/6,OR3,,sporting_life
Da Don,65655.0,2026-01-12,Nottingham,305,1,2,17.66,,1/1,OR,1 ¾,sporting_life
Da Don,65655.0,2025-12-22,Nottingham,305,1,1,17.69,,11/10,OR3,,sporting_life
Da Don,65655.0,2025-12-12,Dunstall Park,480,4,5,28.94,3.07,1/1,OR3,¾,sporting_life
Da Don,65655.0,2025-12-05,Dunstall Park,480,2,1,28.46,3.07,4/7,OR3,,sporting_life
Da Don,,2025-12-01,Monmore,264,3,1,15.28,,01/12,,,timeform
Da Don,,2025-11-26,Dundalk,270,3,1,15.96,,26/11,,,timeform
Da Don,,2025-11-14,Monmore,480,2,1,28.64,,14/11,,,timeform
Droopys Maybe,57127.0,2026-03-07,Romford,575,1,1,35.43,13.65,8/13,S3,,sporting_life
Droopys Maybe,57127.0,2026-02-27,Romford,575,2,6,36.61,14.18,11/4,OR,1,sporting_life
Droopys Maybe,57127.0,2026-02-16,Romford,575,3,2,35.99,13.72,15/8,S2,1 ¾,sporting_life
Droopys Maybe,57127.0,2026-02-11,Romford,575,1,2,36.0,13.85,6/5,S2,6 ¼,sporting_life
Droopys Maybe,,2026-02-05,Hove,500,1,1,29.99,,05/02,,,timeform
Droopys Maybe,57127.0,2026-01-20,Romford,575,2,2,35.83,13.77,8/13,S2,hd,sporting_life
Droopys Maybe,57127.0,2026-01-16,Romford,575,5,3,35.76,13.67,5/1,OR,2 ¼,sporting_life
Droopys Maybe,57127.0,2026-01-09,Romford,575,2,5,36.23,14.1,18/1,OR1,1 ¾,sporting_life
Droopys Maybe,57127.0,2026-01-02,Romford,575,1,3,35.09,13.55,22/1,OR,nk,sporting_life
Droopys Maybe,57127.0,2025-12-27,Romford,575,3,6,36.16,13.67,7/1,OR,2 ¼,sporting_life
Droopys Maybe,57127.0,2025-12-19,Romford,575,1,5,35.87,13.63,8/1,OR,nk,sporting_life
Droopys Maybe,57127.0,2025-12-09,Romford,575,2,2,35.97,13.92,6/4,S1,4,sporting_life
Droopys Maybe,57127.0,2025-11-28,Romford,575,2,5,35.78,14.1,10/1,OR,1 ¾,sporting_life
Droopys Maybe,57127.0,2025-11-21,Romford,575,1,4,35.54,13.57,8/1,OR3,1 ¾,sporting_life
Droopys Maybe,57127.0,2025-11-14,Romford,575,1,2,35.53,13.57,7/4,OR,¾,sporting_life
Droopys Maybe,57127.0,2025-11-07,Romford,400,2,4,24.21,3.92,4/1,A1,1 ¼,sporting_life
Droopys Maybe,57127.0,2025-10-29,Romford,400,2,1,24.08,3.76,11/4,A1,,sporting_life
Droopys Maybe,57127.0,2025-10-24,Romford,400,3,3,24.37,3.76,7/1,OR,½,sporting_life
Droopys Maybe,57127.0,2025-10-18,Romford,400,3,1,24.21,3.81,11/4,A1,,sporting_life
Droopys Maybe,57127.0,2025-10-06,Romford,400,3,1,24.5,3.76,10/3,A2,,sporting_life
Droopys Maybe,57127.0,2025-09-23,Romford,400,3,1,24.35,3.77,10/3,A3,,sporting_life
Droopys Maybe,57127.0,2025-09-17,Romford,400,2,2,24.57,3.86,9/2,A2,4 ¾,sporting_life
Droopys Maybe,,2025-09-12,Romford,400,2,2,24.62,,12/09,,,timeform
Droopys Maybe,,2025-09-04,Romford,225,1,1,13.8,,04/09,,,timeform
Droopys Maybe,57127.0,2025-06-20,Romford,575,3,6,35.99,13.66,33/1,OR1,1 ¼,sporting_life
Droopys Maybe,,2025-06-12,Romford,400,2,2,24.29,,12/06,,,timeform
Droopys Maybe,57127.0,2025-05-16,Romford,575,1,6,,0.0,5/1,OR3,dis,sporting_life
Droopys Maybe,57127.0,2025-05-09,Romford,575,4,3,35.63,13.81,16/1,OR3,2 ¼,sporting_life
Droopys Maybe,57127.0,2025-05-02,Romford,575,1,3,35.67,13.73,5/1,OR3,5,sporting_life
Droopys Maybe,57127.0,2025-04-25,Romford,575,2,2,35.5,13.55,6/1,OR,1,sporting_life
Droopys Maybe,57127.0,2025-04-18,Romford,575,3,3,35.56,13.89,11/4,OR3,nk,sporting_life
Droopys Maybe,57127.0,2025-04-09,Romford,575,3,1,35.61,13.56,1/1,S1,,sporting_life
Droopys Maybe,57127.0,2025-03-26,Romford,575,3,1,35.75,13.83,5/4,S1,,sporting_life
Droopys Maybe,57127.0,2025-03-21,Romford,575,3,2,35.9,13.66,16/1,OR,14 ¾,sporting_life
Droopys Maybe,57127.0,2025-03-14,Romford,575,3,3,35.66,13.81,10/1,OR,3 ¼,sporting_life
Droopys Maybe,57127.0,2025-03-01,Romford,575,1,1,35.72,13.79,4/9,S1,,sporting_life
Droopys Maybe,57127.0,2025-02-21,Romford,750,4,6,48.45,24.63,8/1,OR3,4 ½,sporting_life
Droopys Maybe,57127.0,2025-02-14,Romford,750,1,2,48.41,24.37,2/1,OR3,6 ¼,sporting_life
Droopys Maybe,57127.0,2025-02-07,Romford,575,2,2,35.6,13.79,6/1,OR,2,sporting_life
Droopys Maybe,57127.0,2025-01-31,Romford,575,1,3,35.56,13.83,9/1,OR,½,sporting_life
Droopys Maybe,57127.0,2025-01-24,Romford,575,1,5,35.58,13.65,5/1,OR3,1 ½,sporting_life
Droopys Maybe,57127.0,2025-01-17,Romford,575,3,1,35.63,13.69,10/3,OR,,sporting_life
Droopys Maybe,57127.0,2025-01-10,Romford,575,2,4,35.68,13.8,7/1,OR1,hd,sporting_life
Droopys Maybe,57127.0,2025-01-03,Romford,575,3,2,35.26,13.78,7/4,OR,4 ¼,sporting_life
Droopys Maybe,57127.0,2024-12-27,Romford,400,4,6,24.54,3.82,7/1,OR,2,sporting_life
Droopys Maybe,57127.0,2024-12-20,Romford,400,3,2,24.24,3.72,5/1,OR,3 ¼,sporting_life
Droopys Maybe,57127.0,2024-12-14,Romford,400,2,1,24.0,3.73,4/1,A2,,sporting_life
Droopys Maybe,,2024-12-05,Romford,400,1,1,24.64,,05/12,,,timeform
Droopys Maybe,,2024-11-28,Romford,400,3,2,25.34,,28/11,,,timeform
Droopys Maybe,57127.0,2024-10-16,Romford,575,2,4,36.15,14.09,2/1,S1,1 ¼,sporting_life
Droopys Maybe,57127.0,2024-10-11,Romford,575,1,6,36.18,14.07,14/1,OR1,2 ½,sporting_life
Droopys Maybe,57127.0,2024-10-04,Romford,575,4,2,35.72,13.68,12/1,OR1,8 ½,sporting_life
Droopys Maybe,57127.0,2024-09-24,Romford,400,2,3,24.4,3.74,11/4,A1,½,sporting_life
Droopys Maybe,57127.0,2024-09-20,Romford,400,1,6,24.55,3.8,4/1,OR1,¾,sporting_life
Droopys Maybe,57127.0,2024-09-13,Romford,400,1,3,24.72,3.77,11/10,OR1,5 ½,sporting_life
Droopys Maybe,57127.0,2024-09-06,Romford,400,2,2,23.88,3.82,6/1,OR,3,sporting_life
Droopys Maybe,57127.0,2024-08-30,Romford,575,1,1,35.29,13.64,5/1,OR,,sporting_life
Droopys Maybe,57127.0,2024-08-23,Romford,575,3,1,35.43,13.57,12/1,OR3,,sporting_life
Droopys Maybe,57127.0,2024-08-16,Romford,575,3,2,35.49,,8/1,OR3,8,sporting_life
Droopys Maybe,57127.0,2024-08-06,Romford,400,3,1,24.32,6.85,3/1,A2,,sporting_life
Droopys Maybe,57127.0,2024-07-27,Romford,400,2,4,24.43,3.85,7/1,A1,¾,sporting_life
Droopys Maybe,57127.0,2024-07-21,Towcester,500,2,5,29.58,4.14,16/1,OR2,2 ¾,sporting_life
Droopys Maybe,57127.0,2024-07-14,Towcester,500,1,2,29.74,4.17,7/1,OR2,1 ¼,sporting_life
Droopys Maybe,57127.0,2024-07-05,Romford,575,3,5,36.32,14.01,1/1,OR,1 ¼,sporting_life
Droopys Maybe,57127.0,2024-06-30,Towcester,500,2,1,29.5,4.24,15/8,OR,,sporting_life
Droopys Maybe,57127.0,2024-06-23,Towcester,500,4,4,29.79,4.14,12/1,IV,1,sporting_life
Droopys Maybe,57127.0,2024-06-19,Romford,400,2,1,24.28,3.8,4/1,A2,,sporting_life
Droopys Maybe,57127.0,2024-06-14,Romford,575,1,4,36.1,13.86,7/2,OR,4 ½,sporting_life
Droopys Maybe,57127.0,2024-06-09,Towcester,500,2,4,30.31,4.42,9/4,OR,hd,sporting_life
Droopys Maybe,57127.0,2024-06-01,Romford,400,2,3,24.56,3.88,2/1,A2,¾,sporting_life
Droopys Maybe,57127.0,2024-05-25,Romford,400,2,2,24.4,3.83,3/1,A2,3,sporting_life
Droopys Maybe,57127.0,2024-05-15,Romford,400,2,5,25.02,3.82,7/2,A1,½,sporting_life
Droopys Maybe,57127.0,2024-05-10,Romford,400,3,4,25.06,3.8,7/2,OR3,1 ½,sporting_life
Droopys Maybe,57127.0,2024-04-30,Romford,400,2,5,24.98,3.82,5/1,A1,2 ¾,sporting_life
Droopys Maybe,57127.0,2024-04-23,Romford,400,2,2,24.74,3.77,6/1,A1,3 ½,sporting_life
Droopys Maybe,57127.0,2024-04-17,Romford,400,3,1,24.14,3.76,2/1,A1,,sporting_life
Droopys Maybe,57127.0,2024-04-10,Romford,400,3,4,24.4,3.79,11/4,A1,1,sporting_life
Droopys Maybe,57127.0,2024-04-05,Romford,400,4,5,24.62,3.85,3/1,OR,1,sporting_life
Droopys Maybe,57127.0,2024-03-29,Romford,400,3,3,24.38,3.77,9/2,OR3,1 ½,sporting_life
Droopys Maybe,57127.0,2024-03-22,Romford,400,1,2,24.23,3.75,7/2,OR3,2 ¾,sporting_life
Droopys Maybe,57127.0,2024-03-16,Romford,400,3,1,24.22,3.7,2/1,A2,,sporting_life
Droopys Maybe,57127.0,2024-03-11,Romford,400,3,1,24.44,3.74,9/4,A3,,sporting_life
Droopys Maybe,57127.0,2024-03-04,Romford,400,3,4,24.62,3.86,9/2,A3,1,sporting_life
Droopys Maybe,57127.0,2024-02-24,Romford,400,3,1,24.44,3.79,5/2,A4,,sporting_life
Droopys Maybe,57127.0,2024-02-17,Romford,400,3,4,24.93,3.85,5/2,A4,sh,sporting_life
Droopys Rhona,65779.0,2026-03-07,Romford,400,5,2,24.42,3.84,9/2,A5,5 ¼,sporting_life
Droopys Rhona,65779.0,2026-02-28,Romford,400,5,4,24.68,3.89,5/1,A5,1,sporting_life
Droopys Rhona,65779.0,2026-02-23,Romford,400,5,3,25.01,3.92,9/2,A5,7,sporting_life
Droopys Rhona,65779.0,2026-02-03,Romford,400,4,4,24.66,3.92,9/2,A5,¾,sporting_life
Droopys Rhona,65779.0,2026-01-13,Romford,400,4,1,24.67,3.97,11/4,A6,,sporting_life
Droopys Rhona,65779.0,2026-01-03,Romford,400,4,6,25.61,3.92,5/1,A6,1,sporting_life
Droopys Rhona,65779.0,2025-12-23,Romford,400,4,1,24.43,3.9,5/1,A7,,sporting_life
Droopys Rhona,65779.0,2025-12-13,Romford,400,4,5,25.01,4.0,6/1,A7,¾,sporting_life
Droopys Rhona,,2025-12-03,Romford,400,3,2,24.73,,03/12,,,timeform
Droopys Rhona,,2025-11-27,Romford,400,3,2,24.61,,27/11,,,timeform
Droopys Rhona,,2025-11-20,Romford,225,1,1,14.08,,20/11,,,timeform
Droopys Rosie,57161.0,2026-03-07,Central Park,491,1,4,29.34,3.16,11/1,OR,2,sporting_life
Droopys Rosie,57161.0,2026-02-21,Central Park,491,2,5,29.92,3.14,6/4,OR,sh,sporting_life
Droopys Rosie,57161.0,2026-01-29,Hove,500,3,5,29.74,3.61,9/1,OR3,1 ¾,sporting_life
Droopys Rosie,57161.0,2026-01-24,Central Park,491,2,3,29.6,3.07,2/1,OR,3,sporting_life
Droopys Rosie,57161.0,2026-01-17,Central Park,491,1,6,29.8,3.13,10/1,OR3,1,sporting_life
Droopys Rosie,57161.0,2025-12-20,Central Park,491,1,2,29.15,3.0,9/2,OR,3 ½,sporting_life
Droopys Rosie,57161.0,2025-12-13,Central Park,491,2,3,29.4,3.05,5/1,OR,½,sporting_life
Droopys Rosie,57161.0,2025-12-06,Central Park,491,2,3,29.44,3.13,3/1,OR,¾,sporting_life
Droopys Rosie,57161.0,2025-11-28,Romford,575,3,4,35.76,13.93,10/3,OR,nk,sporting_life
Droopys Rosie,57161.0,2025-11-21,Romford,575,2,5,35.57,13.89,8/1,OR3,nk,sporting_life
Droopys Rosie,57161.0,2025-11-14,Romford,575,2,4,35.51,13.55,12/1,OR,1 ¾,sporting_life
Droopys Rosie,57161.0,2025-11-07,Romford,575,2,6,35.79,13.84,15/8,OR,hd,sporting_life
Droopys Rosie,57161.0,2025-10-31,Romford,575,1,1,35.23,13.52,11/4,OR,,sporting_life
Droopys Rosie,57161.0,2025-10-25,Romford,400,2,2,24.31,3.87,7/2,A1,sh,sporting_life
Droopys Rosie,57161.0,2025-10-17,Romford,575,1,6,35.82,13.89,6/1,OR,3,sporting_life
Droopys Rosie,57161.0,2025-10-11,Central Park,491,1,4,29.57,3.06,9/2,OR3,¾,sporting_life
Droopys Rosie,57161.0,2025-10-03,Dunstall Park,480,1,5,28.74,3.22,7/1,OR1,1 ½,sporting_life
Droopys Rosie,57161.0,2025-09-26,Romford,575,3,4,36.01,13.75,7/2,OR,2 ¼,sporting_life
Droopys Rosie,57161.0,2025-09-18,Hove,500,4,6,29.88,3.66,11/4,OR3,1 ¾,sporting_life
Droopys Rosie,57161.0,2025-09-11,Hove,500,3,4,29.66,3.62,20/1,OR,hd,sporting_life
Droopys Rosie,57161.0,2025-08-01,Romford,575,1,4,35.62,13.89,6/5,OR3,½,sporting_life
Droopys Rosie,57161.0,2025-07-18,Romford,575,1,5,36.3,13.83,6/4,OR3,7 ¼,sporting_life
Droopys Rosie,57161.0,2025-07-12,Hove,500,2,5,29.99,3.56,6/1,OR,2 ½,sporting_life
Droopys Rosie,57161.0,2025-07-04,Romford,575,2,2,35.24,13.84,5/1,OR,6 ¼,sporting_life
Droopys Rosie,57161.0,2025-06-27,Romford,575,3,2,35.14,13.55,4/1,OR,2 ½,sporting_life
Droopys Rosie,57161.0,2025-06-20,Romford,575,4,5,36.21,14.06,2/1,OR1,1,sporting_life
Droopys Rosie,57161.0,2025-06-13,Romford,575,3,1,35.15,13.43,1/1,OR,,sporting_life
Droopys Rosie,57161.0,2025-06-06,Romford,575,4,1,35.2,13.45,5/1,OR,,sporting_life
Droopys Rosie,57161.0,2025-05-31,Towcester,500,1,6,29.57,4.12,7/2,OR2,1 ¼,sporting_life
Droopys Rosie,57161.0,2025-05-23,Romford,575,3,2,35.41,13.57,5/2,OR,¾,sporting_life
Droopys Rosie,57161.0,2025-05-16,Romford,575,3,5,36.53,14.59,5/6,OR3,2 ¾,sporting_life
Droopys Rosie,57161.0,2025-05-09,Romford,575,3,1,35.09,13.39,7/1,OR3,,sporting_life
Droopys Rosie,57161.0,2025-05-02,Romford,575,2,1,35.11,13.41,5/1,OR3,,sporting_life
Droopys Rosie,57161.0,2025-04-26,Hove,515,4,3,30.21,4.4,7/2,OR,2 ¾,sporting_life
Droopys Rosie,57161.0,2025-04-19,Hove,515,4,3,30.78,4.34,9/2,OR1,1 ¼,sporting_life
Droopys Rosie,57161.0,2025-04-12,Hove,515,4,2,30.25,4.35,7/2,OR1,½,sporting_life
Droopys Rosie,57161.0,2025-04-05,Hove,515,1,2,30.34,4.38,13/8,OR,nk,sporting_life
Droopys Rosie,57161.0,2025-03-16,Towcester,500,2,3,29.51,4.08,6/1,OR,½,sporting_life
Droopys Rosie,57161.0,2025-03-01,Central Park,491,3,3,29.52,3.03,8/1,OR,1 ¼,sporting_life
Droopys Rosie,57161.0,2025-02-21,Romford,575,2,3,35.9,13.54,7/1,OR,2 ¼,sporting_life
Droopys Rosie,57161.0,2025-02-14,Romford,575,3,4,36.22,13.99,15/8,OR3,1 ¾,sporting_life
Droopys Rosie,57161.0,2025-02-07,Romford,575,1,1,35.6,13.55,13/8,OR3,,sporting_life
Droopys Rosie,57161.0,2025-01-30,Hove,500,2,6,31.13,3.61,7/2,OR3,3 ¾,sporting_life
Droopys Rosie,57161.0,2025-01-23,Hove,500,3,5,29.63,3.7,9/1,OR3,1,sporting_life
Droopys Rosie,57161.0,2025-01-16,Hove,500,1,3,29.87,3.72,6/1,OR3,½,sporting_life
Droopys Rosie,57161.0,2025-01-09,Hove,515,2,5,31.09,4.55,10/3,OR3,1 ½,sporting_life
Droopys Rosie,57161.0,2025-01-05,Towcester,500,5,6,29.93,4.14,14/1,OR,3 ¾,sporting_life
Droopys Rosie,57161.0,2024-12-27,Romford,400,3,5,24.38,3.78,8/1,OR,½,sporting_life
Droopys Rosie,57161.0,2024-12-20,Romford,400,2,3,24.46,3.83,10/1,OR,3 ½,sporting_life
Droopys Rosie,57161.0,2024-10-25,Romford,400,2,3,24.09,3.77,10/3,OR,½,sporting_life
Droopys Rosie,57161.0,2024-10-17,Hove,500,1,3,29.26,3.66,15/8,OR3,1 ½,sporting_life
Droopys Rosie,57161.0,2024-10-10,Hove,500,3,1,29.14,3.58,5/1,OR3,,sporting_life
Droopys Rosie,57161.0,2024-10-03,Hove,500,1,2,29.08,3.61,9/2,OR3,¾,sporting_life
Droopys Rosie,57161.0,2024-09-26,Hove,500,2,2,29.69,3.71,1/1,OR3,4 ½,sporting_life
Droopys Rosie,57161.0,2024-09-20,Romford,575,3,4,35.58,13.92,7/1,OR,1 ¾,sporting_life
Droopys Rosie,57161.0,2024-09-06,Romford,575,1,2,35.42,13.75,7/2,OR,nk,sporting_life
Droopys Rosie,57161.0,2024-09-01,Towcester,500,4,5,29.81,4.65,10/1,OR1,2,sporting_life
Droopys Rosie,57161.0,2024-07-28,Towcester,500,1,6,30.27,4.25,5/1,OR,1 ¼,sporting_life
Droopys Rosie,57161.0,2024-07-21,Towcester,500,5,3,29.2,4.21,10/3,OR2,½,sporting_life
Droopys Rosie,57161.0,2024-07-14,Towcester,500,2,1,29.31,4.16,1/1,OR2,,sporting_life
Droopys Rosie,57161.0,2024-06-22,Towcester,500,5,6,,4.28,11/2,OR2,dis,sporting_life
Droopys Rosie,57161.0,2024-06-15,Towcester,500,3,1,29.32,4.1,9/4,OR2,,sporting_life
Droopys Rosie,57161.0,2024-06-06,Hove,500,2,1,29.42,3.61,4/1,OR,,sporting_life
Droopys Rosie,57161.0,2024-05-28,Romford,400,1,1,23.95,3.79,11/8,A3,,sporting_life
Droopys Rosie,57161.0,2024-05-17,Romford,575,3,3,36.55,13.98,7/1,OR,9 ½,sporting_life
Droopys Rosie,57161.0,2024-05-11,Romford,400,1,1,24.21,3.83,8/13,A5,,sporting_life
Droopys Rosie,57161.0,2024-05-06,Romford,400,1,3,24.85,3.75,9/4,A4,2 ½,sporting_life
Droopys Rosie,57161.0,2024-04-27,Romford,400,1,2,24.82,3.83,15/8,A4,3 ½,sporting_life
Droopys Rosie,57161.0,2024-04-17,Romford,400,1,6,24.93,3.87,7/4,A4,hd,sporting_life
Droopys Rosie,57161.0,2024-02-20,Romford,400,2,4,25.06,3.86,7/2,A4,2 ½,sporting_life
Droopys Rosie,,2026-02-26 00:00:00,Hove,285,2,1,16.58,,,T3,3.75,results_parquet
Droopys Rosie,,2026-02-12 00:00:00,Romford,400,1,1,24.44,3.79,,T3,2.75,results_parquet
Droopys Will,60191.0,2026-03-06,Romford,400,3,2,24.14,3.76,7/1,OR1,7 ¼,sporting_life
Droopys Will,60191.0,2026-02-28,Central Park,277,1,2,16.12,,13/8,OR3,1 ½,sporting_life
Droopys Will,60191.0,2026-02-21,Central Park,277,1,1,16.19,,4/6,OR3,,sporting_life
Droopys Will,60191.0,2026-02-13,Romford,400,2,4,24.31,3.82,4/1,OR3,½,sporting_life
Droopys Will,60191.0,2026-02-06,Romford,400,1,3,24.1,3.83,4/1,OR3,1,sporting_life
Droopys Will,60191.0,2026-01-30,Romford,400,1,1,24.3,3.8,5/2,OR3,,sporting_life
Droopys Will,60191.0,2026-01-23,Romford,400,1,2,24.02,3.79,4/1,OR,1 ¾,sporting_life
Droopys Will,60191.0,2026-01-15,Monmore,480,2,3,28.96,4.41,5/1,OR3,hd,sporting_life
Droopys Will,60191.0,2025-12-28,Oxford,450,2,1,26.88,,3/1,OR,,sporting_life
Droopys Will,60191.0,2025-12-21,Oxford,450,2,1,27.23,,5/2,OR,,sporting_life
Droopys Will,60191.0,2025-12-15,Nottingham,305,1,5,17.99,,22/1,OR2,1,sporting_life
Droopys Will,,2025-12-08,Nottingham,305,0,4,17.8,,08/12,OR2,,timeform
Droopys Will,,2025-11-24,Nottingham,305,2,2,17.82,,24/11,,,timeform
Droopys Will,60191.0,2025-11-14,Romford,400,2,5,24.81,3.88,7/2,OR,5 ½,sporting_life
Droopys Will,,2025-11-09,Oxford,253,2,2,15.15,,09/11,,,timeform
Droopys Will,60191.0,2025-10-17,Dunstall Park,270,1,3,16.3,,8/1,OR2,4 ½,sporting_life
Droopys Will,60191.0,2025-10-10,Dunstall Park,270,2,3,15.87,,6/1,OR2,2 ¼,sporting_life
Droopys Will,,2025-10-03,Dundalk,270,2,1,15.77,,03/10,,,timeform
Droopys Will,60191.0,2025-09-11,Hove,285,2,2,16.48,,13/2,OR3,2 ¼,sporting_life
Droopys Will,60191.0,2025-09-04,Hove,285,2,2,16.32,,9/1,OR3,1,sporting_life
Droopys Will,60191.0,2025-08-29,Romford,400,4,3,24.56,3.87,11/2,OR,1 ¾,sporting_life
Droopys Will,60191.0,2025-08-23,Monmore,480,4,4,28.98,4.49,3/1,OR,2 ¼,sporting_life
Droopys Will,60191.0,2025-08-15,Romford,400,3,2,24.19,3.92,1/1,OR,1 ¾,sporting_life
Droopys Will,60191.0,2025-08-08,Romford,400,1,2,24.34,3.91,10/11,OR,1 ¼,sporting_life
Droopys Will,,2025-08-01,Romford,400,2,2,24.11,,01/08,,,timeform
Droopys Will,60191.0,2025-07-26,Hove,285,2,3,16.35,,12/1,OR2,¾,sporting_life
Droopys Will,60191.0,2025-07-19,Monmore,480,3,5,29.08,4.44,3/1,OR,1 ¼,sporting_life
Droopys Will,,2025-07-05,Oxford,450,3,1,27.08,,05/07,,,timeform
Droopys Will,60191.0,2025-06-28,Central Park,277,3,2,16.54,,2/1,OR3,1 ½,sporting_life
Droopys Will,60191.0,2025-06-21,Central Park,277,2,1,16.44,,11/10,OR,,sporting_life
Droopys Will,,2025-06-14,Central Park,277,1,1,16.46,,14/06,,,timeform
Droopys Will,,2025-05-31,Central Park,277,2,1,16.28,,31/05,,,timeform
Droopys Will,,2025-05-22,Hove,285,1,1,16.53,,22/05,,,timeform
Droopys Will,,2025-05-10,Monmore,264,1,1,15.36,,10/05,,,timeform
Droopys Will,60191.0,2024-09-28,Oxford,450,4,6,,4.06,7/4,OR,dis,sporting_life
Droopys Will,,2024-09-21,Oxford,450,3,1,26.85,,21/09,,,timeform
Droopys Will,,2024-09-15,Towcester,270,3,1,15.7,,15/09,,,timeform
Droopys Will,,2024-09-08,Towcester,270,1,1,15.72,,08/09,,,timeform
Droopys Will,,2024-09-01,Towcester,270,1,1,15.76,,01/09,,,timeform
Essjay Sonia,65656.0,2026-03-06,Romford,575,6,2,36.12,14.01,3/1,OR3,7 ¾,sporting_life
Essjay Sonia,65656.0,2026-02-26,Towcester,500,6,4,29.63,4.16,11/1,A3,sh,sporting_life
Essjay Sonia,65656.0,2026-02-15,Towcester,712,6,3,43.89,16.29,11/4,S2,sh,sporting_life
Essjay Sonia,65656.0,2026-02-08,Towcester,712,6,2,43.75,16.26,5/1,OR,1 ¾,sporting_life
Essjay Sonia,65656.0,2026-02-01,Towcester,712,5,2,43.91,16.02,7/2,S1,1 ½,sporting_life
Essjay Sonia,65656.0,2026-01-25,Towcester,712,6,5,44.42,16.31,7/1,S1,1 ¼,sporting_life
Essjay Sonia,65656.0,2026-01-15,Towcester,500,6,3,30.2,4.13,9/4,A3,nk,sporting_life
Essjay Sonia,65656.0,2026-01-08,Towcester,500,5,2,30.09,4.22,1/1,A3,2 ¼,sporting_life
Essjay Sonia,65656.0,2026-01-02,Towcester,500,5,2,29.83,4.27,11/8,A3,1 ¼,sporting_life
Essjay Sonia,65656.0,2025-12-27,Towcester,500,6,3,30.1,4.26,3/1,A3,1,sporting_life
Essjay Sonia,65656.0,2025-12-20,Towcester,500,6,1,29.83,,11/8,A4,,sporting_life
Essjay Sonia,65656.0,2025-12-11,Towcester,500,6,5,29.83,4.22,7/4,A4,½,sporting_life
Essjay Sonia,65656.0,2025-12-05,Towcester,500,6,2,29.92,4.28,3/1,A4,¾,sporting_life
Essjay Sonia,,2025-11-30,Towcester,500,3,2,29.85,,30/11,,,timeform
Essjay Sonia,,2025-11-24,Towcester,500,3,3,30.11,,24/11,,,timeform
Essjay Sonia,,2025-10-24,Dundalk,270,3,3,16.6,,24/10,,,timeform
Essjay Sonia,,2025-10-01,Towcester,270,1,1,16.39,,01/10,,,timeform
Farneys Tearaway,65624.0,2026-03-07,Monmore,480,5,4,29.21,4.52,11/1,OR,hd,sporting_life
Farneys Tearaway,65624.0,2026-02-24,Suffolk Downs,548,3,1,34.09,13.61,1/2,OR,,sporting_life
Farneys Tearaway,65624.0,2026-02-17,Suffolk Downs,548,5,2,33.99,13.43,11/4,OR,sh,sporting_life
Farneys Tearaway,65624.0,2026-02-10,Suffolk Downs,548,4,1,34.59,13.76,1/2,OR,,sporting_life
Farneys Tearaway,65624.0,2026-01-31,Monmore,480,6,5,28.68,4.52,9/2,OR,1 ¼,sporting_life
Farneys Tearaway,65624.0,2026-01-19,Nottingham,500,5,5,30.39,5.21,11/4,OR,¾,sporting_life
Farneys Tearaway,65624.0,2025-12-30,Suffolk Downs,388,3,4,24.15,4.67,13/8,OR,sh,sporting_life
Farneys Tearaway,65624.0,2025-12-22,Nottingham,480,5,4,29.46,3.95,5/1,OR3,7,sporting_life
Farneys Tearaway,65624.0,2025-12-09,Suffolk Downs,388,5,1,23.92,4.73,1/7,OR,,sporting_life
Farneys Tearaway,65624.0,2025-12-02,Suffolk Downs,388,4,1,23.78,4.64,8/11,OR,,sporting_life
Flashing Fender,63007.0,2026-03-06,Romford,400,4,1,23.77,3.63,9/4,OR1,,sporting_life
Flashing Fender,63007.0,2026-03-01,Sheffield,480,5,4,28.3,3.15,1/2,IV,nk,sporting_life
Flashing Fender,63007.0,2026-02-21,Monmore,480,5,1,28.03,4.24,4/1,OR,,sporting_life
Flashing Fender,63007.0,2026-02-14,Yarmouth,462,3,2,27.78,5.23,1/5,OR,¾,sporting_life
Flashing Fender,,2026-02-02,Monmore,480,1,1,28.69,,02/02,,,timeform
Flashing Fender,63007.0,2026-01-25,Sheffield,480,4,1,27.56,3.05,10/11,IV,,sporting_life
Flashing Fender,63007.0,2026-01-17,Yarmouth,462,3,1,27.7,5.28,1/3,OR,,sporting_life
Flashing Fender,63007.0,2026-01-10,Yarmouth,462,4,1,27.41,5.15,6/4,A1,,sporting_life
Flashing Fender,63007.0,2025-12-26,Yarmouth,462,5,2,27.73,5.25,6/4,A1,1 ¾,sporting_life
Flashing Fender,63007.0,2025-12-20,Yarmouth,462,5,1,27.52,5.21,1/2,A1,,sporting_life
Flashing Fender,63007.0,2025-12-13,Yarmouth,462,4,1,27.67,5.19,4/7,A1,,sporting_life
Flashing Fender,63007.0,2025-12-08,Yarmouth,462,4,2,27.54,5.23,5/4,A1,sh,sporting_life
Flashing Fender,63007.0,2025-12-01,Yarmouth,462,3,4,27.89,5.22,1/1,A1,1,sporting_life
Flashing Fender,63007.0,2025-11-24,Yarmouth,462,2,2,27.85,5.25,9/4,A1,¾,sporting_life
Flashing Fender,63007.0,2025-11-19,Yarmouth,462,3,1,27.9,5.25,10/11,A1,,sporting_life
Flashing Fender,63007.0,2025-11-12,Yarmouth,462,3,1,27.62,5.21,4/5,A1,,sporting_life
Flashing Fender,,2025-11-08,Yarmouth,462,1,1,27.93,,08/11,,,timeform
Flashing Fender,,2025-11-02,Yarmouth,277,2,1,16.37,,02/11,,,timeform
Flashing Fender,,2025-10-26,Yarmouth,277,1,1,16.44,,26/10,,,timeform
Flashing Fender,63007.0,2025-08-20,Yarmouth,462,3,3,28.19,5.29,6/4,A1,4 ½,sporting_life
Flashing Fender,,2025-08-10,Yarmouth,462,3,1,28.0,,10/08,,,timeform
Flashing Fender,63007.0,2025-08-02,Hove,500,5,5,29.8,3.61,11/1,OR,3,sporting_life
Flashing Fender,63007.0,2025-07-26,Yarmouth,462,4,4,28.44,5.36,7/4,OR,2 ½,sporting_life
Flashing Fender,,2025-07-07,Yarmouth,462,1,1,28.04,,07/07,,,timeform
Flashing Fender,,2025-06-23,Yarmouth,462,1,1,28.51,,23/06,,,timeform
Flashing Fender,63007.0,2025-06-15,Towcester,500,4,1,29.25,4.04,8/11,OR,,sporting_life
Flashing Fender,63007.0,2025-06-07,Towcester,500,6,6,29.91,4.19,9/4,OR2,1 ½,sporting_life
Flashing Fender,63007.0,2025-05-31,Towcester,500,5,1,29.08,4.09,11/8,OR2,,sporting_life
Flashing Fender,63007.0,2025-05-24,Towcester,500,4,5,29.63,4.12,10/1,OR1,4,sporting_life
Flashing Fender,63007.0,2025-05-16,Towcester,500,5,3,29.42,4.09,18/1,OR1,2 ¾,sporting_life
Flashing Fender,63007.0,2025-05-09,Towcester,500,4,3,29.29,4.11,28/1,OR1,2 ¾,sporting_life
Flashing Fender,,2025-05-01,Towcester,500,3,1,29.26,,01/05,,,timeform
Flashing Fender,,2025-04-24,Towcester,270,3,1,15.88,,24/04,,,timeform
Flashing Fender,,2025-04-15,Towcester,270,1,1,15.98,,15/04,,,timeform
Full Monty,64306.0,2026-03-05,Hove,695,3,5,42.78,,8/1,OR,nk,sporting_life
Full Monty,64306.0,2026-02-26,Hove,695,2,4,42.34,14.44,18/1,OR,hd,sporting_life
Full Monty,64306.0,2026-02-20,Romford,750,2,5,48.02,24.39,22/1,OR3,3 ¾,sporting_life
Full Monty,64306.0,2026-02-13,Romford,750,1,3,48.08,24.43,16/1,OR3,5 ¾,sporting_life
Full Monty,64306.0,2026-01-29,Hove,695,4,1,42.97,14.69,9/2,OR,,sporting_life
Full Monty,64306.0,2026-01-23,Romford,575,2,4,36.16,14.1,8/1,OR,3 ½,sporting_life
Full Monty,64306.0,2026-01-19,Romford,575,2,4,36.12,14.06,8/1,S1,sh,sporting_life
Full Monty,64306.0,2026-01-14,Romford,575,1,1,35.57,13.87,3/1,S2,,sporting_life
Full Monty,64306.0,2026-01-02,Romford,575,2,6,35.82,14.17,7/1,OR,3 ½,sporting_life
Full Monty,64306.0,2025-12-27,Romford,575,2,3,36.1,13.92,6/1,OR,½,sporting_life
Full Monty,64306.0,2025-12-12,Romford,575,2,4,35.99,13.95,6/1,OR,sh,sporting_life
Full Monty,64306.0,2025-12-05,Romford,575,1,2,35.79,13.86,13/2,OR,¾,sporting_life
Full Monty,64306.0,2025-11-22,Romford,575,2,1,35.46,13.82,11/8,S4,,sporting_life
Full Monty,64306.0,2025-11-15,Romford,575,1,2,35.7,13.82,13/8,S3,hd,sporting_life
Full Monty,64306.0,2025-11-01,Romford,575,2,4,36.16,14.39,11/4,S3,1 ¼,sporting_life
Full Monty,64306.0,2025-10-25,Romford,400,2,1,24.46,3.94,6/1,A5,,sporting_life
Full Monty,64306.0,2025-10-20,Romford,400,2,3,24.86,4.01,11/1,A4,1 ¾,sporting_life
Full Monty,64306.0,2025-10-11,Romford,400,2,2,24.81,4.03,6/1,A4,1 ½,sporting_life
Full Monty,64306.0,2025-10-04,Romford,400,2,2,24.68,3.97,8/1,A4,1 ¾,sporting_life
Full Monty,64306.0,2025-09-29,Romford,400,2,1,24.58,4.0,9/1,A5,,sporting_life
Full Monty,64306.0,2025-09-16,Romford,400,2,5,24.67,3.99,11/1,A5,1 ¼,sporting_life
Full Monty,64306.0,2025-09-04,Hove,500,3,5,30.2,3.76,28/1,OR,¾,sporting_life
Full Monty,64306.0,2025-08-28,Hove,500,2,4,30.66,3.82,20/1,OR3,1 ¼,sporting_life
Full Monty,64306.0,2025-08-21,Hove,500,2,6,30.1,3.72,33/1,OR,3 ¼,sporting_life
Funky Adz,64672.0,2026-03-06,Romford,400,3,2,24.15,3.7,7/1,OR1,sh,sporting_life
Funky Adz,64672.0,2026-02-27,Romford,400,3,3,24.24,3.79,7/2,OR,2 ¾,sporting_life
Funky Adz,64672.0,2026-02-20,Romford,400,5,1,23.98,3.68,4/1,OR,,sporting_life
Funky Adz,64672.0,2026-02-13,Romford,400,4,6,24.73,3.87,6/1,OR3,¾,sporting_life
Funky Adz,64672.0,2026-02-06,Romford,400,4,1,24.08,3.64,2/1,OR,,sporting_life
Funky Adz,64672.0,2026-01-30,Romford,400,5,3,24.34,3.77,11/10,OR,hd,sporting_life
Funky Adz,64672.0,2026-01-23,Romford,400,4,2,24.1,3.7,4/1,OR2,3 ¼,sporting_life
Funky Adz,64672.0,2026-01-16,Romford,400,4,1,24.19,3.73,9/1,OR2,,sporting_life
Funky Adz,64672.0,2026-01-09,Romford,400,5,2,24.65,3.83,8/1,OR2,2 ½,sporting_life
Funky Adz,,2025-12-31,Romford,225,1,1,13.57,,31/12,,,timeform
Funky Adz,,2025-12-18,Romford,225,2,1,13.61,,18/12,,,timeform
Funky Adz,64672.0,2025-11-19,Romford,400,5,4,24.47,3.81,9/4,A1,¾,sporting_life
Funky Adz,64672.0,2025-11-14,Romford,400,6,2,24.16,3.78,10/3,OR,3 ½,sporting_life
Funky Adz,64672.0,2025-11-07,Romford,400,6,4,24.7,3.82,5/1,OR,3 ½,sporting_life
Funky Adz,64672.0,2025-10-31,Romford,400,5,3,24.47,3.85,5/1,OR,sh,sporting_life
Funky Adz,64672.0,2025-10-24,Romford,400,3,6,25.18,3.86,11/4,OR,¾,sporting_life
Funky Adz,64672.0,2025-10-17,Romford,400,5,3,24.47,3.84,10/3,OR,4 ¼,sporting_life
Funky Adz,64672.0,2025-10-09,Hove,285,5,2,16.67,,5/2,OR,1 ¾,sporting_life
Funky Adz,64672.0,2025-10-02,Hove,285,5,2,16.57,,6/1,OR,1,sporting_life
Funky Adz,64672.0,2025-09-26,Romford,400,4,2,24.81,3.88,6/5,OR,hd,sporting_life
Funky Adz,64672.0,2025-09-19,Romford,400,6,5,25.14,3.81,8/1,OR,3 ½,sporting_life
Funky Adz,,2025-09-11,Romford,400,1,1,24.46,,11/09,,,timeform
Funky Adz,,2025-09-04,Romford,225,1,1,13.67,,04/09,,,timeform
Funky Adz,,2025-08-07,Romford,400,3,2,24.52,,07/08,,,timeform
Funky Adz,,2025-07-31,Romford,400,3,3,24.6,,31/07,,,timeform
Funky Adz,,2025-07-17,Romford,400,2,1,24.24,,17/07,,,timeform
Getaway Car,64246.0,2026-03-09,Yarmouth,462,1,6,28.59,5.73,9/4,A2,2 ¼,sporting_life
Getaway Car,64246.0,2026-03-01,Yarmouth,659,1,2,41.4,16.77,7/1,S1,sh,sporting_life
Getaway Car,64246.0,2026-02-25,Yarmouth,462,2,4,28.57,5.48,4/1,A2,3 ¼,sporting_life
Getaway Car,64246.0,2026-02-21,Yarmouth,659,1,5,41.02,16.75,8/1,OR,1 ¾,sporting_life
Getaway Car,64246.0,2026-02-11,Yarmouth,462,2,2,28.06,5.49,9/2,A2,½,sporting_life
Getaway Car,64246.0,2026-01-18,Yarmouth,843,1,3,54.41,28.32,5/6,IV,1 ¾,sporting_life
Getaway Car,64246.0,2026-01-11,Yarmouth,659,1,1,42.3,17.3,15/8,S1,,sporting_life
Getaway Car,64246.0,2025-12-26,Yarmouth,843,1,3,54.2,28.33,1/1,IV,2,sporting_life
Getaway Car,,2025-12-20,Yarmouth,659,1,1,16.85,,20/12,,,timeform
Getaway Car,64246.0,2025-12-14,Yarmouth,462,2,1,28.42,5.41,4/1,A3,,sporting_life
Getaway Car,,2025-12-07,Yarmouth,462,3,2,28.32,,07/12,,,timeform
Getaway Car,,2025-12-01,Yarmouth,277,1,1,16.69,,01/12,,,timeform
Getaway Car,64246.0,2025-09-27,Yarmouth,659,2,3,40.83,16.95,9/1,OR,1 ¼,sporting_life
Getaway Car,64246.0,2025-09-22,Nottingham,905,3,1,57.14,29.08,11/4,OR3,,sporting_life
Getaway Car,64246.0,2025-09-17,Yarmouth,659,1,2,41.46,17.07,8/11,OR,4 ¼,sporting_life
Getaway Car,64246.0,2025-09-10,Yarmouth,659,2,3,40.67,16.72,9/2,OR3,1 ¼,sporting_life
Getaway Car,,2025-09-03,Yarmouth,659,1,1,16.6,,03/09,,,timeform
Getaway Car,64246.0,2025-08-27,Yarmouth,659,2,6,41.64,17.76,5/2,S1,4 ½,sporting_life
Getaway Car,64246.0,2025-08-23,Yarmouth,659,2,3,41.34,17.19,13/8,OR,2 ¼,sporting_life
Getaway Car,64246.0,2025-08-16,Yarmouth,659,2,2,41.35,17.09,8/15,OR,2 ¾,sporting_life
Getaway Car,,2025-08-10,Yarmouth,462,3,2,28.16,,10/08,,,timeform
Getaway Car,,2025-08-03,Yarmouth,462,3,2,28.37,,03/08,,,timeform
Getaway Car,,2025-07-27,Yarmouth,462,1,1,28.75,,27/07,,,timeform
Goulane Vegas,64523.0,2026-03-09,Romford,400,1,2,24.48,0.0,5/1,A5,½,sporting_life
Goulane Vegas,64523.0,2026-03-04,Romford,400,1,5,25.25,3.87,5/2,A5,sh,sporting_life
Goulane Vegas,64523.0,2026-02-21,Romford,400,1,3,25.03,3.83,7/2,A5,3 ¼,sporting_life
Goulane Vegas,64523.0,2026-02-09,Romford,400,1,5,24.89,3.86,2/1,A5,nk,sporting_life
Goulane Vegas,64523.0,2026-02-04,Romford,400,1,1,24.6,3.84,7/4,A6,,sporting_life
Goulane Vegas,64523.0,2026-01-26,Romford,400,1,4,24.72,3.78,7/2,A5,nk,sporting_life
Goulane Vegas,64523.0,2026-01-17,Romford,400,1,6,25.19,3.87,15/8,A5,½,sporting_life
Goulane Vegas,64523.0,2026-01-12,Romford,400,1,4,25.26,3.85,5/4,A5,hd,sporting_life
Goulane Vegas,64523.0,2026-01-07,Romford,400,1,2,24.39,3.75,2/1,A5,¾,sporting_life
Goulane Vegas,64523.0,2026-01-03,Romford,400,1,1,24.58,3.85,5/4,A6,,sporting_life
Goulane Vegas,64523.0,2025-12-27,Romford,400,1,3,24.41,3.76,7/4,A6,½,sporting_life
Goulane Vegas,64523.0,2025-12-20,Romford,400,1,3,24.78,3.87,11/10,A6,2 ¼,sporting_life
Goulane Vegas,64523.0,2025-12-15,Romford,400,1,2,24.47,3.84,5/2,A6,¾,sporting_life
Goulane Vegas,64523.0,2025-12-08,Romford,400,1,1,24.51,3.76,15/8,A7,,sporting_life
Goulane Vegas,64523.0,2025-12-02,Romford,400,1,4,24.7,3.79,11/10,A7,½,sporting_life
Goulane Vegas,64523.0,2025-11-26,Romford,400,1,2,24.54,3.77,5/1,A6,sh,sporting_life
Goulane Vegas,64523.0,2025-11-19,Romford,400,1,6,25.75,3.92,5/1,IT,7 ¼,sporting_life
Goulane Vegas,,2025-11-13,Romford,400,3,2,24.87,,13/11,,,timeform
Goulane Vegas,64523.0,2025-10-17,Romford,400,3,1,24.67,3.82,2/1,A7,,sporting_life
Goulane Vegas,64523.0,2025-10-11,Romford,400,2,1,24.59,3.86,13/8,A7,,sporting_life
Goulane Vegas,64523.0,2025-10-04,Romford,400,1,1,24.63,3.81,7/4,A8,,sporting_life
Goulane Vegas,64523.0,2025-09-24,Romford,400,1,1,24.72,3.86,3/1,A9,,sporting_life
Goulane Vegas,64523.0,2025-09-17,Romford,400,1,1,24.94,3.89,7/2,A10,,sporting_life
Goulane Vegas,64523.0,2025-09-13,Romford,400,1,4,25.27,3.89,9/1,A9,2 ½,sporting_life
Goulane Vegas,64523.0,2025-09-06,Romford,400,1,5,25.51,3.95,9/2,A9,4 ¾,sporting_life
Goulane Vegas,,2025-08-28,Romford,400,3,3,25.28,,28/08,,,timeform
Goulane Vegas,,2025-08-21,Romford,400,3,1,25.01,,21/08,,,timeform
Goulane Vegas,,2025-08-14,Romford,400,1,1,25.31,,14/08,,,timeform
Headford Wayne,67040.0,2026-03-06,Romford,400,2,3,24.54,3.77,5/1,OR,hd,sporting_life
Headford Wayne,,2026-02-26,Romford,400,1,1,24.45,,26/02,,,timeform
Headford Wayne,,2026-02-21,Monmore,480,3,3,29.35,,21/02,,,timeform
Headford Wayne,,2026-02-15,Towcester,270,2,1,15.91,,15/02,,,timeform
Headford Wayne,,2026-02-05,Hove,285,3,2,16.79,,05/02,,,timeform
Headford Wayne,,2026-01-27,Monmore,264,2,1,15.6,,27/01,,,timeform
Headford Wayne,,2025-11-29,Central Park,277,2,2,16.66,,29/11,,,timeform
Headford Wayne,,2025-11-22,Monmore,480,3,3,29.02,,22/11,,,timeform
Headford Wayne,,2025-11-15,Monmore,264,1,1,15.56,,15/11,,,timeform
Headford Wayne,,2025-10-29,Hove,285,1,1,16.74,,29/10,,,timeform
Headford Wayne,,2025-10-12,Hove,285,1,1,16.91,,12/10,,,timeform
Hellofalooker,66606.0,2026-03-06,Romford,400,4,4,24.72,3.75,14/1,OR,2 ¼,sporting_life
Hellofalooker,66606.0,2026-02-27,Romford,400,5,5,24.71,3.8,20/1,OR,nk,sporting_life
Hellofalooker,66606.0,2026-02-14,Central Park,277,5,4,16.73,,16/1,OR,¾,sporting_life
Hellofalooker,66606.0,2026-02-03,Central Park,277,5,1,16.5,,9/4,D3,,sporting_life
Hellofalooker,66606.0,2026-01-27,Central Park,277,4,3,17.06,,5/1,D3,1,sporting_life
Hellofalooker,,2026-02-19 00:00:00,Romford,400,5,1,24.62,3.79,,T1,,results_parquet
Inca Lewie,60464.0,2026-02-26,Monmore,480,3,4,28.64,4.55,4/1,A1,½,sporting_life
Inca Lewie,60464.0,2026-02-17,Monmore,480,3,6,28.96,4.51,9/2,A1,¾,sporting_life
Inca Lewie,60464.0,2026-02-11,Monmore,480,3,1,28.34,4.41,5/1,A2,,sporting_life
Inca Lewie,60464.0,2025-12-11,Monmore,480,4,2,28.78,4.49,15/8,A1,2,sporting_life
Inca Lewie,60464.0,2025-12-04,Monmore,480,3,3,28.96,4.56,9/2,A1,½,sporting_life
Inca Lewie,60464.0,2025-11-28,Romford,575,4,2,35.49,13.76,6/4,OR,6,sporting_life
Inca Lewie,60464.0,2025-11-06,Monmore,480,4,1,28.18,4.4,3/1,A2,,sporting_life
Inca Lewie,60464.0,2025-11-01,Monmore,480,5,3,29.05,4.5,11/4,A2,½,sporting_life
Inca Lewie,60464.0,2025-10-23,Monmore,480,4,4,28.6,4.63,11/4,A2,1 ½,sporting_life
Inca Lewie,60464.0,2025-10-18,Monmore,480,3,3,28.62,4.47,5/1,A1,2,sporting_life
Inca Lewie,60464.0,2025-09-06,Swindon,476,5,4,29.18,4.27,15/8,OR1,hd,sporting_life
Inca Lewie,60464.0,2025-08-30,Swindon,476,5,3,28.9,4.19,6/1,OR1,hd,sporting_life
Inca Lewie,60464.0,2025-08-23,Monmore,630,5,6,38.07,12.79,11/4,OR,1 ½,sporting_life
Inca Lewie,60464.0,2025-08-16,Monmore,630,4,3,38.15,12.66,18/1,OR1,3 ½,sporting_life
Inca Lewie,60464.0,2025-08-09,Monmore,630,4,1,38.26,12.86,7/1,OR1,,sporting_life
Inca Lewie,60464.0,2025-07-26,Monmore,480,1,2,28.44,4.6,13/8,OR3,1 ½,sporting_life
Inca Lewie,60464.0,2025-07-19,Monmore,480,1,1,28.53,4.46,6/4,OR3,,sporting_life
Inca Lewie,60464.0,2025-07-12,Hove,500,3,3,30.12,3.67,7/2,OR,1 ½,sporting_life
Inca Lewie,60464.0,2025-07-03,Monmore,480,3,1,28.57,4.42,5/4,A3,,sporting_life
Inca Lewie,60464.0,2025-03-29,Perry Barr,480,3,2,28.53,3.55,9/2,OR3,hd,sporting_life
Inca Lewie,60464.0,2025-03-15,Perry Barr,480,3,3,28.91,3.57,11/4,A2,1 ¼,sporting_life
Inca Lewie,60464.0,2024-11-30,Perry Barr,480,4,3,28.92,3.63,11/2,OR,2 ½,sporting_life
Inca Lewie,60464.0,2024-11-20,Perry Barr,480,3,1,28.8,3.63,2/1,A3,,sporting_life
Inca Lewie,60464.0,2024-11-13,Perry Barr,480,2,1,28.99,3.67,11/8,A5,,sporting_life
Inca Lewie,60464.0,2024-10-30,Perry Barr,480,2,2,29.36,3.67,7/2,A4,6 ¼,sporting_life
Inca Lewie,60464.0,2024-10-23,Perry Barr,480,2,5,29.24,3.8,6/1,A3,1,sporting_life
Inca Lewie,,2026-03-03 00:00:00,Suffolk Downs,548,4,1,34.13,13.81,,T1,,results_parquet
Innfield Fifi,61686.0,2026-03-05,Hove,695,4,6,42.58,14.88,4/1,OR,¾,sporting_life
Innfield Fifi,61686.0,2026-02-26,Hove,695,3,1,41.93,14.66,10/3,OR,,sporting_life
Innfield Fifi,61686.0,2026-02-20,Romford,750,1,3,47.5,24.7,7/4,OR3,1,sporting_life
Innfield Fifi,61686.0,2026-02-13,Romford,750,2,2,47.31,24.49,5/4,OR3,1,sporting_life
Innfield Fifi,61686.0,2026-02-06,Romford,750,2,4,47.79,25.07,9/1,OR,½,sporting_life
Innfield Fifi,61686.0,2026-01-29,Hove,500,3,4,30.54,3.71,14/1,OR3,7,sporting_life
Innfield Fifi,61686.0,2025-12-14,Oxford,847,1,2,53.38,,5/1,OR,2,sporting_life
Innfield Fifi,61686.0,2025-12-07,Oxford,847,2,4,54.23,,6/1,OR,3,sporting_life
Innfield Fifi,61686.0,2025-11-29,Hove,740,5,5,45.73,17.13,11/1,OR1,4,sporting_life
Innfield Fifi,61686.0,2025-11-07,Romford,750,1,3,47.61,25.0,2/1,OR,4 ¼,sporting_life
Innfield Fifi,61686.0,2025-10-31,Romford,750,3,1,46.94,24.29,5/1,OR,,sporting_life
Innfield Fifi,61686.0,2025-10-24,Romford,750,1,5,48.3,25.03,6/4,OR,½,sporting_life
Innfield Fifi,61686.0,2025-10-17,Romford,750,4,3,47.94,24.9,5/1,OR3,hd,sporting_life
Innfield Fifi,61686.0,2025-10-10,Romford,750,1,2,47.58,24.28,11/10,OR3,sh,sporting_life
Innfield Fifi,61686.0,2025-10-03,Romford,575,1,5,35.91,14.26,12/1,OR1,¾,sporting_life
Innfield Fifi,61686.0,2025-09-19,Romford,750,2,2,47.31,24.38,8/1,OR,1 ¾,sporting_life
Innfield Fifi,61686.0,2025-09-04,Hove,695,3,3,42.34,14.78,8/1,OR,sh,sporting_life
Innfield Fifi,61686.0,2025-08-28,Hove,695,5,2,42.58,14.37,10/3,OR,hd,sporting_life
Innfield Fifi,61686.0,2025-08-21,Hove,500,4,4,30.25,3.72,4/1,OR3,3,sporting_life
Innfield Fifi,61686.0,2025-08-14,Hove,500,1,4,29.72,3.75,10/1,OR3,hd,sporting_life
Innfield Fifi,61686.0,2025-08-07,Hove,500,2,4,30.19,3.77,14/1,OR3,3 ½,sporting_life
Innfield Fifi,61686.0,2025-03-23,Towcester,712,2,4,43.66,16.3,3/1,OR,1,sporting_life
Innfield Fifi,61686.0,2025-03-16,Towcester,942,1,5,58.95,29.45,9/4,OR1,½,sporting_life
Innfield Fifi,61686.0,2025-03-07,Romford,750,1,2,47.4,24.17,4/5,OR,3 ½,sporting_life
Innfield Fifi,61686.0,2025-03-02,Towcester,712,2,3,42.91,16.11,8/1,OR,1 ¼,sporting_life
Innfield Fifi,61686.0,2025-02-23,Towcester,712,3,1,43.62,16.24,8/15,OR,,sporting_life
Innfield Fifi,61686.0,2025-02-14,Romford,575,4,2,35.74,14.11,11/8,OR3,½,sporting_life
Innfield Fifi,61686.0,2025-02-07,Romford,575,3,3,36.1,14.16,1/1,OR3,¾,sporting_life
Innfield Fifi,61686.0,2025-01-31,Romford,575,3,2,35.52,13.85,9/4,OR,1,sporting_life
Intriguing Iris,61324.0,2026-02-13,Romford,750,6,1,47.23,24.08,9/4,OR3,,sporting_life
Intriguing Iris,61324.0,2026-02-07,Monmore,684,6,4,41.91,15.98,18/1,OR1,3 ½,sporting_life
Intriguing Iris,61324.0,2026-01-22,Monmore,630,4,4,38.27,12.78,12/1,OR3,½,sporting_life
Intriguing Iris,61324.0,2026-01-15,Monmore,630,3,2,38.5,12.64,14/1,OR3,hd,sporting_life
Intriguing Iris,61324.0,2025-12-19,Dunstall Park,660,5,4,40.75,13.58,6/1,OR,4,sporting_life
Intriguing Iris,61324.0,2025-12-12,Dunstall Park,480,5,2,28.73,3.09,22/1,OR,8 ¾,sporting_life
Intriguing Iris,61324.0,2025-12-08,Nottingham,500,4,3,30.08,5.19,10/1,OR,1 ¼,sporting_life
Intriguing Iris,61324.0,2025-11-28,Dunstall Park,660,5,6,41.28,13.39,15/8,OR3,2 ¼,sporting_life
Intriguing Iris,61324.0,2025-10-27,Nottingham,500,5,1,29.95,5.11,10/11,OR3,,sporting_life
Intriguing Iris,61324.0,2025-10-20,Nottingham,500,4,2,30.17,5.09,7/2,OR3,½,sporting_life
Intriguing Iris,61324.0,2025-07-05,Monmore,630,3,6,38.87,13.29,6/5,OR,2 ¼,sporting_life
Intriguing Iris,61324.0,2025-06-12,Hove,695,6,6,42.31,14.59,11/8,OR3,1 ¼,sporting_life
Intriguing Iris,61324.0,2025-06-05,Hove,695,2,2,41.93,14.4,8/15,OR3,nk,sporting_life
Intriguing Iris,61324.0,2025-06-01,Towcester,712,2,5,43.59,16.2,4/1,OR2,1 ¾,sporting_life
Intriguing Iris,61324.0,2025-05-22,Hove,695,2,1,41.6,14.11,11/8,OR,,sporting_life
Intriguing Iris,61324.0,2025-05-10,Monmore,684,5,5,41.62,15.82,9/1,OR1,1,sporting_life
Intriguing Iris,61324.0,2025-05-03,Monmore,684,5,1,41.38,15.57,5/1,OR1,,sporting_life
Intriguing Iris,61324.0,2025-04-12,Monmore,630,4,2,38.07,12.98,4/6,OR,hd,sporting_life
Intriguing Iris,61324.0,2025-04-05,Monmore,630,2,1,38.08,12.87,4/6,OR,,sporting_life
Intriguing Iris,61324.0,2025-03-29,Perry Barr,660,2,1,39.92,13.81,10/3,OR3,,sporting_life
Intriguing Iris,61324.0,2025-03-09,Sheffield,660,3,3,39.91,13.29,13/8,OR3,2,sporting_life
Intriguing Iris,61324.0,2025-02-28,Romford,575,4,6,37.01,13.83,2/1,OR3,1 ¼,sporting_life
Intriguing Iris,61324.0,2025-02-21,Romford,575,4,3,36.16,14.05,1/1,OR3,2 ¼,sporting_life
Intriguing Iris,61324.0,2025-02-16,Towcester,500,5,1,29.2,4.23,10/3,OR,,sporting_life
Intriguing Iris,61324.0,2025-02-09,Towcester,500,5,3,29.4,4.19,14/1,OR,1 ¾,sporting_life
Intriguing Iris,61324.0,2025-02-03,Nottingham,500,6,4,30.57,5.3,2/1,OR,nk,sporting_life
Intriguing Iris,61324.0,2025-01-27,Nottingham,500,2,6,30.62,5.31,5/1,OR,½,sporting_life
Intriguing Iris,,2026-03-06 00:00:00,Romford,400,6,1,24.18,3.79,,T1,,results_parquet
Ivanhoe Rose,,2026-03-05 00:00:00,Romford,400,1,1,24.64,4.02,,T3,6.0,results_parquet
Ivanhoe Rose,,2026-02-26 00:00:00,Romford,400,1,1,24.34,3.85,,T3,5.5,results_parquet
Jacktavern Don,64127.0,2026-03-06,Romford,400,4,3,24.44,3.77,2/1,OR1,1,sporting_life
Jacktavern Don,,2026-02-28,Oxford,253,1,1,14.88,,28/02,,,timeform
Jacktavern Don,64127.0,2026-02-06,Romford,400,4,6,24.44,3.84,10/1,OR3,½,sporting_life
Jacktavern Don,64127.0,2026-01-30,Romford,400,4,2,24.19,3.79,5/2,OR3,3,sporting_life
Jacktavern Don,64127.0,2026-01-22,Monmore,480,4,4,28.69,4.39,6/1,OR3,2,sporting_life
Jacktavern Don,64127.0,2026-01-15,Monmore,480,6,1,28.83,4.37,4/1,OR3,,sporting_life
Jacktavern Don,64127.0,2026-01-02,Romford,400,3,5,24.56,3.74,5/1,OR,4,sporting_life
Jacktavern Don,64127.0,2025-12-27,Romford,400,6,6,24.5,3.79,3/1,OR,sh,sporting_life
Jacktavern Don,64127.0,2025-12-19,Romford,400,5,1,23.96,3.74,5/1,OR,,sporting_life
Jacktavern Don,,2025-12-01,Nottingham,305,2,2,18.21,,01/12,,,timeform
Jacktavern Don,64127.0,2025-11-23,Oxford,450,3,5,27.72,,10/3,OR,2 ¾,sporting_life
Jacktavern Don,64127.0,2025-11-16,Oxford,450,4,2,27.1,,10/1,OR,3 ½,sporting_life
Jacktavern Don,64127.0,2025-11-09,Oxford,450,4,2,26.82,3.98,4/1,OR,2 ½,sporting_life
Jacktavern Don,64127.0,2025-11-02,Oxford,450,5,5,27.38,4.04,4/1,OR1,3,sporting_life
Jacktavern Don,64127.0,2025-10-26,Oxford,450,4,2,26.87,3.95,5/4,OR1,hd,sporting_life
Jacktavern Don,64127.0,2025-10-19,Oxford,450,4,1,26.84,3.89,6/4,OR1,,sporting_life
Jacktavern Don,,2025-10-12,Oxford,450,3,1,26.72,,12/10,,,timeform
Jacktavern Don,,2025-10-04,Oxford,450,2,1,26.95,,04/10,,,timeform
Jacktavern Don,,2025-09-27,Oxford,450,2,1,27.09,,27/09,,,timeform
Jacktavern Don,64127.0,2025-09-19,Romford,400,2,2,24.28,3.78,4/6,OR,1,sporting_life
Jacktavern Don,64127.0,2025-09-12,Romford,400,4,3,24.26,3.77,13/8,OR1,4,sporting_life
Jacktavern Don,64127.0,2025-09-05,Romford,400,6,3,24.02,3.76,6/1,OR1,1 ¼,sporting_life
Jacktavern Don,64127.0,2025-08-29,Romford,400,4,1,23.84,3.69,9/2,OR,,sporting_life
Jacktavern Don,64127.0,2025-08-22,Romford,400,5,3,24.35,3.73,7/4,OR,sh,sporting_life
Jacktavern Don,64127.0,2025-08-15,Romford,400,6,2,24.08,3.79,13/8,OR,2,sporting_life
Jacktavern Don,64127.0,2025-08-08,Romford,400,2,3,24.24,3.73,7/4,OR3,1 ½,sporting_life
Jacktavern Don,,2025-08-01,Romford,400,2,1,24.05,,01/08,,,timeform
Jacktavern Don,,2025-07-24,Romford,400,1,1,24.48,,24/07,,,timeform
Jacktavern Don,,2025-07-19,Hove,285,3,2,16.61,,19/07,,,timeform
Jacktavern Don,,2025-07-12,Hove,285,3,2,16.43,,12/07,,,timeform
Jayar Rogue,61815.0,2026-03-07,Monmore,264,4,5,15.81,,28/1,OR,1 ¾,sporting_life
Jayar Rogue,61815.0,2025-12-05,Romford,400,3,4,24.81,3.92,20/1,OR3,3 ½,sporting_life
Jayar Rogue,61815.0,2025-11-28,Romford,400,2,3,24.15,3.84,14/1,OR,3 ¼,sporting_life
Jayar Rogue,61815.0,2025-11-21,Romford,400,2,4,24.46,3.82,12/1,OR3,1 ¾,sporting_life
Jayar Rogue,61815.0,2025-11-01,Romford,400,1,4,24.54,3.84,6/1,A1,1 ¾,sporting_life
Jayar Rogue,61815.0,2025-10-24,Romford,400,1,5,24.52,3.9,9/4,OR,¾,sporting_life
Jayar Rogue,61815.0,2025-10-17,Romford,400,1,1,23.85,3.73,7/1,OR,,sporting_life
Jayar Rogue,61815.0,2025-10-09,Hove,285,3,3,16.91,,10/1,OR,3,sporting_life
Jayar Rogue,61815.0,2025-10-02,Hove,285,2,4,16.85,,12/1,OR,nk,sporting_life
Jayar Rogue,61815.0,2025-09-26,Romford,400,2,5,24.51,3.85,7/1,OR,½,sporting_life
Jayar Rogue,61815.0,2025-09-19,Romford,400,3,4,24.86,3.83,8/1,OR,1 ½,sporting_life
Jayar Rogue,61815.0,2025-09-12,Romford,400,2,4,24.64,3.84,6/1,OR,1 ½,sporting_life
Jayar Rogue,61815.0,2025-06-28,Central Park,491,4,5,30.35,3.19,5/1,OR,hd,sporting_life
Jayar Rogue,61815.0,2025-06-21,Central Park,277,4,5,17.1,,7/1,OR,¾,sporting_life
Jayar Rogue,61815.0,2025-02-11,Monmore,264,3,5,16.11,,5/1,D2,1 ¾,sporting_life
Jayar Rogue,,2026-02-26 00:00:00,Romford,400,3,1,24.36,3.77,,T1,,results_parquet
Jayar Rogue,,2026-02-19 00:00:00,Romford,225,3,1,13.7,,,T1,,results_parquet
Jayar Rogue,,2026-02-12 00:00:00,Romford,225,3,1,13.68,,,T1,,results_parquet
Lesleys Buddy,65748.0,2026-02-27,Romford,400,2,5,24.64,3.8,3/1,OR3,1,sporting_life
Lesleys Buddy,65748.0,2026-02-20,Romford,400,3,1,24.21,3.74,11/2,OR3,,sporting_life
Lesleys Buddy,65748.0,2026-02-12,Hove,285,4,4,16.74,,10/1,OR,1,sporting_life
Lesleys Buddy,65748.0,2026-02-05,Hove,285,2,2,16.95,,7/2,OR,¾,sporting_life
Lesleys Buddy,65748.0,2025-12-12,Romford,400,1,1,24.29,3.77,7/4,A5,,sporting_life
Letter Cutie,66964.0,2026-03-06,Romford,575,2,3,36.22,14.22,9/1,OR3,1 ¼,sporting_life
Letter Cutie,66964.0,2026-02-27,Romford,575,1,3,36.12,14.04,20/1,OR,5 ½,sporting_life
Letter Cutie,,2026-02-18,Romford,400,3,2,24.9,,18/02,,,timeform
Letter Cutie,,2026-02-05,Romford,400,3,1,24.82,,05/02,,,timeform
Lil Bo Beep,63625.0,2026-03-09,Romford,400,3,1,24.28,,11/4,A3,,sporting_life
Lil Bo Beep,63625.0,2026-03-02,Romford,400,4,2,25.13,3.87,9/1,A2,1 ¼,sporting_life
Lil Bo Beep,63625.0,2026-02-25,Romford,400,4,4,24.78,3.84,11/2,A2,1 ¼,sporting_life
Lil Bo Beep,63625.0,2026-02-17,Romford,400,4,5,24.63,3.77,10/1,A2,½,sporting_life
Lil Bo Beep,63625.0,2026-02-09,Romford,400,4,4,24.86,3.81,8/1,A2,3 ¾,sporting_life
Lil Bo Beep,63625.0,2026-01-28,Romford,400,3,6,24.84,3.79,6/1,A1,3,sporting_life
Lil Bo Beep,63625.0,2026-01-24,Central Park,491,4,5,30.27,3.14,7/1,OR,sh,sporting_life
Lil Bo Beep,63625.0,2026-01-19,Romford,400,4,4,25.01,3.82,11/4,A1,4 ¾,sporting_life
Lil Bo Beep,63625.0,2026-01-09,Romford,400,4,6,24.98,3.81,7/1,OR2,1 ¼,sporting_life
Lil Bo Beep,63625.0,2026-01-05,Romford,400,3,4,24.44,3.78,7/1,A1,1 ¾,sporting_life
Lil Bo Beep,63625.0,2025-12-27,Romford,400,4,4,24.6,3.88,9/2,A1,hd,sporting_life
Lil Bo Beep,63625.0,2025-12-19,Romford,400,3,1,24.21,3.82,5/2,A1,,sporting_life
Lil Bo Beep,63625.0,2025-12-10,Romford,400,3,1,24.21,3.79,10/3,A1,,sporting_life
Lil Bo Beep,63625.0,2025-12-05,Romford,400,4,2,24.45,3.84,9/4,A1,2 ¾,sporting_life
Lil Bo Beep,63625.0,2025-11-21,Romford,400,2,5,24.54,3.94,7/2,OR,2,sporting_life
Lil Bo Beep,,2025-11-14,Harlow,415,3,2,27.4,,14/11,,,timeform
Lil Bo Beep,63625.0,2025-11-07,Romford,400,3,6,,3.75,3/1,OR,dis,sporting_life
Lil Bo Beep,63625.0,2025-10-29,Romford,400,4,1,24.0,3.73,5/2,A2,,sporting_life
Lil Bo Beep,63625.0,2025-10-25,Romford,400,4,3,24.49,3.79,5/4,A2,2 ¾,sporting_life
Lil Bo Beep,63625.0,2025-10-18,Romford,400,4,4,24.53,3.84,5/2,A2,½,sporting_life
Lil Bo Beep,,2025-10-09,Romford,400,3,1,24.47,,09/10,,,timeform
Lil Bo Beep,63625.0,2025-09-06,Romford,400,4,4,24.51,3.79,5/1,A1,2 ¾,sporting_life
Lil Bo Beep,63625.0,2025-08-20,Romford,400,4,2,24.43,3.73,2/1,A1,1 ¾,sporting_life
Lil Bo Beep,63625.0,2025-08-13,Romford,400,4,2,24.08,3.77,13/8,A1,2 ¼,sporting_life
Lil Bo Beep,63625.0,2025-08-09,Romford,400,3,1,24.0,3.73,15/8,A1,,sporting_life
Lil Bo Beep,63625.0,2025-07-26,Romford,400,4,1,24.08,3.73,7/4,A3,,sporting_life
Lil Bo Beep,63625.0,2025-07-19,Romford,400,3,2,23.98,3.8,5/2,A3,1 ¼,sporting_life
Lil Bo Beep,63625.0,2025-07-14,Romford,400,3,4,25.27,3.85,6/4,A3,3 ¼,sporting_life
Lil Bo Beep,63625.0,2025-07-09,Romford,400,4,2,24.74,3.82,13/8,A3,2 ¾,sporting_life
Lil Bo Beep,63625.0,2025-06-25,Romford,400,4,1,24.38,3.83,7/4,A4,,sporting_life
Lil Bo Beep,,2025-06-19,Romford,400,3,1,24.4,,19/06,,,timeform
Lil Bo Beep,,2025-06-12,Romford,400,3,2,24.83,,12/06,,,timeform
Mahoonagh Hoffa,62969.0,2026-02-19,Hove,285,2,2,16.65,,7/1,OR,2 ½,sporting_life
Mahoonagh Hoffa,62969.0,2026-02-13,Romford,225,5,2,13.61,,6/1,OR,3 ¼,sporting_life
Mahoonagh Hoffa,62969.0,2026-02-06,Romford,225,4,3,13.73,,9/1,OR,4 ½,sporting_life
Mahoonagh Hoffa,62969.0,2025-10-19,Hove,285,2,1,16.44,,9/4,OR,,sporting_life
Mahoonagh Hoffa,62969.0,2025-10-09,Hove,285,3,3,16.71,,7/4,OR,hd,sporting_life
Mahoonagh Hoffa,62969.0,2025-09-25,Hove,285,5,1,16.51,,6/5,OR,,sporting_life
Mahoonagh Hoffa,62969.0,2025-09-19,Romford,400,4,3,24.72,3.76,6/1,OR,sh,sporting_life
Mahoonagh Hoffa,62969.0,2025-05-31,Romford,400,3,1,24.35,3.77,2/1,A2,,sporting_life
Mahoonagh Hoffa,62969.0,2025-05-21,Romford,400,3,1,24.46,3.76,7/4,A3,,sporting_life
Mahoonagh Hoffa,62969.0,2025-05-07,Romford,400,3,5,24.64,3.81,7/2,A3,1 ¼,sporting_life
Makeit Poppy,62976.0,2026-03-06,Romford,575,3,3,36.36,14.18,8/1,OR3,1,sporting_life
Makeit Poppy,62976.0,2026-03-01,Towcester,500,1,1,29.73,4.16,5/2,A4,,sporting_life
Makeit Poppy,62976.0,2026-02-20,Towcester,500,1,1,29.82,4.18,1/1,A5,,sporting_life
Makeit Poppy,,2026-02-10,Towcester,270,1,1,16.13,,10/02,,,timeform
Makeit Poppy,62976.0,2026-01-25,Towcester,500,4,4,30.11,4.19,10/1,OR,2 ¼,sporting_life
Makeit Poppy,62976.0,2026-01-20,Towcester,500,1,3,30.24,4.24,9/4,A5,nk,sporting_life
Makeit Poppy,62976.0,2026-01-09,Towcester,500,1,2,29.85,4.27,4/1,A4,½,sporting_life
Makeit Poppy,62976.0,2025-12-26,Towcester,500,1,3,29.96,4.23,6/1,A4,1 ¼,sporting_life
Makeit Poppy,62976.0,2025-12-11,Towcester,500,1,2,29.85,4.21,5/2,A4,2,sporting_life
Makeit Poppy,62976.0,2025-11-30,Towcester,500,1,6,30.28,4.4,5/2,A4,1 ¾,sporting_life
Makeit Poppy,,2025-11-07,Dundalk,270,2,2,16.33,,07/11,,,timeform
Makeit Poppy,62976.0,2025-10-06,Towcester,500,1,6,30.26,4.28,11/10,A4,1,sporting_life
Makeit Poppy,62976.0,2025-09-28,Towcester,500,1,2,29.61,4.32,15/8,A4,4 ¼,sporting_life
Makeit Poppy,62976.0,2025-09-14,Towcester,500,1,3,30.16,4.25,4/5,A4,3,sporting_life
Makeit Poppy,62976.0,2025-09-05,Towcester,500,1,1,29.39,4.21,8/15,A5,,sporting_life
Makeit Poppy,62976.0,2025-08-30,Towcester,270,1,1,16.07,,2/1,D3,,sporting_life
Makeit Poppy,62976.0,2025-08-22,Towcester,270,1,2,16.23,,10/3,D3,1,sporting_life
Makeit Poppy,62976.0,2025-08-16,Towcester,270,1,2,16.35,,2/1,D3,2,sporting_life
Makeit Poppy,,2025-08-05,Towcester,270,1,1,16.12,,05/08,,,timeform
Makeit Poppy,62976.0,2025-06-05,Towcester,500,1,5,30.47,4.34,2/1,A4,4 ½,sporting_life
Makeit Poppy,62976.0,2025-05-30,Towcester,500,2,1,30.28,4.32,9/4,A5,,sporting_life
Makeit Poppy,62976.0,2025-05-23,Towcester,500,1,1,29.85,4.33,6/5,A6,,sporting_life
Makeit Poppy,62976.0,2025-05-18,Towcester,270,2,2,16.6,,7/4,D4,4 ¾,sporting_life
Makeit Poppy,62976.0,2025-05-07,Towcester,270,2,3,16.74,,5/4,D4,hd,sporting_life
Makeit Poppy,,2025-04-30,Towcester,270,3,2,16.49,,30/04,,,timeform
Makeit Poppy,,2025-04-18,Towcester,270,3,3,16.45,,18/04,,,timeform
Makeit Poppy,,2025-03-31,Towcester,500,2,1,30.4,,31/03,,,timeform
Miami Yeats,64125.0,2026-03-07,Romford,575,2,1,35.52,13.77,9/4,S2,,sporting_life
Miami Yeats,64125.0,2026-02-24,Romford,575,1,2,35.64,13.82,3/1,S1,1 ¾,sporting_life
Miami Yeats,64125.0,2026-02-14,Central Park,491,3,6,29.9,3.12,25/1,OR3,2 ¼,sporting_life
Miami Yeats,64125.0,2026-01-30,Romford,575,2,4,36.0,13.83,6/1,S1,1,sporting_life
Miami Yeats,64125.0,2026-01-23,Romford,575,2,5,36.33,14.1,5/1,OR3,1 ¾,sporting_life
Miami Yeats,64125.0,2026-01-16,Romford,575,1,1,35.67,13.68,7/2,OR3,,sporting_life
Miami Yeats,64125.0,2026-01-10,Central Park,491,1,3,29.81,3.17,20/1,OR,3,sporting_life
Miami Yeats,64125.0,2026-01-03,Romford,400,2,4,24.47,3.84,7/2,A3,¾,sporting_life
Miami Yeats,64125.0,2025-12-26,Romford,400,2,2,24.38,3.81,9/2,A3,1,sporting_life
Miami Yeats,64125.0,2025-12-20,Romford,400,2,5,24.75,3.86,6/1,A2,¾,sporting_life
Miami Yeats,,2025-12-11,Romford,400,1,1,24.49,,11/12,,,timeform
Miami Yeats,,2025-11-28,Romford,400,4,3,24.68,,28/11,,,timeform
Miami Yeats,,2025-11-20,Romford,400,4,3,24.35,,20/11,,,timeform
Miami Yeats,64125.0,2025-10-17,Romford,575,3,2,35.65,13.66,6/1,OR3,½,sporting_life
Miami Yeats,64125.0,2025-10-11,Romford,400,2,3,24.62,3.91,8/1,A2,2,sporting_life
Miami Yeats,,2025-10-02,Romford,400,2,2,24.56,,02/10,,,timeform
Miami Yeats,64125.0,2025-09-05,Romford,575,1,3,35.73,13.83,3/1,OR,hd,sporting_life
Miami Yeats,64125.0,2025-08-30,Central Park,491,3,3,29.88,3.11,12/1,OR3,2 ¼,sporting_life
Miami Yeats,64125.0,2025-08-23,Central Park,491,1,2,29.72,3.16,7/2,OR3,4 ½,sporting_life
Miami Yeats,64125.0,2025-08-15,Romford,400,2,3,24.22,3.9,5/1,OR3,2,sporting_life
Miami Yeats,64125.0,2025-08-08,Romford,400,2,1,24.18,3.9,15/8,OR3,,sporting_life
Miami Yeats,,2025-07-31,Romford,400,3,1,24.46,,31/07,,,timeform
Miami Yeats,,2025-07-24,Romford,400,3,1,24.19,,24/07,,,timeform
Miami Yeats,,2025-07-17,Romford,400,2,1,24.25,,17/07,,,timeform
My Lil Bella,65424.0,2026-02-27,Romford,400,2,3,24.36,3.8,9/4,OR,1,sporting_life
My Lil Bella,65424.0,2026-02-20,Romford,400,1,5,24.62,3.74,2/1,OR,1,sporting_life
My Lil Bella,65424.0,2026-02-13,Romford,400,1,6,25.28,3.79,13/8,OR3,4,sporting_life
My Lil Bella,65424.0,2026-02-06,Romford,400,3,1,24.12,3.73,1/1,OR3,,sporting_life
My Lil Bella,65424.0,2026-01-30,Romford,400,3,4,24.5,3.77,6/1,OR3,3,sporting_life
My Lil Bella,65424.0,2026-01-23,Romford,400,3,2,24.37,3.85,2/1,OR3,4 ¾,sporting_life
My Lil Bella,65424.0,2026-01-16,Romford,400,1,4,24.69,3.9,11/8,OR,¾,sporting_life
My Lil Bella,65424.0,2026-01-09,Romford,400,1,4,24.83,3.87,13/8,OR2,1 ¼,sporting_life
My Lil Bella,65424.0,2026-01-02,Romford,400,2,1,23.75,3.74,3/1,A1,,sporting_life
My Lil Bella,65424.0,2025-12-27,Romford,400,2,3,24.58,3.87,7/1,A1,1 ¾,sporting_life
My Lil Bella,65424.0,2025-12-14,Oxford,450,3,5,27.72,,8/1,OR1,3 ½,sporting_life
My Lil Bella,65424.0,2025-12-07,Oxford,450,5,6,28.26,,5/1,OR,2 ¼,sporting_life
My Lil Bella,,2025-11-30,Oxford,450,2,2,27.26,,30/11,,,timeform
My Lil Bella,65424.0,2025-11-21,Romford,400,2,1,24.19,3.86,11/10,A2,,sporting_life
My Lil Bella,65424.0,2025-11-15,Romford,400,2,1,24.11,3.83,2/1,A3,,sporting_life
My Lil Bella,,2025-11-06,Romford,400,3,1,24.38,,06/11,,,timeform
My Lil Bella,,2025-10-29,Romford,400,3,2,24.35,,29/10,,,timeform
My Lil Bella,,2025-10-23,Romford,225,1,1,13.72,,23/10,,,timeform
Olwinn Seen It,61022.0,2026-03-04,Romford,400,2,3,24.9,3.89,13/2,A5,2 ½,sporting_life
Olwinn Seen It,61022.0,2026-02-21,Romford,400,2,2,24.77,4.0,12/1,A5,3 ¼,sporting_life
Olwinn Seen It,61022.0,2026-02-10,Romford,400,2,1,24.46,3.85,7/1,A6,,sporting_life
Olwinn Seen It,61022.0,2026-02-03,Romford,400,2,4,24.63,3.85,14/1,A6,½,sporting_life
Olwinn Seen It,61022.0,2026-01-27,Romford,400,2,3,24.8,4.06,7/1,A6,½,sporting_life
Olwinn Seen It,61022.0,2026-01-19,Romford,400,1,6,25.1,4.14,5/2,A6,1 ½,sporting_life
Olwinn Seen It,61022.0,2026-01-10,Romford,400,1,1,24.45,3.93,9/4,A7,,sporting_life
Olwinn Seen It,61022.0,2026-01-03,Romford,400,2,2,24.26,3.89,9/1,A6,¾,sporting_life
Olwinn Seen It,61022.0,2025-12-27,Romford,400,2,2,24.7,4.0,6/1,A6,6 ¼,sporting_life
Olwinn Seen It,61022.0,2025-12-20,Romford,400,2,4,24.88,3.93,8/1,A6,1 ¼,sporting_life
Olwinn Seen It,61022.0,2025-12-10,Romford,400,1,1,24.55,4.04,11/1,A7,,sporting_life
Olwinn Seen It,61022.0,2025-12-01,Romford,400,1,6,24.84,4.21,6/1,A6,4,sporting_life
Olwinn Seen It,61022.0,2025-11-26,Romford,400,1,5,25.2,4.05,8/1,IT,4,sporting_life
Olwinn Seen It,,2025-11-20,Romford,400,3,1,24.42,,20/11,,,timeform
Olwinn Seen It,61022.0,2025-11-14,Harlow,238,1,2,16.02,,5/2,D4,nk,sporting_life
Olwinn Seen It,61022.0,2025-11-10,Harlow,238,1,2,15.89,,11/4,D4,5 ¼,sporting_life
Olwinn Seen It,61022.0,2025-11-04,Harlow,238,1,4,15.95,,9/4,D4,1 ½,sporting_life
Olwinn Seen It,,2025-10-29,Harlow,238,2,2,15.8,,29/10,,,timeform
Olwinn Seen It,61022.0,2025-07-25,Harlow,415,1,5,27.77,5.02,9/2,A5,1 ¼,sporting_life
Olwinn Seen It,61022.0,2025-07-21,Harlow,415,1,1,26.31,4.95,7/4,A6,,sporting_life
Olwinn Seen It,61022.0,2025-07-16,Harlow,415,1,2,27.07,4.9,3/1,A6,1 ¾,sporting_life
Olwinn Seen It,61022.0,2025-07-11,Harlow,415,1,2,27.52,5.18,11/8,A6,9 ½,sporting_life
Olwinn Seen It,61022.0,2025-07-04,Harlow,415,1,2,26.76,5.16,7/1,A5,3 ¾,sporting_life
Olwinn Seen It,61022.0,2025-06-30,Harlow,415,1,4,27.17,5.23,5/1,A5,sh,sporting_life
Olwinn Seen It,61022.0,2025-06-20,Harlow,415,1,2,27.6,5.24,5/4,A5,2 ¼,sporting_life
Olwinn Seen It,61022.0,2025-06-16,Harlow,415,1,5,27.27,5.15,11/10,A5,hd,sporting_life
Olwinn Seen It,61022.0,2025-06-11,Harlow,238,1,1,15.32,,13/8,D4,,sporting_life
Olwinn Seen It,61022.0,2025-06-06,Harlow,238,1,3,15.85,,9/4,D4,1,sporting_life
Olwinn Seen It,61022.0,2025-06-02,Harlow,415,1,2,26.73,4.94,9/2,A5,sh,sporting_life
Olwinn Seen It,61022.0,2025-05-28,Harlow,415,1,1,27.4,4.97,2/1,A6,,sporting_life
Olwinn Seen It,61022.0,2025-05-23,Harlow,238,1,5,16.1,,7/2,D4,¾,sporting_life
Olwinn Seen It,61022.0,2025-05-19,Harlow,238,1,1,15.2,,5/4,D5,,sporting_life
Olwinn Seen It,61022.0,2025-05-14,Harlow,415,1,6,28.02,5.21,9/2,A6,¾,sporting_life
Olwinn Seen It,61022.0,2025-05-09,Harlow,415,1,2,27.3,5.03,11/4,A6,1 ¼,sporting_life
Olwinn Seen It,61022.0,2025-05-02,Harlow,415,1,4,27.58,5.25,5/2,A6,4 ¼,sporting_life
Olwinn Seen It,61022.0,2025-04-25,Harlow,415,1,3,27.55,5.13,7/1,A6,1 ¼,sporting_life
Olwinn Seen It,61022.0,2025-04-18,Harlow,238,1,6,16.01,,8/1,D4,1 ½,sporting_life
Olwinn Seen It,61022.0,2025-03-31,Harlow,415,1,3,27.61,5.15,13/8,A6,nk,sporting_life
Olwinn Seen It,61022.0,2025-03-26,Harlow,415,1,5,27.67,5.24,5/2,A5,¾,sporting_life
Olwinn Seen It,61022.0,2025-03-21,Harlow,238,1,4,15.93,,2/1,D4,1 ¼,sporting_life
Olwinn Seen It,61022.0,2025-03-17,Harlow,415,1,2,27.25,5.01,11/4,A5,7,sporting_life
Olwinn Seen It,61022.0,2025-03-12,Harlow,415,1,4,27.71,5.29,3/1,A5,1 ¼,sporting_life
Olwinn Seen It,61022.0,2025-03-07,Harlow,415,1,3,27.53,5.11,3/1,A5,¾,sporting_life
Olwinn Seen It,61022.0,2025-03-03,Harlow,415,1,4,27.64,5.18,2/1,A5,1 ¼,sporting_life
Olwinn Seen It,61022.0,2025-02-24,Harlow,415,1,5,28.06,5.01,11/4,A5,hd,sporting_life
Olwinn Seen It,61022.0,2025-02-19,Harlow,415,1,2,27.24,5.12,5/2,A5,nk,sporting_life
Olwinn Seen It,61022.0,2025-02-14,Harlow,415,1,3,27.5,5.1,4/1,A5,1 ¼,sporting_life
Olwinn Seen It,61022.0,2025-02-10,Harlow,415,1,2,27.66,5.15,8/1,A4,nk,sporting_life
Olwinn Seen It,61022.0,2025-02-05,Harlow,415,1,3,27.51,5.29,7/2,A4,3 ½,sporting_life
Olwinn Seen It,61022.0,2025-01-29,Harlow,415,1,1,27.38,5.0,5/2,A5,,sporting_life
Olwinn Seen It,61022.0,2025-01-24,Harlow,415,1,4,27.95,5.22,5/2,A5,2 ½,sporting_life
Olwinn Seen It,61022.0,2025-01-20,Harlow,415,1,5,27.54,5.23,5/2,A5,2 ¾,sporting_life
Olwinn Seen It,61022.0,2025-01-13,Harlow,415,1,2,27.5,5.14,1/1,A5,8 ¼,sporting_life
Olwinn Seen It,61022.0,2025-01-08,Harlow,415,1,2,27.25,5.13,11/4,A5,5 ¼,sporting_life
Olwinn Seen It,61022.0,2025-01-03,Harlow,415,1,4,27.48,5.12,4/1,A4,5,sporting_life
Olwinn Seen It,61022.0,2024-12-30,Harlow,415,1,2,27.24,5.07,4/1,A4,4 ¼,sporting_life
Olwinn Seen It,61022.0,2024-12-23,Harlow,415,1,4,27.02,5.08,11/4,A4,2 ¾,sporting_life
Olwinn Seen It,61022.0,2024-12-18,Harlow,415,2,3,27.09,4.99,11/4,A4,4,sporting_life
Olwinn Seen It,61022.0,2024-12-13,Harlow,415,2,3,27.15,5.08,7/4,A4,1 ¼,sporting_life
Olwinn Seen It,61022.0,2024-12-06,Harlow,238,2,1,15.57,,4/6,D4,,sporting_life
Out The Blue,61202.0,2026-03-08,Towcester,500,4,6,29.75,4.28,14/1,OR,¾,sporting_life
Out The Blue,61202.0,2026-01-30,Romford,575,5,5,35.64,13.89,11/4,OR,1 ¼,sporting_life
Out The Blue,61202.0,2026-01-23,Romford,575,5,3,35.3,13.51,8/1,OR1,nk,sporting_life
Out The Blue,61202.0,2026-01-16,Romford,575,5,1,35.38,13.57,11/4,OR1,,sporting_life
Out The Blue,61202.0,2026-01-09,Romford,575,4,1,35.3,13.5,9/2,OR1,,sporting_life
Out The Blue,61202.0,2026-01-02,Romford,575,5,5,35.44,13.84,6/1,OR,4 ¼,sporting_life
Out The Blue,61202.0,2025-12-27,Romford,575,5,1,35.38,13.48,6/5,OR,,sporting_life
Out The Blue,61202.0,2025-12-19,Romford,575,4,1,35.16,13.51,7/2,OR,,sporting_life
Out The Blue,61202.0,2025-12-13,Central Park,491,2,3,29.73,3.08,15/8,OR,½,sporting_life
Out The Blue,61202.0,2025-12-06,Central Park,491,4,1,29.33,3.12,6/1,OR,,sporting_life
Out The Blue,61202.0,2025-12-02,Romford,400,4,1,24.22,3.81,5/2,A4,,sporting_life
Out The Blue,61202.0,2025-11-22,Central Park,491,3,5,30.28,3.13,5/1,OR,3 ½,sporting_life
Out The Blue,61202.0,2025-09-13,Central Park,491,3,4,29.75,3.14,10/3,OR,sh,sporting_life
Out The Blue,61202.0,2025-09-03,Romford,575,5,3,35.68,13.71,6/5,S1,sh,sporting_life
Out The Blue,61202.0,2025-08-27,Romford,575,5,2,35.56,13.81,11/8,S1,1,sporting_life
Out The Blue,61202.0,2025-08-22,Romford,575,3,4,35.76,13.74,7/1,OR,nk,sporting_life
Out The Blue,61202.0,2025-07-11,Romford,575,5,6,,0.0,8/1,OR,dis,sporting_life
Out The Blue,61202.0,2025-07-04,Romford,575,5,4,35.64,13.95,22/1,OR,1 ¾,sporting_life
Out The Blue,61202.0,2025-06-26,Hove,500,5,6,30.04,3.62,20/1,OR3,¾,sporting_life
Out The Blue,61202.0,2025-06-20,Romford,575,4,5,36.26,14.33,3/1,OR1,3 ½,sporting_life
Out The Blue,61202.0,2025-06-13,Romford,575,4,3,35.45,13.67,10/3,OR,2 ½,sporting_life
Out The Blue,61202.0,2025-05-23,Romford,575,4,4,35.47,13.71,7/2,OR3,1 ½,sporting_life
Out The Blue,61202.0,2025-05-16,Romford,575,5,1,35.23,13.56,10/3,OR3,,sporting_life
Out The Blue,61202.0,2025-05-09,Romford,575,5,1,35.29,13.48,11/4,OR,,sporting_life
Out The Blue,61202.0,2025-05-02,Romford,575,4,1,35.27,13.5,10/11,OR,,sporting_life
Out The Blue,61202.0,2025-04-25,Romford,575,4,2,35.69,13.77,4/1,OR,4 ¾,sporting_life
Out The Blue,61202.0,2025-04-12,Hove,500,4,3,,3.6,10/1,OR,dis,sporting_life
Out The Blue,61202.0,2025-04-05,Hove,500,3,2,29.79,3.59,8/1,OR,7,sporting_life
Out The Blue,61202.0,2025-03-22,Central Park,491,4,4,29.91,3.12,3/1,OR3,3 ¼,sporting_life
Out The Blue,61202.0,2025-03-15,Central Park,491,3,1,29.58,3.03,11/4,OR,,sporting_life
Out The Blue,61202.0,2025-03-08,Central Park,491,2,2,29.48,2.99,25/1,OR,6 ¾,sporting_life
Out The Blue,61202.0,2025-02-19,Romford,400,4,5,24.76,3.97,9/4,A3,sh,sporting_life
Out The Blue,61202.0,2025-02-12,Romford,400,3,1,24.28,3.75,15/8,A4,,sporting_life
Out The Blue,61202.0,2025-02-05,Romford,400,4,3,24.4,3.82,2/1,A4,nk,sporting_life
Out The Blue,61202.0,2025-01-29,Romford,400,4,4,24.65,3.8,6/1,A3,hd,sporting_life
Out The Blue,61202.0,2025-01-15,Romford,400,4,4,24.85,3.85,4/1,A3,1 ½,sporting_life
Out The Blue,61202.0,2025-01-08,Romford,400,4,5,24.71,3.83,5/1,A3,hd,sporting_life
Out The Blue,61202.0,2024-12-28,Romford,400,3,2,24.74,3.82,7/1,A2,4,sporting_life
Out The Blue,61202.0,2024-12-20,Romford,400,4,5,24.64,3.86,11/1,OR3,1 ½,sporting_life
Out The Blue,,2026-02-26 00:00:00,Romford,400,4,1,24.39,3.79,,T2,0.75,results_parquet
Piemans Fletch,65352.0,2026-03-07,Romford,400,6,3,24.76,3.72,8/1,A1,sh,sporting_life
Piemans Fletch,65352.0,2026-03-02,Romford,400,6,1,25.03,3.78,7/2,A2,,sporting_life
Piemans Fletch,65352.0,2026-02-24,Romford,400,6,3,24.75,3.76,11/4,A2,2 ¼,sporting_life
Piemans Fletch,65352.0,2026-02-17,Romford,400,6,2,24.39,3.67,6/1,A1,2 ¾,sporting_life
Piemans Fletch,65352.0,2026-01-23,Romford,225,6,5,13.87,,9/1,OR,¾,sporting_life
Piemans Fletch,65352.0,2026-01-16,Romford,400,6,5,24.66,3.75,4/1,OR2,sh,sporting_life
Piemans Fletch,65352.0,2026-01-09,Romford,400,6,3,24.77,3.94,9/4,OR2,1 ½,sporting_life
Piemans Fletch,65352.0,2026-01-02,Romford,400,6,4,24.29,3.73,13/8,A1,1 ¾,sporting_life
Piemans Fletch,65352.0,2025-12-27,Romford,400,6,1,24.16,3.65,13/8,A1,,sporting_life
Piemans Fletch,65352.0,2025-12-20,Romford,400,6,5,24.51,3.73,9/4,A1,1 ¼,sporting_life
Piemans Fletch,65352.0,2025-12-13,Romford,400,6,1,23.98,3.59,7/2,A3,,sporting_life
Piemans Fletch,65352.0,2025-12-08,Romford,400,6,1,24.3,3.63,9/4,A4,,sporting_life
Piemans Fletch,65352.0,2025-12-02,Romford,400,6,3,24.45,3.69,6/4,A4,sh,sporting_life
Piemans Fletch,65352.0,2025-11-26,Romford,400,6,2,24.46,3.85,5/4,A4,sh,sporting_life
Piemans Fletch,65352.0,2025-11-17,Romford,400,6,4,24.54,3.75,13/8,A4,sh,sporting_life
Piemans Fletch,65352.0,2025-11-11,Romford,400,6,2,24.12,3.61,5/2,A4,sh,sporting_life
Piemans Fletch,,2025-11-06,Romford,400,3,3,24.49,,06/11,,,timeform
Piemans Fletch,,2025-10-30,Romford,400,3,3,24.96,,30/10,,,timeform
Piemans Goalie,57351.0,2026-03-06,Romford,400,1,1,24.14,3.82,6/4,OR1,,sporting_life
Piemans Goalie,,2026-02-26,Romford,400,1,1,24.02,,26/02,,,timeform
Piemans Goalie,57351.0,2026-02-20,Romford,400,1,2,23.93,3.76,6/4,OR3,5 ¾,sporting_life
Piemans Goalie,57351.0,2026-02-13,Romford,400,1,1,23.95,3.69,4/6,OR3,,sporting_life
Piemans Goalie,57351.0,2026-02-06,Romford,400,2,2,24.02,3.76,11/8,OR3,½,sporting_life
Piemans Goalie,57351.0,2026-01-30,Romford,400,2,1,23.95,3.74,4/6,OR3,,sporting_life
Piemans Goalie,57351.0,2026-01-23,Romford,400,3,1,24.06,3.68,11/4,OR3,,sporting_life
Piemans Goalie,57351.0,2026-01-16,Romford,400,3,1,24.23,3.75,15/8,OR3,,sporting_life
Piemans Goalie,57351.0,2026-01-10,Romford,400,2,1,23.85,3.66,9/4,A1,,sporting_life
Piemans Goalie,57351.0,2026-01-02,Romford,400,2,4,24.24,3.72,7/2,OR,1,sporting_life
Piemans Goalie,57351.0,2025-12-27,Romford,400,2,1,23.87,3.7,10/11,A2,,sporting_life
Piemans Goalie,57351.0,2025-12-20,Romford,400,2,2,24.27,3.74,7/2,A1,2 ¾,sporting_life
Piemans Goalie,,2025-12-11,Romford,400,2,2,24.6,,11/12,,,timeform
Piemans Goalie,57351.0,2025-10-10,Romford,400,2,4,24.32,3.8,8/11,OR3,1,sporting_life
Piemans Goalie,57351.0,2025-10-03,Romford,400,1,4,24.68,3.89,7/2,OR2,3 ¾,sporting_life
Piemans Goalie,57351.0,2025-09-26,Romford,400,3,6,25.27,3.76,4/1,OR,2 ½,sporting_life
Piemans Goalie,57351.0,2025-09-19,Romford,400,2,1,24.0,3.76,5/1,OR,,sporting_life
Piemans Goalie,57351.0,2025-09-12,Romford,400,2,4,24.19,3.72,4/1,OR,1 ¼,sporting_life
Piemans Goalie,57351.0,2025-09-05,Romford,400,5,3,24.41,3.76,5/2,OR,3 ¾,sporting_life
Piemans Goalie,57351.0,2025-08-29,Romford,400,5,1,24.3,3.74,11/10,OR,,sporting_life
Piemans Goalie,57351.0,2025-08-22,Romford,400,3,3,24.1,3.73,7/4,OR3,sh,sporting_life
Piemans Goalie,57351.0,2025-08-15,Romford,400,5,2,23.99,3.77,5/2,OR3,sh,sporting_life
Piemans Goalie,57351.0,2025-08-08,Romford,400,3,1,23.69,3.64,13/8,OR3,,sporting_life
Piemans Goalie,57351.0,2025-08-01,Romford,400,4,1,24.16,3.63,3/1,OR3,,sporting_life
Piemans Goalie,57351.0,2025-07-25,Romford,400,2,2,24.01,3.79,6/1,OR3,6,sporting_life
Piemans Goalie,57351.0,2025-07-18,Romford,400,4,2,24.1,3.78,7/2,OR3,2,sporting_life
Piemans Goalie,57351.0,2025-07-11,Romford,400,6,5,24.55,3.71,7/1,OR3,1 ¼,sporting_life
Piemans Goalie,57351.0,2025-07-04,Romford,400,5,1,23.97,3.76,5/1,OR3,,sporting_life
Piemans Goalie,57351.0,2025-06-27,Romford,400,6,5,24.71,3.82,8/1,OR,¾,sporting_life
Piemans Goalie,,2025-06-19,Romford,400,1,1,24.26,,19/06,,,timeform
Piemans Goalie,57351.0,2025-04-25,Romford,400,4,6,24.47,3.81,7/2,OR,½,sporting_life
Piemans Goalie,57351.0,2025-04-18,Romford,400,5,5,24.49,3.79,15/8,OR3,1 ¼,sporting_life
Piemans Goalie,57351.0,2025-04-11,Romford,400,5,6,24.48,3.7,7/4,OR3,2,sporting_life
Piemans Goalie,57351.0,2025-04-04,Romford,400,5,1,23.82,3.72,11/10,OR3,,sporting_life
Piemans Goalie,57351.0,2025-03-28,Romford,400,5,1,23.81,3.61,4/6,OR,,sporting_life
Piemans Goalie,57351.0,2025-03-21,Romford,400,5,3,24.34,3.71,7/4,OR3,½,sporting_life
Piemans Goalie,57351.0,2025-03-14,Romford,400,6,5,24.45,3.76,16/1,OR1,1,sporting_life
Piemans Goalie,57351.0,2025-03-07,Romford,400,5,1,24.3,3.76,7/1,OR1,,sporting_life
Piemans Goalie,57351.0,2025-02-28,Romford,400,5,3,24.48,3.72,4/1,OR,2 ½,sporting_life
Piemans Goalie,57351.0,2025-02-21,Romford,400,6,4,24.68,3.83,13/8,OR3,sh,sporting_life
Piemans Goalie,57351.0,2025-02-14,Romford,400,4,1,24.4,3.76,5/2,OR3,,sporting_life
Piemans Goalie,57351.0,2025-02-07,Romford,400,4,4,24.23,3.76,9/2,OR,sh,sporting_life
Piemans Goalie,57351.0,2025-01-31,Romford,400,6,1,24.05,3.68,15/8,OR3,,sporting_life
Piemans Goalie,57351.0,2025-01-24,Romford,400,5,1,24.08,3.73,15/8,OR3,,sporting_life
Piemans Goalie,57351.0,2025-01-17,Romford,400,4,1,24.11,3.69,4/1,OR,,sporting_life
Piemans Goalie,57351.0,2025-01-13,Romford,400,3,1,23.91,3.7,2/1,A1,,sporting_life
Piemans Goalie,57351.0,2025-01-08,Romford,400,3,3,24.33,3.8,2/1,A1,sh,sporting_life
Piemans Goalie,57351.0,2025-01-03,Romford,400,5,3,24.21,3.75,9/2,OR,3,sporting_life
Piemans Goalie,57351.0,2024-12-13,Romford,400,5,4,24.33,3.73,7/2,OR3,1 ¾,sporting_life
Piemans Goalie,57351.0,2024-12-06,Romford,400,6,1,23.96,3.76,5/1,OR3,,sporting_life
Piemans Goalie,57351.0,2024-11-29,Romford,400,4,2,24.17,3.76,3/1,OR3,4,sporting_life
Piemans Goalie,57351.0,2024-11-22,Romford,400,5,4,24.22,3.72,9/2,OR3,sh,sporting_life
Piemans Goalie,57351.0,2024-11-15,Romford,400,4,2,24.05,3.71,6/1,OR3,2,sporting_life
Piemans Goalie,57351.0,2024-11-08,Romford,400,5,2,24.07,3.73,7/2,OR,3 ½,sporting_life
Piemans Goalie,57351.0,2024-11-01,Romford,400,4,1,23.98,3.66,4/1,OR3,,sporting_life
Piemans Goalie,57351.0,2024-10-25,Romford,400,4,3,24.37,3.9,6/1,OR,2 ½,sporting_life
Piemans Goalie,57351.0,2024-10-18,Romford,400,4,6,24.55,3.85,10/1,OR,½,sporting_life
Piemans Goalie,57351.0,2024-10-11,Romford,400,5,5,24.7,3.79,9/2,OR2,3 ½,sporting_life
Piemans Goalie,57351.0,2024-10-04,Romford,400,5,2,24.67,3.78,7/1,OR2,7,sporting_life
Piemans Goalie,57351.0,2024-09-30,Romford,400,3,5,25.28,3.82,11/8,A1,5,sporting_life
Piemans Goalie,57351.0,2024-08-16,Romford,400,3,6,24.89,3.68,9/4,OR,1 ½,sporting_life
Piemans Goalie,57351.0,2024-08-09,Romford,400,3,3,24.06,3.7,11/4,OR3,2,sporting_life
Piemans Goalie,57351.0,2024-07-02,Romford,400,3,1,24.15,3.75,2/1,A1,,sporting_life
Piemans Goalie,57351.0,2024-06-22,Romford,400,4,6,,3.74,6/5,A1,dis,sporting_life
Piemans Goalie,57351.0,2024-06-14,Romford,400,5,2,24.14,3.71,5/1,OR3,8 ¼,sporting_life
Piemans Goalie,57351.0,2024-06-07,Romford,400,3,1,23.87,3.68,3/1,OR3,,sporting_life
Piemans Goalie,57351.0,2024-05-31,Romford,400,2,1,24.1,3.72,9/4,OR,,sporting_life
Piemans Goalie,57351.0,2024-05-24,Romford,400,4,4,24.58,3.8,15/8,OR3,1,sporting_life
Piemans Goalie,57351.0,2024-05-18,Romford,400,3,1,24.13,3.71,9/4,A1,,sporting_life
Piemans Goalie,57351.0,2024-05-10,Romford,400,6,2,24.4,3.74,5/1,OR,2 ½,sporting_life
Piemans Goalie,57351.0,2024-05-03,Romford,400,4,2,24.67,3.79,9/4,OR3,1 ¾,sporting_life
Piemans Goalie,57351.0,2024-04-26,Romford,400,4,1,24.18,3.72,1/1,OR3,,sporting_life
Piemans Goalie,57351.0,2024-04-19,Romford,400,6,5,25.22,3.71,5/1,OR3,5 ¼,sporting_life
Piemans Goalie,57351.0,2024-04-12,Romford,400,6,3,24.47,3.73,11/4,OR3,2 ¾,sporting_life
Piemans Goalie,57351.0,2024-04-02,Romford,400,4,1,24.17,3.75,15/8,A2,,sporting_life
Piemans Goalie,57351.0,2024-03-27,Romford,400,4,2,24.09,3.72,11/8,A2,2 ¼,sporting_life
Piemans Goalie,57351.0,2024-03-20,Romford,400,3,1,24.3,3.83,4/5,A3,,sporting_life
Piemans Goalie,57351.0,2024-03-16,Romford,400,3,4,24.99,3.93,11/8,A2,1 ¼,sporting_life
Piemans Goalie,57351.0,2024-03-11,Romford,400,3,3,25.01,3.85,13/8,A2,4 ¼,sporting_life
Piemans Goalie,57351.0,2024-03-02,Romford,400,3,1,24.41,3.69,3/1,A4,,sporting_life
Princess Matilda,,2026-03-05,Romford,400,1,1,24.26,,05/03,,,timeform
Princess Matilda,62336.0,2026-02-28,Central Park,664,3,1,39.87,12.73,7/2,OR,,sporting_life
Princess Matilda,62336.0,2026-02-20,Romford,750,4,1,46.78,23.93,11/8,OR3,,sporting_life
Princess Matilda,62336.0,2026-02-13,Romford,750,3,2,47.62,24.5,4/7,OR3,1 ¼,sporting_life
Princess Matilda,62336.0,2026-02-06,Romford,750,3,2,47.69,24.51,8/13,OR,nk,sporting_life
Princess Matilda,62336.0,2026-01-24,Central Park,731,5,4,44.69,16.49,25/1,OR1,3 ¼,sporting_life
Princess Matilda,62336.0,2026-01-17,Central Park,731,5,2,44.63,16.45,9/2,OR1,½,sporting_life
Princess Matilda,62336.0,2026-01-10,Central Park,731,6,3,45.62,16.98,4/1,OR1,2 ¼,sporting_life
Princess Matilda,62336.0,2025-12-27,Central Park,664,4,1,40.4,12.9,9/2,OR,,sporting_life
Princess Matilda,,2025-12-23,Central Park,277,1,1,16.69,,23/12,,,timeform
Princess Matilda,62336.0,2025-12-19,Romford,575,5,4,35.15,13.86,18/1,OR,sh,sporting_life
Princess Matilda,62336.0,2025-12-12,Romford,575,5,3,35.28,13.8,8/1,OR,nk,sporting_life
Princess Matilda,62336.0,2025-12-02,Romford,575,3,2,35.46,13.93,6/4,S1,2,sporting_life
Princess Matilda,62336.0,2025-11-22,Romford,575,3,1,35.25,13.77,11/10,S1,,sporting_life
Princess Matilda,62336.0,2025-11-07,Romford,750,4,1,46.97,24.26,9/4,OR,,sporting_life
Princess Matilda,62336.0,2025-10-31,Romford,750,4,3,47.14,24.19,11/4,OR,1,sporting_life
Princess Matilda,62336.0,2025-10-24,Romford,750,4,1,48.2,24.72,5/6,OR,,sporting_life
Princess Matilda,62336.0,2025-10-17,Romford,575,4,4,35.55,14.05,8/1,OR,1 ¼,sporting_life
Princess Matilda,62336.0,2025-10-10,Romford,575,2,1,35.28,,5/6,OR,,sporting_life
Princess Matilda,62336.0,2025-10-03,Romford,575,5,4,35.85,14.02,16/1,OR1,1 ¼,sporting_life
Princess Matilda,62336.0,2025-09-23,Romford,575,4,1,35.28,13.77,15/8,S1,,sporting_life
Princess Matilda,62336.0,2025-09-12,Romford,575,4,3,35.82,14.12,8/1,OR,5 ½,sporting_life
Princess Matilda,62336.0,2025-09-03,Romford,575,3,1,35.55,14.09,2/1,S1,,sporting_life
Princess Matilda,62336.0,2025-08-27,Romford,575,3,1,35.48,13.85,5/2,S1,,sporting_life
Princess Matilda,62336.0,2025-08-19,Romford,575,3,1,35.42,13.81,13/8,S2,,sporting_life
Princess Matilda,62336.0,2025-08-11,Romford,400,3,3,24.9,3.94,1/1,A4,1,sporting_life
Princess Matilda,62336.0,2025-08-06,Romford,400,3,4,24.71,3.85,6/4,A4,1 ¾,sporting_life
Princess Matilda,62336.0,2025-07-26,Romford,575,3,3,35.76,13.85,3/1,S2,2,sporting_life
Princess Matilda,62336.0,2025-07-19,Romford,400,3,1,24.23,3.8,2/1,A5,,sporting_life
Princess Matilda,62336.0,2025-07-12,Romford,575,3,3,35.9,13.97,1/1,S2,1 ¾,sporting_life
Princess Matilda,62336.0,2025-07-07,Romford,400,3,2,24.46,3.91,5/2,A4,¾,sporting_life
Princess Matilda,62336.0,2025-06-23,Romford,400,3,2,24.75,3.89,11/4,A4,1,sporting_life
Princess Matilda,62336.0,2025-06-14,Romford,400,3,5,24.85,3.97,11/4,A4,½,sporting_life
Princess Matilda,,2025-06-05,Romford,400,3,2,24.57,,05/06,,,timeform
Princess Matilda,62336.0,2025-05-07,Romford,400,3,1,24.09,3.84,5/2,A5,,sporting_life
Princess Matilda,62336.0,2025-04-26,Romford,400,3,4,24.36,3.9,5/1,A4,sh,sporting_life
Princess Matilda,62336.0,2025-04-19,Romford,400,3,6,24.9,3.88,10/3,A4,2,sporting_life
Princess Matilda,,2025-04-10,Romford,400,1,1,24.32,,10/04,,,timeform
Princess Matilda,62336.0,2025-04-02,Romford,400,3,1,24.16,3.81,7/2,A7,,sporting_life
Princess Matilda,62336.0,2025-03-26,Romford,400,3,5,24.73,3.83,9/2,A7,1,sporting_life
Princess Matilda,,2025-03-20,Romford,400,3,2,24.95,,20/03,,,timeform
Princess Matilda,,2025-03-13,Romford,400,3,3,25.02,,13/03,,,timeform
Princess Matilda,,2025-03-06,Romford,400,1,1,25.04,,06/03,,,timeform
Pro Parker,54762.0,2026-03-06,Romford,400,4,3,24.17,3.74,3/1,OR1,2 ¼,sporting_life
Pro Parker,54762.0,2026-02-27,Romford,400,3,1,23.9,3.62,2/1,OR,,sporting_life
Pro Parker,54762.0,2026-02-20,Romford,400,3,4,24.29,3.76,9/1,OR3,2 ¼,sporting_life
Pro Parker,54762.0,2026-02-13,Romford,400,4,2,24.32,3.58,5/4,OR3,4 ¼,sporting_life
Pro Parker,54762.0,2026-02-06,Romford,400,5,3,24.69,3.77,15/8,OR,6 ¾,sporting_life
Pro Parker,54762.0,2026-01-24,Central Park,277,4,3,16.37,,11/4,OR3,hd,sporting_life
Pro Parker,54762.0,2026-01-17,Central Park,277,3,1,16.16,,4/9,OR3,,sporting_life
Pro Parker,54762.0,2026-01-10,Central Park,277,4,1,16.22,,7/4,OR,,sporting_life
Pro Parker,54762.0,2025-12-27,Central Park,277,3,6,16.99,,7/2,OR3,sh,sporting_life
Pro Parker,54762.0,2025-12-22,Nottingham,305,5,6,17.95,,22/1,OR2,2 ¼,sporting_life
Pro Parker,54762.0,2025-12-15,Nottingham,305,3,1,17.74,,8/1,OR2,,sporting_life
Pro Parker,54762.0,2025-12-08,Nottingham,305,4,1,17.82,,7/2,OR2,,sporting_life
Pro Parker,54762.0,2025-12-01,Nottingham,305,5,2,17.94,,14/1,OR,3 ¾,sporting_life
Pro Parker,54762.0,2025-11-24,Nottingham,305,4,4,18.51,,4/1,OR3,¾,sporting_life
Pro Parker,54762.0,2025-10-31,Romford,400,5,4,24.4,3.77,4/1,OR,¾,sporting_life
Pro Parker,54762.0,2025-10-25,Doncaster,275,4,3,16.99,,5/2,OR,1,sporting_life
Pro Parker,54762.0,2025-10-18,Doncaster,275,3,1,16.81,,3/10,OR,,sporting_life
Pro Parker,54762.0,2025-10-10,Romford,400,4,4,24.5,3.76,4/1,OR2,2 ¾,sporting_life
Pro Parker,54762.0,2025-10-03,Romford,400,5,1,24.14,3.69,4/1,OR2,,sporting_life
Pro Parker,54762.0,2025-09-26,Romford,400,4,5,25.05,3.82,8/1,OR,sh,sporting_life
Pro Parker,54762.0,2025-09-19,Romford,400,4,4,24.52,3.67,2/1,OR,¾,sporting_life
Pro Parker,54762.0,2025-09-12,Romford,400,5,6,24.35,3.75,6/1,OR,1 ¼,sporting_life
Pro Parker,54762.0,2025-09-05,Romford,400,6,1,23.91,3.7,4/1,OR,,sporting_life
Pro Parker,54762.0,2025-08-29,Romford,400,3,6,24.61,3.82,11/2,OR,½,sporting_life
Pro Parker,,2025-08-22,Romford,400,3,1,24.08,,22/08,,,timeform
Pro Parker,,2025-08-15,Romford,225,2,1,13.44,,15/08,,,timeform
Pro Parker,54762.0,2025-06-27,Romford,400,4,1,24.29,3.71,9/4,OR,,sporting_life
Pro Parker,54762.0,2025-06-21,Romford,400,5,1,23.84,3.69,6/1,IV,,sporting_life
Pro Parker,54762.0,2025-06-14,Central Park,277,5,4,16.6,,9/2,OR1,sh,sporting_life
Pro Parker,,2025-05-31,Central Park,277,1,1,16.1,,31/05,,,timeform
Pro Parker,54762.0,2025-05-23,Romford,400,4,6,24.46,3.88,10/3,OR,1 ¾,sporting_life
Pro Parker,54762.0,2025-05-16,Romford,400,4,4,24.91,3.67,1/1,OR3,1 ½,sporting_life
Pro Parker,54762.0,2025-05-09,Romford,400,3,1,23.7,3.62,9/4,OR3,,sporting_life
Pro Parker,54762.0,2025-05-02,Romford,400,4,1,23.71,3.61,5/4,OR3,,sporting_life
Pro Parker,54762.0,2025-04-25,Romford,400,4,1,23.96,3.66,10/1,OR3,,sporting_life
Pro Parker,54762.0,2025-04-18,Romford,400,4,2,24.21,3.8,7/2,OR3,3 ½,sporting_life
Pro Parker,54762.0,2025-04-13,Towcester,270,5,2,15.88,,11/2,OR,1 ½,sporting_life
Pro Parker,54762.0,2025-04-05,Oxford,450,4,4,27.59,3.92,5/1,OR,1 ¼,sporting_life
Pro Parker,54762.0,2025-03-28,Romford,400,5,5,24.67,3.83,13/8,OR3,3,sporting_life
Pro Parker,54762.0,2025-03-21,Romford,400,5,1,23.77,3.64,5/1,OR3,,sporting_life
Pro Parker,54762.0,2025-03-10,Nottingham,305,4,3,18.07,,7/2,OR3,½,sporting_life
Pro Parker,54762.0,2025-03-06,Towcester,270,3,1,15.79,,7/4,D1,,sporting_life
Pro Parker,54762.0,2025-02-28,Romford,400,6,1,24.7,3.67,5/1,OR,,sporting_life
Pro Parker,54762.0,2025-02-23,Towcester,270,6,4,16.06,,12/1,OR,¾,sporting_life
Pro Parker,54762.0,2025-02-09,Towcester,270,5,6,,,20/1,OR2,dis,sporting_life
Pro Parker,,2025-02-04,Towcester,270,1,1,15.88,,04/02,,,timeform
Pro Parker,54762.0,2025-01-31,Romford,400,5,3,24.59,3.71,12/1,OR3,1 ¾,sporting_life
Pro Parker,54762.0,2025-01-24,Romford,400,5,2,24.31,3.68,12/1,OR3,1 ¾,sporting_life
Pro Parker,54762.0,2025-01-17,Romford,400,5,3,24.47,3.82,20/1,OR,2 ¾,sporting_life
Pro Parker,54762.0,2025-01-03,Romford,400,4,4,24.49,3.79,4/1,OR,sh,sporting_life
Pro Parker,54762.0,2024-12-27,Romford,400,6,6,24.72,3.83,11/4,OR3,1 ¼,sporting_life
Pro Parker,54762.0,2024-12-09,Nottingham,305,4,5,18.14,,10/1,OR2,1,sporting_life
Pro Parker,54762.0,2024-11-27,Harlow,238,3,1,15.18,,11/4,OR2,,sporting_life
Pro Parker,54762.0,2024-11-20,Harlow,238,3,3,15.32,,2/1,OR2,sh,sporting_life
Pro Parker,54762.0,2024-11-13,Harlow,238,3,1,15.18,,4/5,OR2,,sporting_life
Pro Parker,54762.0,2024-10-25,Romford,400,3,4,24.45,3.8,2/1,OR,1,sporting_life
Pro Parker,54762.0,2024-10-18,Romford,400,4,5,24.59,3.71,5/1,OR2,2,sporting_life
Pro Parker,54762.0,2024-10-11,Romford,400,4,1,24.03,3.71,7/2,OR2,,sporting_life
Pro Parker,54762.0,2024-10-04,Romford,400,4,1,23.97,3.69,9/2,OR2,,sporting_life
Pro Parker,54762.0,2024-09-29,Towcester,270,3,1,15.83,,7/4,OR,,sporting_life
Pro Parker,54762.0,2024-09-20,Romford,400,3,4,24.5,3.74,6/1,OR,1 ½,sporting_life
Pro Parker,54762.0,2024-09-13,Romford,400,5,5,24.53,3.75,8/1,OR,3 ¾,sporting_life
Pro Parker,54762.0,2024-08-23,Romford,400,3,1,23.96,3.72,10/1,OR,,sporting_life
Pro Parker,54762.0,2024-08-16,Romford,400,5,6,24.51,3.8,11/1,OR,2,sporting_life
Pro Parker,54762.0,2024-08-09,Romford,400,3,3,24.21,3.74,8/1,OR3,sh,sporting_life
Pro Parker,54762.0,2024-08-04,Towcester,270,5,2,15.78,,16/1,OR,1,sporting_life
Pro Parker,54762.0,2024-07-20,Yarmouth,462,5,6,28.62,5.23,8/1,OR,2,sporting_life
Pro Parker,54762.0,2024-07-06,Yarmouth,462,3,5,28.44,5.19,6/1,OR,¾,sporting_life
Pro Parker,54762.0,2024-06-23,Towcester,270,4,1,15.81,,4/1,OR,,sporting_life
Pro Parker,54762.0,2024-06-09,Towcester,270,3,3,15.96,,10/1,OR,1 ¾,sporting_life
Pro Parker,54762.0,2024-06-02,Towcester,270,3,3,16.05,,9/2,OR,1 ¾,sporting_life
Pro Parker,54762.0,2024-05-26,Towcester,270,2,3,15.8,,2/1,OR,¾,sporting_life
Pro Parker,54762.0,2024-05-19,Towcester,270,4,1,15.71,,3/1,OR,,sporting_life
Pro Parker,54762.0,2024-05-09,Newcastle,480,4,5,29.61,4.63,33/1,OR2,2 ½,sporting_life
Pro Parker,54762.0,2024-03-20,Romford,400,3,5,25.04,3.92,7/4,A3,1 ¾,sporting_life
Pro Parker,54762.0,2024-03-02,Romford,400,3,3,24.76,3.86,10/3,A3,1 ¾,sporting_life
Pro Parker,54762.0,2024-02-21,Romford,400,3,4,25.22,3.76,11/4,A2,1 ¾,sporting_life
Pro Parker,54762.0,2024-02-14,Romford,400,2,4,24.74,3.77,7/4,A2,4 ¾,sporting_life
Pro Parker,54762.0,2024-02-07,Romford,400,2,3,24.66,3.83,3/1,A2,hd,sporting_life
Pro Parker,54762.0,2023-11-25,Romford,400,2,2,24.64,3.83,9/4,A1,2 ¾,sporting_life
Pro Parker,54762.0,2023-11-16,Romford,400,2,6,25.12,3.9,5/1,A1,2 ¾,sporting_life
Pro Parker,54762.0,2023-11-04,Romford,400,2,1,24.26,3.84,7/4,A2,,sporting_life
Pro Parker,54762.0,2023-10-23,Romford,400,2,5,24.56,3.85,15/8,A2,3 ½,sporting_life
Pro Parker,54762.0,2023-09-23,Romford,400,2,4,24.75,3.83,11/10,A2,3 ¾,sporting_life
Pro Parker,54762.0,2023-09-18,Romford,400,2,2,24.47,3.85,10/11,A2,1,sporting_life
Pro Parker,54762.0,2023-09-12,Romford,400,2,1,24.23,3.8,9/2,A3,,sporting_life
Quinton Boy,60345.0,2026-03-06,Romford,400,1,1,24.34,3.73,7/1,OR1,,sporting_life
Quinton Boy,60345.0,2026-02-17,Romford,400,2,3,24.67,3.83,7/2,A1,3 ½,sporting_life
Quinton Boy,60345.0,2026-02-13,Romford,225,2,4,13.83,,16/1,OR,1 ¼,sporting_life
Quinton Boy,60345.0,2026-02-06,Romford,400,1,1,24.44,3.81,15/8,A2,,sporting_life
Quinton Boy,60345.0,2026-01-31,Romford,400,2,5,24.88,3.86,7/4,A2,2,sporting_life
Quinton Boy,,2026-01-22,Romford,400,2,1,24.31,,22/01,,,timeform
Quinton Boy,,2026-01-15,Romford,225,1,1,13.58,,15/01,,,timeform
Quinton Boy,60345.0,2025-09-06,Romford,400,2,5,24.83,3.78,8/1,A1,4,sporting_life
Quinton Boy,60345.0,2025-08-29,Romford,400,1,4,24.8,3.84,8/1,OR,3,sporting_life
Quinton Boy,60345.0,2025-08-22,Romford,400,1,1,24.17,3.83,4/1,OR,,sporting_life
Quinton Boy,60345.0,2025-08-13,Romford,400,1,4,24.35,3.87,4/1,A1,hd,sporting_life
Quinton Boy,60345.0,2025-08-04,Romford,400,2,3,24.62,3.79,8/1,A1,1 ½,sporting_life
Quinton Boy,60345.0,2025-07-18,Romford,400,3,5,24.4,3.85,22/1,OR3,1 ¾,sporting_life
Quinton Boy,60345.0,2025-07-12,Romford,400,1,3,24.63,3.88,1/1,A1,2 ¼,sporting_life
Quinton Boy,60345.0,2025-07-04,Romford,400,1,5,24.62,3.89,9/1,OR3,1 ¾,sporting_life
Quinton Boy,60345.0,2025-06-28,Romford,400,2,5,24.54,3.87,3/1,A1,4 ¾,sporting_life
Quinton Boy,60345.0,2025-06-21,Romford,400,3,5,24.82,3.87,9/2,IV,4 ¼,sporting_life
Quinton Boy,60345.0,2025-06-06,Romford,400,3,5,24.44,3.72,5/2,OR3,2 ¼,sporting_life
Quinton Boy,60345.0,2025-05-30,Romford,400,2,1,24.29,3.8,4/1,OR3,,sporting_life
Quinton Boy,60345.0,2025-05-23,Romford,400,2,2,24.21,3.78,5/2,OR3,nk,sporting_life
Quinton Boy,60345.0,2025-05-16,Romford,400,3,1,24.23,3.72,7/1,OR3,,sporting_life
Quinton Boy,60345.0,2025-05-09,Romford,400,1,1,23.94,3.74,3/1,OR,,sporting_life
Quinton Boy,60345.0,2025-05-02,Romford,400,1,4,24.5,3.9,7/1,OR3,7 ¼,sporting_life
Quinton Boy,60345.0,2025-04-22,Romford,400,2,1,24.08,3.7,7/4,A1,,sporting_life
Quinton Boy,60345.0,2025-04-18,Romford,225,1,6,13.92,0.0,9/2,OR,½,sporting_life
Quinton Boy,60345.0,2025-04-11,Romford,225,1,2,13.56,0.0,7/2,OR,2,sporting_life
Quinton Boy,60345.0,2025-04-01,Romford,400,2,1,23.93,3.66,5/2,A1,,sporting_life
Quinton Boy,60345.0,2025-03-25,Romford,400,2,1,24.16,3.68,7/1,A1,,sporting_life
Quinton Boy,60345.0,2025-03-15,Romford,400,1,3,24.48,3.79,3/1,A1,½,sporting_life
Quinton Boy,60345.0,2025-03-01,Romford,400,2,1,24.25,3.68,9/2,A1,,sporting_life
Quinton Boy,60345.0,2025-02-21,Romford,400,2,2,24.53,3.75,6/1,OR,3 ¼,sporting_life
Quinton Boy,60345.0,2025-02-08,Romford,400,2,1,24.3,3.79,7/2,A2,,sporting_life
Quinton Boy,60345.0,2025-01-25,Romford,400,1,6,24.65,3.76,11/4,A2,¾,sporting_life
Quinton Boy,60345.0,2025-01-18,Romford,400,2,2,24.59,3.79,7/4,A2,2 ¾,sporting_life
Quinton Boy,,2025-01-02,Romford,400,1,1,24.17,,02/01,,,timeform
Quinton Boy,60345.0,2024-12-27,Romford,400,1,5,25.34,3.91,9/2,OR,1 ¾,sporting_life
Quinton Boy,60345.0,2024-12-20,Romford,400,3,6,24.93,3.86,22/1,OR3,2,sporting_life
Quinton Boy,60345.0,2024-12-13,Romford,400,1,3,24.19,3.76,16/1,OR3,1 ¼,sporting_life
Quinton Boy,60345.0,2024-12-06,Romford,400,1,3,24.67,3.84,3/1,OR,4 ¼,sporting_life
Quinton Boy,60345.0,2024-11-29,Romford,400,1,1,24.27,3.77,9/2,OR3,,sporting_life
Quinton Boy,60345.0,2024-11-22,Romford,400,2,3,24.31,3.81,5/2,OR3,1,sporting_life
Quinton Boy,60345.0,2024-11-17,Towcester,500,3,5,29.9,4.2,11/10,OR,sh,sporting_life
Quinton Boy,,2024-11-10,Towcester,500,3,2,29.6,,10/11,,,timeform
Quinton Boy,60345.0,2024-11-01,Romford,400,1,5,,3.86,11/4,OR,dis,sporting_life
Quinton Boy,60345.0,2024-10-26,Romford,400,3,4,25.06,3.95,15/8,A2,1,sporting_life
Quinton Boy,60345.0,2024-10-19,Romford,400,3,1,24.44,3.79,15/8,A3,,sporting_life
Quinton Boy,60345.0,2024-10-12,Romford,400,3,3,24.54,3.79,5/2,A3,¾,sporting_life
Quinton Boy,,2024-10-02,Romford,400,3,1,24.38,,02/10,,,timeform
Real Gone Lover,60470.0,2026-03-09,Romford,400,5,2,24.58,3.83,15/8,A6,1 ¼,sporting_life
Real Gone Lover,60470.0,2026-03-02,Romford,575,5,1,36.08,14.08,11/8,S2,,sporting_life
Real Gone Lover,60470.0,2026-02-24,Romford,575,5,6,35.8,13.99,3/1,S1,½,sporting_life
Real Gone Lover,60470.0,2026-02-16,Romford,575,5,1,35.85,13.8,2/1,S2,,sporting_life
Real Gone Lover,60470.0,2026-02-11,Romford,575,6,1,35.61,13.75,8/11,S3,,sporting_life
Real Gone Lover,60470.0,2026-02-06,Romford,575,5,3,35.9,13.91,10/1,OR,2 ¾,sporting_life
Real Gone Lover,60470.0,2026-01-31,Romford,575,6,2,35.72,13.88,7/2,S2,2,sporting_life
Real Gone Lover,60470.0,2026-01-27,Romford,400,6,1,24.37,3.92,7/4,A8,,sporting_life
Real Gone Lover,60470.0,2026-01-20,Romford,575,6,4,36.09,13.85,7/1,S2,1 ¾,sporting_life
Real Gone Lover,60470.0,2026-01-13,Romford,400,5,2,24.58,3.9,9/4,A8,1,sporting_life
Real Gone Lover,60470.0,2026-01-07,Romford,400,4,1,24.58,3.88,9/4,A9,,sporting_life
Real Gone Lover,,2025-12-31,Romford,400,3,1,24.99,,31/12,,,timeform
Real Gone Lover,60470.0,2025-12-06,Romford,400,5,2,24.61,3.9,11/4,A8,sh,sporting_life
Real Gone Lover,60470.0,2025-12-01,Romford,400,5,3,24.85,3.9,2/1,A8,2 ¾,sporting_life
Real Gone Lover,60470.0,2025-11-26,Romford,400,5,5,25.13,3.9,16/1,IT,4 ½,sporting_life
Real Gone Lover,60470.0,2025-11-19,Romford,400,5,6,24.89,3.87,14/1,IT,1,sporting_life
Real Gone Lover,60470.0,2025-11-12,Harlow,238,6,4,15.71,,5/4,D4,nk,sporting_life
Real Gone Lover,,2025-10-31,Harlow,238,3,2,15.73,,31/10,,,timeform
Real Gone Lover,60470.0,2025-09-03,Harlow,415,6,3,27.25,4.98,7/2,A4,2 ½,sporting_life
Real Gone Lover,60470.0,2025-08-29,Harlow,415,6,2,27.61,4.93,11/4,A4,4 ¾,sporting_life
Real Gone Lover,60470.0,2025-08-15,Romford,575,6,3,35.41,13.78,20/1,OR,1 ½,sporting_life
Real Gone Lover,,2025-08-08,Romford,400,3,1,24.6,,08/08,,,timeform
Real Gone Lover,60470.0,2025-08-01,Harlow,415,6,1,26.73,4.82,9/4,A5,,sporting_life
Real Gone Lover,,2025-07-25,Harlow,238,1,1,15.53,,25/07,,,timeform
Real Gone Lover,60470.0,2025-06-13,Harlow,415,5,4,27.02,4.97,7/2,A5,hd,sporting_life
Real Gone Lover,,2025-06-04,Harlow,238,1,1,15.83,,04/06,,,timeform
Real Gone Lover,60470.0,2025-05-10,Central Park,491,6,4,29.99,3.3,5/1,OR,3,sporting_life
Real Gone Lover,60470.0,2025-05-03,Central Park,491,6,5,30.06,3.17,7/1,OR,2 ½,sporting_life
Real Gone Lover,60470.0,2025-04-26,Central Park,491,6,3,29.71,3.25,12/1,OR,1,sporting_life
Real Gone Lover,,2025-04-17,Central Park,491,1,1,29.58,,17/04,,,timeform
Real Gone Lover,60470.0,2025-04-11,Harlow,415,5,2,27.59,5.03,7/4,A4,2 ¼,sporting_life
Real Gone Lover,60470.0,2025-04-07,Harlow,415,6,2,26.78,4.94,10/3,A4,2,sporting_life
Real Gone Lover,60470.0,2025-04-02,Harlow,238,5,1,15.47,,10/3,D4,,sporting_life
Real Gone Lover,60470.0,2025-03-28,Harlow,238,5,3,15.9,,5/2,D4,¾,sporting_life
Real Gone Lover,60470.0,2025-03-24,Harlow,238,5,4,16.05,,11/4,D4,1 ½,sporting_life
Real Gone Lover,,2025-03-17,Harlow,238,3,1,15.63,,17/03,,,timeform
Real Gone Lover,,2025-01-18,Central Park,491,1,1,29.72,,18/01,,,timeform
Real Gone Lover,60470.0,2024-12-30,Harlow,415,4,1,27.1,5.09,10/3,A5,,sporting_life
Real Gone Lover,60470.0,2024-12-23,Harlow,415,5,1,26.79,5.03,3/1,A6,,sporting_life
Real Gone Lover,60470.0,2024-12-18,Harlow,415,5,3,27.46,5.08,5/2,A6,3 ¾,sporting_life
Real Gone Lover,60470.0,2024-12-13,Harlow,415,5,4,27.07,5.08,5/2,A5,½,sporting_life
Real Gone Lover,60470.0,2024-12-06,Harlow,415,5,1,27.3,5.06,2/1,A6,,sporting_life
Real Gone Lover,60470.0,2024-12-02,Harlow,415,4,1,27.03,5.16,11/4,A7,,sporting_life
Real Gone Lover,60470.0,2024-11-27,Harlow,415,4,2,27.72,5.16,7/2,A7,nk,sporting_life
Real Gone Lover,60470.0,2024-11-22,Harlow,415,5,1,27.18,5.11,4/1,A7,,sporting_life
Real Gone Lover,60470.0,2024-11-18,Harlow,415,4,1,27.18,5.12,6/1,A7,,sporting_life
Real Gone Lover,60470.0,2024-11-13,Harlow,415,4,6,27.93,5.19,9/2,A7,2 ¼,sporting_life
Real Gone Lover,60470.0,2024-11-08,Harlow,238,4,3,16.26,,3/1,D5,2,sporting_life
Real Gone Lover,60470.0,2024-10-23,Harlow,238,4,2,16.14,,2/1,D5,3 ¾,sporting_life
Real Gone Lover,,2024-10-18,Harlow,238,3,1,16.06,,18/10,,,timeform
Rockmount Kellie,65513.0,2026-03-07,Yarmouth,277,1,1,16.35,,4/5,IV,,sporting_life
Rockmount Kellie,65513.0,2026-03-01,Sheffield,280,1,1,15.84,,3/1,IV,,sporting_life
Rockmount Kellie,,2026-02-15,Yarmouth,277,1,1,16.24,,15/02,,,timeform
Rockmount Kellie,,2026-02-08,Yarmouth,277,1,1,16.38,,08/02,,,timeform
Rockmount Kellie,65513.0,2025-12-26,Yarmouth,462,3,3,28.39,5.24,5/4,A1,2 ¼,sporting_life
Rockmount Kellie,65513.0,2025-12-17,Yarmouth,462,2,1,28.14,5.09,15/8,A1,,sporting_life
Rockmount Kellie,65513.0,2025-12-13,Yarmouth,462,2,1,27.94,5.16,8/11,A2,,sporting_life
Rockmount Kellie,65513.0,2025-12-07,Yarmouth,462,2,2,28.1,5.21,5/4,A2,3,sporting_life
Rockmount Kellie,65513.0,2025-11-29,Yarmouth,462,1,2,28.32,5.22,7/4,A2,1 ½,sporting_life
Rockmount Kellie,65513.0,2025-11-23,Yarmouth,462,2,4,29.28,5.29,7/4,A2,1 ¼,sporting_life
Rockmount Kellie,,2025-11-15,Yarmouth,462,3,2,28.6,,15/11,,,timeform
Rockmount Kellie,,2025-10-26,Yarmouth,462,3,1,28.13,,26/10,,,timeform
Rockmount Kellie,,2025-10-18,Yarmouth,462,1,1,28.12,,18/10,,,timeform
Royal Hotshot,66672.0,2026-03-06,Romford,575,4,2,35.15,13.61,28/1,OR,1 ¼,sporting_life
Royal Hotshot,66672.0,2026-02-27,Romford,575,6,1,35.65,13.89,1/1,OR,,sporting_life
Royal Hotshot,66672.0,2026-02-20,Romford,575,4,3,36.17,14.25,3/1,OR,1,sporting_life
Royal Hotshot,66672.0,2026-02-14,Yarmouth,462,5,2,27.92,5.35,8/1,OR,5 ¼,sporting_life
Royal Hotshot,66672.0,2026-02-09,Yarmouth,462,3,2,28.01,5.39,10/11,A2,1 ¾,sporting_life
Royal Hotshot,66672.0,2026-02-04,Yarmouth,462,3,3,27.94,5.38,2/1,A2,¾,sporting_life
Royal Hotshot,66672.0,2026-01-31,Yarmouth,462,4,5,28.41,5.27,7/1,A2,½,sporting_life
Royal Hotshot,,2026-01-26,Yarmouth,462,3,1,28.31,,26/01,,,timeform
Royal Hotshot,,2026-01-21,Yarmouth,462,4,2,28.33,,21/01,,,timeform
Royal Hotshot,,2026-01-17,Yarmouth,462,1,1,28.3,,17/01,,,timeform
Sehnsa Amigo,62855.0,2026-03-06,Romford,400,2,2,24.36,3.82,5/2,OR1,hd,sporting_life
Sehnsa Amigo,62855.0,2026-02-27,Romford,400,1,5,24.46,3.75,9/2,OR,1 ¼,sporting_life
Sehnsa Amigo,62855.0,2026-02-20,Romford,400,2,3,24.16,3.74,7/2,OR,1 ¼,sporting_life
Sehnsa Amigo,62855.0,2026-02-13,Romford,400,2,1,24.12,3.75,5/1,OR,,sporting_life
Sehnsa Amigo,62855.0,2026-02-01,Towcester,270,3,3,16.1,,8/1,OR,½,sporting_life
Sehnsa Amigo,62855.0,2026-01-23,Romford,400,4,2,24.07,3.74,9/2,OR,nk,sporting_life
Sehnsa Amigo,62855.0,2026-01-18,Oxford,450,5,4,27.19,,16/1,OR,½,sporting_life
Sehnsa Amigo,62855.0,2026-01-11,Towcester,270,3,4,16.42,,8/1,OR,1 ½,sporting_life
Sehnsa Amigo,62855.0,2026-01-02,Towcester,270,3,2,15.72,,15/8,D1,sh,sporting_life
Sehnsa Amigo,62855.0,2025-12-20,Towcester,270,3,2,15.74,,9/4,D1,2,sporting_life
Sehnsa Amigo,62855.0,2025-12-13,Towcester,270,3,1,15.72,,11/4,D1,,sporting_life
Sehnsa Amigo,62855.0,2025-12-07,Towcester,270,4,5,16.82,,6/1,OR,4,sporting_life
Sehnsa Amigo,,2025-11-29,Oxford,450,1,1,27.19,,29/11,,,timeform
Sehnsa Amigo,62855.0,2025-11-21,Dunstall Park,270,6,3,16.02,,9/4,OR,½,sporting_life
Sehnsa Amigo,62855.0,2025-11-14,Dunstall Park,270,4,4,16.33,,4/6,OR,½,sporting_life
Sehnsa Amigo,62855.0,2025-11-07,Towcester,270,3,4,16.48,,4/1,D1,1 ½,sporting_life
Sehnsa Amigo,62855.0,2025-10-31,Towcester,270,3,1,15.83,,11/10,D1,,sporting_life
Sehnsa Amigo,62855.0,2025-10-24,Towcester,270,3,4,16.16,,5/1,D1,1,sporting_life
Sehnsa Amigo,62855.0,2025-10-18,Towcester,270,5,6,16.69,,3/1,D1,2,sporting_life
Sehnsa Amigo,62855.0,2025-10-10,Dunstall Park,270,5,5,16.15,,25/1,OR2,2 ½,sporting_life
Sehnsa Amigo,,2025-10-06,Dundalk,270,2,2,15.97,,06/10,,,timeform
Sehnsa Amigo,,2025-09-28,Towcester,270,3,1,15.73,,28/09,,,timeform
Sehnsa Amigo,,2025-09-21,Towcester,270,3,1,15.87,,21/09,,,timeform
Sehnsa Amigo,62855.0,2025-09-13,Romford,400,3,4,24.67,3.91,7/2,A2,¾,sporting_life
Sehnsa Amigo,62855.0,2025-09-06,Romford,400,3,6,24.9,3.81,9/2,A2,2 ¾,sporting_life
Sehnsa Amigo,62855.0,2025-08-30,Romford,400,3,6,25.24,3.9,5/2,A2,2,sporting_life
Sehnsa Amigo,,2025-08-21,Romford,400,2,2,24.44,,21/08,,,timeform
Sehnsa Amigo,,2025-08-14,Romford,400,2,2,24.65,,14/08,,,timeform
Sehnsa Amigo,62855.0,2025-07-04,Romford,400,4,3,24.52,3.92,7/4,OR,sh,sporting_life
Sehnsa Amigo,62855.0,2025-06-27,Sunderland,261,3,4,15.9,,9/4,OR3,1 ½,sporting_life
Sehnsa Amigo,62855.0,2025-06-20,Sunderland,261,2,3,16.1,,4/6,OR3,3 ¾,sporting_life
Sehnsa Amigo,62855.0,2025-06-14,Central Park,277,4,4,16.49,,2/1,OR1,1 ¼,sporting_life
Sehnsa Amigo,,2025-06-03,Central Park,277,1,1,16.36,,03/06,,,timeform
Sehnsa Amigo,62855.0,2025-05-30,Romford,400,1,1,24.27,3.83,8/11,OR3,,sporting_life
Sehnsa Amigo,62855.0,2025-05-23,Romford,400,4,2,24.26,3.86,8/11,OR3,2 ½,sporting_life
Sehnsa Amigo,62855.0,2025-05-16,Romford,400,3,4,24.37,3.85,7/4,OR3,2 ½,sporting_life
Sehnsa Amigo,62855.0,2025-05-09,Romford,400,4,2,24.08,3.69,1/1,OR3,nk,sporting_life
Sehnsa Amigo,,2025-05-03,Central Park,277,1,1,16.26,,03/05,,,timeform
Sehnsa Amigo,62855.0,2025-04-29,Romford,400,4,1,24.04,3.66,11/10,A2,,sporting_life
Sehnsa Amigo,,2025-04-24,Romford,400,3,1,24.26,,24/04,,,timeform
Sehnsa Amigo,,2025-04-18,Romford,400,3,1,24.26,,18/04,,,timeform
Sehnsa Amigo,,2025-04-11,Romford,400,1,1,24.21,,11/04,,,timeform
Skidroe Lady,66801.0,2026-03-04,Romford,400,2,6,24.92,3.82,11/8,A4,¾,sporting_life
Skidroe Lady,66801.0,2026-02-21,Romford,400,2,3,24.49,3.73,11/4,A4,1 ¼,sporting_life
Skidroe Lady,66801.0,2026-02-11,Romford,400,2,1,24.42,3.78,3/1,A5,,sporting_life
Slingshot Poppy,63480.0,2026-03-06,Romford,400,4,1,23.56,3.57,1/2,OR1,,sporting_life
Slingshot Poppy,,2026-02-25,Romford,400,1,1,23.58,,25/02,,,timeform
Slingshot Poppy,,2026-02-20,Sun,261,1,1,15.41,,20/02,,,timeform
Slingshot Poppy,63480.0,2026-02-13,Sunderland,450,5,1,27.01,4.97,1/6,OR,,sporting_life
Slingshot Poppy,,2026-01-29,Newcastle,290,1,1,16.93,,29/01,,,timeform
Slingshot Poppy,63480.0,2025-12-18,Newcastle,480,3,4,28.81,4.48,1/1,OR1,nk,sporting_life
Slingshot Poppy,63480.0,2025-12-11,Newcastle,480,5,1,28.56,4.46,5/4,OR1,,sporting_life
Slingshot Poppy,,2025-12-04,Newcastle,480,1,1,28.56,,04/12,,,timeform
Slingshot Poppy,63480.0,2025-11-21,Sunderland,450,2,1,26.56,5.04,4/9,IV,,sporting_life
Slingshot Poppy,63480.0,2025-11-14,Sunderland,450,4,6,28.25,5.12,10/11,OR1,nk,sporting_life
Slingshot Poppy,63480.0,2025-11-07,Sunderland,450,4,1,26.78,4.99,1/2,OR1,,sporting_life
Slingshot Poppy,,2025-10-24,Sun,450,1,1,26.86,,24/10,,,timeform
Slingshot Poppy,,2025-10-10,Sun,450,3,1,27.13,,10/10,,,timeform
Slingshot Poppy,,2025-10-02,Newcastle,480,3,1,28.25,,02/10,,,timeform
Slingshot Poppy,,2025-09-25,Newcastle,480,1,1,28.26,,25/09,,,timeform
Slingshot Poppy,,2025-09-18,Newcastle,290,1,1,16.46,,18/09,,,timeform
Slingshot Poppy,,2025-09-11,Newcastle,290,1,1,16.91,,11/09,,,timeform
Slingshot Poppy,63480.0,2025-06-27,Sunderland,450,3,1,26.73,4.86,8/11,OR2,,sporting_life
Slingshot Poppy,63480.0,2025-06-20,Sunderland,450,4,1,26.94,4.89,8/11,OR2,,sporting_life
Slingshot Poppy,63480.0,2025-06-13,Sunderland,450,4,1,26.73,4.85,13/8,OR2,,sporting_life
Slingshot Poppy,,2026-02-20 00:00:00,Sunderland,261,3,1,15.41,,,T1,,results_parquet
Stradeen Spirit,61828.0,2026-03-06,Romford,400,5,6,24.46,3.77,28/1,OR1,1,sporting_life
Stradeen Spirit,61828.0,2026-02-27,Romford,400,4,5,24.82,3.66,6/1,OR,1 ½,sporting_life
Stradeen Spirit,61828.0,2026-02-20,Romford,400,5,1,24.05,3.72,10/1,OR,,sporting_life
Stradeen Spirit,61828.0,2026-02-13,Romford,400,4,1,24.78,3.79,4/1,OR3,,sporting_life
Stradeen Spirit,61828.0,2026-02-06,Romford,400,4,2,24.32,3.8,2/1,OR3,2 ½,sporting_life
Stradeen Spirit,61828.0,2026-01-31,Romford,400,4,5,24.81,3.77,7/1,A1,sh,sporting_life
Stradeen Spirit,61828.0,2026-01-24,Romford,400,4,6,24.98,4.35,7/1,A1,3,sporting_life
Stradeen Spirit,61828.0,2026-01-19,Romford,400,3,1,24.51,3.77,4/1,A1,,sporting_life
Stradeen Spirit,61828.0,2026-01-13,Romford,400,4,1,24.1,3.77,9/1,A1,,sporting_life
Stradeen Spirit,61828.0,2026-01-09,Romford,400,3,4,24.88,3.81,16/1,OR2,1 ¾,sporting_life
Stradeen Spirit,61828.0,2026-01-02,Romford,400,4,5,24.3,3.81,12/1,A1,sh,sporting_life
Stradeen Spirit,61828.0,2025-12-27,Romford,400,4,4,25.26,3.84,6/1,A1,7 ¾,sporting_life
Stradeen Spirit,61828.0,2025-12-20,Romford,400,4,1,24.57,3.76,3/1,A2,,sporting_life
Stradeen Spirit,61828.0,2025-12-15,Romford,400,4,4,25.11,3.91,12/1,A1,7 ¼,sporting_life
Stradeen Spirit,61828.0,2025-12-06,Romford,400,4,5,24.64,3.88,10/1,A1,¾,sporting_life
Stradeen Spirit,61828.0,2025-11-29,Romford,400,3,1,24.17,3.72,9/2,A2,,sporting_life
Stradeen Spirit,61828.0,2025-11-24,Romford,400,3,3,24.45,3.88,7/2,A1,1 ½,sporting_life
Stradeen Spirit,61828.0,2025-11-19,Romford,400,3,3,24.41,3.87,5/1,A1,¾,sporting_life
Stradeen Spirit,61828.0,2025-11-15,Romford,400,3,1,24.65,3.85,6/1,A2,,sporting_life
Stradeen Spirit,61828.0,2025-11-08,Romford,400,3,3,24.43,3.85,9/2,A2,½,sporting_life
Stradeen Spirit,61828.0,2025-11-01,Romford,400,3,1,24.24,3.82,11/4,A3,,sporting_life
Stradeen Spirit,61828.0,2025-10-28,Romford,400,3,5,24.46,3.88,7/1,A2,1,sporting_life
Stradeen Spirit,61828.0,2025-10-18,Romford,400,3,4,24.57,3.8,4/1,A2,2 ¼,sporting_life
Stradeen Spirit,61828.0,2025-10-11,Romford,400,3,4,24.92,3.86,7/1,A2,3 ¾,sporting_life
Stradeen Spirit,61828.0,2025-10-06,Romford,400,3,6,24.94,3.84,7/1,A2,½,sporting_life
Stradeen Spirit,61828.0,2025-09-29,Romford,400,3,4,24.91,4.08,5/1,A1,3 ¼,sporting_life
Stradeen Spirit,61828.0,2025-09-23,Romford,400,3,5,24.96,3.86,7/1,A1,3,sporting_life
Stradeen Spirit,61828.0,2025-09-13,Romford,400,4,5,24.94,4.03,7/2,A1,2 ½,sporting_life
Stradeen Spirit,61828.0,2025-09-01,Romford,400,4,1,24.33,3.79,15/8,A2,,sporting_life
Stradeen Spirit,61828.0,2025-08-27,Romford,400,4,2,24.23,3.74,9/2,A2,2 ¾,sporting_life
Stradeen Spirit,61828.0,2025-08-20,Romford,400,4,1,24.15,3.73,6/5,A3,,sporting_life
Stradeen Spirit,61828.0,2025-08-16,Romford,400,4,2,24.25,3.68,8/1,A2,1 ½,sporting_life
Stradeen Spirit,61828.0,2025-08-06,Romford,400,3,5,25.28,3.83,9/2,A2,7 ¾,sporting_life
Stradeen Spirit,61828.0,2025-08-02,Romford,400,3,5,25.02,3.77,5/1,A1,2 ½,sporting_life
Stradeen Spirit,61828.0,2025-07-22,Romford,400,3,4,24.58,3.95,4/1,A1,2,sporting_life
Stradeen Spirit,61828.0,2025-07-14,Romford,400,3,1,24.31,3.87,7/2,A2,,sporting_life
Stradeen Spirit,61828.0,2025-07-09,Romford,400,3,1,24.52,3.83,2/1,A3,,sporting_life
Stradeen Spirit,61828.0,2025-06-28,Romford,400,3,2,24.3,3.78,11/4,A3,¾,sporting_life
Stradeen Spirit,61828.0,2025-06-21,Romford,400,3,1,24.54,3.82,7/2,A4,,sporting_life
Stradeen Spirit,61828.0,2025-06-10,Romford,400,3,5,25.11,3.81,3/1,A4,2,sporting_life
Stradeen Spirit,61828.0,2025-05-31,Romford,400,3,2,24.74,3.92,2/1,A4,¾,sporting_life
Stradeen Spirit,61828.0,2025-05-26,Romford,400,3,3,24.71,3.82,9/2,A4,sh,sporting_life
Stradeen Spirit,61828.0,2025-05-13,Romford,400,3,1,24.61,3.84,11/8,A5,,sporting_life
Stradeen Spirit,61828.0,2025-04-30,Romford,400,3,2,24.48,3.81,7/4,A5,1 ¾,sporting_life
Stradeen Spirit,61828.0,2025-04-19,Romford,400,3,5,24.76,3.77,7/4,A5,¾,sporting_life
Stradeen Spirit,61828.0,2025-04-15,Romford,400,3,6,25.68,3.87,9/4,A5,4 ¾,sporting_life
Stradeen Spirit,61828.0,2025-04-07,Romford,400,3,1,24.47,3.77,3/1,A6,,sporting_life
Stradeen Spirit,61828.0,2025-03-31,Romford,400,3,3,24.86,3.81,7/4,A6,¾,sporting_life
Stradeen Spirit,61828.0,2025-03-22,Romford,400,3,2,24.89,3.81,11/8,A6,1,sporting_life
Stradeen Spirit,61828.0,2025-03-05,Romford,400,3,6,,3.83,2/1,A6,dis,sporting_life
Stradeen Spirit,61828.0,2025-02-26,Romford,400,3,2,24.93,3.85,9/4,A6,2 ¾,sporting_life
Stradeen Spirit,61828.0,2025-02-12,Romford,400,4,6,26.16,3.83,5/1,A5,11 ½,sporting_life
Swift Agile,60333.0,2026-03-09,Romford,400,6,3,24.83,3.89,5/1,A4,3 ¾,sporting_life
Swift Agile,60333.0,2026-03-04,Romford,575,6,4,36.11,14.08,3/1,S1,1 ¼,sporting_life
Swift Agile,60333.0,2026-02-27,Romford,575,6,1,35.7,13.89,7/2,OR,,sporting_life
Swift Agile,60333.0,2026-02-23,Romford,400,6,4,24.62,3.8,7/2,A4,sh,sporting_life
Swift Agile,60333.0,2026-02-16,Romford,400,6,1,24.55,3.8,3/1,A5,,sporting_life
Swift Agile,60333.0,2026-02-11,Romford,575,6,1,35.5,13.7,7/4,S2,,sporting_life
Swift Agile,60333.0,2026-02-07,Romford,575,6,2,35.96,13.89,7/1,S1,3,sporting_life
Swift Agile,60333.0,2026-01-31,Romford,575,6,5,35.9,13.78,5/1,S1,sh,sporting_life
Swift Agile,60333.0,2026-01-24,Romford,575,6,1,35.46,13.68,4/7,S3,,sporting_life
Swift Agile,60333.0,2026-01-17,Romford,400,6,1,24.88,3.81,2/1,A6,,sporting_life
Swift Agile,60333.0,2026-01-10,Romford,400,6,1,24.35,3.85,13/8,A7,,sporting_life
Swift Agile,60333.0,2026-01-03,Romford,400,6,4,24.99,4.02,5/1,A6,sh,sporting_life
Swift Agile,60333.0,2025-12-26,Romford,575,6,2,35.69,13.99,3/1,S3,3 ½,sporting_life
Swift Agile,60333.0,2025-12-20,Romford,575,6,2,36.1,13.96,9/4,S3,1 ¾,sporting_life
Swift Agile,60333.0,2025-12-13,Romford,400,6,3,24.99,3.98,4/1,A6,2 ¼,sporting_life
Swift Agile,60333.0,2025-12-06,Romford,400,6,2,24.48,3.82,11/4,A6,2,sporting_life
Swift Agile,60333.0,2025-11-29,Romford,400,6,3,24.61,3.83,9/4,A6,½,sporting_life
Swift Agile,60333.0,2025-11-15,Romford,575,6,3,35.88,13.96,5/6,S3,2 ¼,sporting_life
Swift Agile,60333.0,2025-11-10,Romford,400,6,2,24.42,3.84,7/1,A6,¾,sporting_life
Swift Agile,60333.0,2025-10-31,Romford,400,6,5,24.73,3.89,6/1,A5,nk,sporting_life
Swift Agile,60333.0,2025-10-27,Romford,400,6,5,24.78,3.84,7/1,A5,sh,sporting_life
Swift Agile,60333.0,2025-10-20,Romford,400,6,1,24.47,3.82,3/1,A6,,sporting_life
Swift Agile,60333.0,2025-10-15,Romford,400,5,1,24.6,3.82,5/1,A7,,sporting_life
Swift Agile,60333.0,2025-10-11,Romford,400,6,1,24.62,3.79,7/2,A8,,sporting_life
Swift Agile,60333.0,2025-10-04,Romford,400,6,4,25.39,3.93,2/1,A8,1 ¼,sporting_life
Swift Agile,60333.0,2025-09-27,Romford,400,6,1,24.6,3.82,2/1,A10,,sporting_life
Swift Agile,60333.0,2025-09-20,Romford,400,6,2,25.04,3.88,11/10,A10,2 ¼,sporting_life
Swift Agile,60333.0,2025-09-15,Romford,400,6,2,25.25,3.85,9/4,A10,1 ½,sporting_life
Swift Agile,60333.0,2025-09-08,Romford,400,6,3,25.15,3.92,3/1,A10,2 ¾,sporting_life
Swift Agile,60333.0,2025-08-30,Romford,400,6,3,24.86,3.82,10/1,A9,¾,sporting_life
Swift Agile,60333.0,2025-08-20,Romford,400,5,5,25.29,3.86,14/1,A8,2 ¾,sporting_life
Swift Agile,,2025-08-14,Romford,400,3,2,25.13,,14/08,,,timeform
Swift Agile,,2025-08-07,Romford,400,3,1,25.07,,07/08,,,timeform
Swift Agile,,2025-07-25,Romford,400,3,3,24.97,,25/07,,,timeform
Swift Agile,60333.0,2025-06-25,Yarmouth,659,6,5,41.39,17.08,3/1,S2,3 ½,sporting_life
Swift Agile,,2025-06-19,Towcester,500,1,1,30.23,,19/06,,,timeform
Swift Agile,60333.0,2025-05-30,Romford,750,6,4,48.37,24.76,8/1,OR,¾,sporting_life
Swift Agile,60333.0,2025-05-26,Yarmouth,462,6,5,28.37,5.4,7/1,A2,sh,sporting_life
Swift Agile,60333.0,2025-05-21,Yarmouth,462,6,3,28.18,5.44,9/1,A2,1 ¼,sporting_life
Swift Agile,60333.0,2025-05-14,Yarmouth,462,5,1,27.91,5.38,13/8,A6,,sporting_life
Swift Agile,60333.0,2025-05-07,Yarmouth,462,5,3,28.8,5.54,5/4,A6,¾,sporting_life
Swift Agile,,2025-05-03,Yarmouth,462,3,2,28.85,,03/05,,,timeform
Swift Agile,,2025-04-20,Yarmouth,462,3,3,28.91,,20/04,,,timeform
Swift Agile,,2025-04-14,Yarmouth,462,1,1,28.94,,14/04,,,timeform
Swift Agile,,2025-03-30,Sheffield,660,1,1,13.47,,30/03,,,timeform
Swift Agile,60333.0,2025-03-21,Sunderland,640,5,5,40.07,16.16,10/1,OR,½,sporting_life
Swift Agile,60333.0,2025-03-13,Newcastle,640,6,1,39.27,13.69,6/1,OR,,sporting_life
Swift Agile,60333.0,2025-03-06,Newcastle,640,5,2,39.7,13.78,20/1,OR,5 ¾,sporting_life
Swift Agile,60333.0,2025-02-27,Newcastle,480,6,2,29.58,4.72,7/2,A4,3 ¼,sporting_life
Swift Agile,60333.0,2025-02-20,Newcastle,480,6,2,29.37,4.71,5/2,A4,1,sporting_life
Swift Agile,60333.0,2025-02-13,Newcastle,480,6,4,29.41,4.73,5/1,A4,¾,sporting_life
Swift Agile,60333.0,2025-02-07,Newcastle,480,6,6,29.5,4.73,10/1,A3,½,sporting_life
Swift Agile,60333.0,2025-01-30,Newcastle,480,6,3,29.31,4.68,8/1,A3,1,sporting_life
Swift Agile,60333.0,2025-01-23,Newcastle,480,6,6,29.57,4.79,7/1,A3,¾,sporting_life
Swift Agile,60333.0,2025-01-16,Newcastle,480,6,4,29.6,4.7,11/4,A3,1 ½,sporting_life
Swift Agile,60333.0,2025-01-09,Newcastle,480,6,5,29.38,4.82,6/1,A3,1,sporting_life
Swift Agile,60333.0,2025-01-04,Newcastle,480,6,5,29.51,4.66,7/1,A3,2 ½,sporting_life
Swift Agile,60333.0,2024-12-13,Newcastle,480,6,1,29.07,4.66,15/8,A4,,sporting_life
Swift Agile,60333.0,2024-12-06,Newcastle,480,6,5,29.9,4.69,11/4,A4,1,sporting_life
Swift Agile,60333.0,2024-11-29,Newcastle,480,6,1,29.25,,6/5,A5,,sporting_life
Swift Agile,60333.0,2024-11-22,Newcastle,480,6,1,29.01,4.69,1/1,A6,,sporting_life
Swift Agile,60333.0,2024-11-14,Newcastle,480,6,6,29.9,4.66,7/1,A6,1 ½,sporting_life
Swift Agile,60333.0,2024-11-09,Newcastle,480,6,4,30.17,4.67,11/4,A6,3 ¾,sporting_life
Swift Agile,60333.0,2024-10-31,Newcastle,480,6,1,29.52,4.63,11/4,A7,,sporting_life
Swift Agile,60333.0,2024-10-24,Newcastle,480,6,6,30.26,4.71,4/1,A7,1 ¼,sporting_life
Swift Agile,60333.0,2024-10-19,Newcastle,480,5,5,30.05,4.71,4/1,A7,hd,sporting_life
Swift Agile,60333.0,2024-10-11,Newcastle,480,4,6,30.46,4.68,5/1,A7,hd,sporting_life
Swift Hostile,62075.0,2026-03-06,Romford,400,3,1,24.33,3.62,7/2,OR1,,sporting_life
Swift Hostile,,2026-02-26,Romford,400,1,1,24.02,,26/02,,,timeform
Swift Hostile,,2026-02-19,Romford,400,1,1,24.27,,19/02,,,timeform
Swift Hostile,,2026-02-08,Sheffield,280,1,1,15.8,,08/02,,,timeform
Swift Hostile,62075.0,2026-01-25,Sheffield,280,3,1,15.61,,7/4,IV,,sporting_life
Swift Hostile,62075.0,2026-01-11,Sheffield,280,1,1,15.94,,4/6,IV,,sporting_life
Swift Hostile,62075.0,2025-12-21,Sheffield,280,3,5,16.26,,15/8,IV,½,sporting_life
Swift Hostile,62075.0,2025-12-11,Newcastle,480,3,4,29.24,4.54,8/1,OR1,1,sporting_life
Swift Hostile,,2025-12-04,Newcastle,480,1,1,28.94,,04/12,,,timeform
Swift Hostile,,2025-11-25,Newcastle,480,1,1,29.31,,25/11,,,timeform
Swift Hostile,,2025-11-16,Sheffield,280,1,1,15.83,,16/11,,,timeform
Swift Hostile,,2025-11-09,Sheffield,280,1,1,15.98,,09/11,,,timeform
Swift Hostile,,2025-10-26,Sheffield,280,1,1,15.93,,26/10,,,timeform
Swift Hostile,62075.0,2025-08-23,Monmore,480,3,3,28.81,4.34,11/10,OR,½,sporting_life
Swift Hostile,,2025-08-16,Monmore,480,1,1,28.79,,16/08,,,timeform
Swift Hostile,62075.0,2025-08-10,Sheffield,500,2,1,28.89,4.28,13/8,A1,,sporting_life
Swift Hostile,62075.0,2025-08-03,Sheffield,500,1,1,29.23,4.26,7/4,A1,,sporting_life
Swift Hostile,,2025-07-29,Sheffield,500,1,1,29.18,,29/07,,,timeform
Swift Hostile,,2025-07-20,Sheffield,500,1,1,29.74,,20/07,,,timeform
Swift Hostile,,2025-07-13,Sheffield,280,1,1,15.96,,13/07,,,timeform
Swift Hostile,,2025-07-06,Sheffield,280,1,1,15.97,,06/07,,,timeform
Swift Hostile,62075.0,2025-03-23,Sheffield,500,1,1,29.07,4.2,2/5,OR,,sporting_life
Swift Hostile,62075.0,2025-03-16,Sheffield,500,2,1,29.06,4.14,5/2,OR,,sporting_life
Swift Hostile,62075.0,2025-03-11,Sheffield,500,3,1,28.83,4.17,8/11,A2,,sporting_life
Swift Hostile,62075.0,2025-03-04,Sheffield,500,3,2,29.04,4.19,2/1,A2,sh,sporting_life
Swift Hostile,,2025-02-27,Sheffield,500,3,2,29.66,,27/02,,,timeform
Swift Hostile,,2025-02-20,Sheffield,500,3,1,29.29,,20/02,,,timeform
Swift Hostile,,2025-02-13,Sheffield,500,3,1,29.47,,13/02,,,timeform
Swift Hostile,,2025-02-02,Sheffield,280,3,3,16.64,,02/02,,,timeform
Swift Hostile,,2025-01-26,Sheffield,280,1,1,16.19,,26/01,,,timeform
Tally Ho Socks,63104.0,2026-03-06,Romford,400,2,3,24.24,3.81,18/1,OR1,1 ¼,sporting_life
Tally Ho Socks,63104.0,2026-02-28,Central Park,491,2,5,29.59,3.04,16/1,OR,4 ¾,sporting_life
Tally Ho Socks,63104.0,2026-02-21,Central Park,491,4,2,28.9,3.04,33/1,OR,2,sporting_life
Tally Ho Socks,63104.0,2026-02-13,Romford,400,1,3,24.36,3.78,7/2,OR3,½,sporting_life
Tally Ho Socks,63104.0,2026-02-06,Romford,575,1,1,35.48,13.48,8/13,OR,,sporting_life
Tally Ho Socks,63104.0,2026-01-30,Romford,400,2,4,24.66,3.77,8/1,OR3,hd,sporting_life
Tally Ho Socks,63104.0,2026-01-23,Romford,400,1,4,24.36,3.82,7/1,OR3,1,sporting_life
Tally Ho Socks,63104.0,2026-01-16,Romford,400,1,2,24.26,3.86,9/2,OR3,nk,sporting_life
Tally Ho Socks,63104.0,2026-01-09,Romford,575,2,4,35.66,13.54,8/1,OR1,1 ¾,sporting_life
Tally Ho Socks,63104.0,2026-01-02,Romford,575,3,2,35.02,13.57,7/4,OR,2 ¾,sporting_life
Tally Ho Socks,63104.0,2025-12-27,Romford,400,1,4,24.19,4.0,5/1,OR,sh,sporting_life
Tally Ho Socks,63104.0,2025-12-19,Romford,400,1,5,24.36,3.93,9/2,OR,1 ½,sporting_life
Tally Ho Socks,63104.0,2025-12-12,Romford,400,1,1,23.99,3.8,7/4,IV,,sporting_life
Tally Ho Socks,63104.0,2025-12-06,Romford,400,3,1,24.35,3.9,2/1,A1,,sporting_life
Tally Ho Socks,63104.0,2025-11-28,Romford,400,3,3,23.91,3.84,11/1,OR3,hd,sporting_life
Tally Ho Socks,63104.0,2025-11-21,Romford,400,4,2,24.41,3.85,3/1,OR3,4 ¾,sporting_life
Tally Ho Socks,63104.0,2025-11-14,Romford,400,5,3,24.35,3.77,6/1,OR,1,sporting_life
Tally Ho Socks,63104.0,2025-10-31,Romford,400,1,3,24.34,4.03,6/1,OR,1 ½,sporting_life
Tally Ho Socks,63104.0,2025-10-17,Romford,400,1,6,24.67,3.74,3/1,OR3,nk,sporting_life
Tally Ho Socks,63104.0,2025-10-10,Romford,400,1,1,24.04,3.87,3/1,OR3,,sporting_life
Tally Ho Socks,63104.0,2025-10-03,Romford,400,2,4,24.64,3.95,11/1,OR2,hd,sporting_life
Tally Ho Socks,63104.0,2025-09-26,Romford,400,1,6,,3.92,7/2,OR,dis,sporting_life
Tally Ho Socks,63104.0,2025-09-19,Romford,400,1,2,24.14,3.92,11/1,OR,1 ¾,sporting_life
Tally Ho Socks,63104.0,2025-09-12,Romford,400,2,1,23.99,3.86,8/1,OR,,sporting_life
Tally Ho Socks,63104.0,2025-09-03,Yarmouth,462,5,5,28.15,5.36,25/1,OR1,nk,sporting_life
Tally Ho Socks,,2025-08-30,Yarmouth,277,1,1,16.48,,30/08,,,timeform
Tally Ho Socks,63104.0,2025-08-22,Romford,400,5,5,24.55,3.84,10/1,OR,¾,sporting_life
Tally Ho Socks,63104.0,2025-08-16,Yarmouth,462,6,4,28.31,5.49,7/4,OR,hd,sporting_life
Tally Ho Socks,63104.0,2025-08-09,Yarmouth,462,5,3,27.69,5.39,11/4,OR,¾,sporting_life
Tally Ho Socks,,2025-08-02,Yarmouth,462,1,1,27.96,,02/08,,,timeform
Tally Ho Socks,,2025-07-26,Yarmouth,462,1,1,27.73,,26/07,,,timeform
Tally Ho Socks,63104.0,2025-07-19,Oxford,450,1,2,26.98,4.01,11/4,OR,1 ½,sporting_life
Tally Ho Socks,63104.0,2025-07-05,Oxford,450,2,3,27.23,3.99,9/1,OR,1 ¾,sporting_life
Tally Ho Socks,63104.0,2025-06-21,Romford,400,1,2,24.3,3.93,5/1,IV,3,sporting_life
Tally Ho Socks,63104.0,2025-06-13,Romford,400,2,3,24.21,3.87,4/1,OR,¾,sporting_life
Tally Ho Socks,63104.0,2025-06-06,Romford,400,2,2,24.12,3.85,20/1,OR,3,sporting_life
Tally Ho Socks,63104.0,2025-05-30,Romford,400,4,6,24.6,3.81,8/1,OR3,½,sporting_life
Tally Ho Socks,63104.0,2025-05-23,Romford,400,2,2,24.27,3.86,9/2,OR,1 ½,sporting_life
Tally Ho Socks,63104.0,2025-05-16,Romford,400,3,1,24.42,3.86,7/2,OR,,sporting_life
Tally Ho Socks,,2025-05-07,Romford,400,3,1,24.05,,07/05,,,timeform
Tally Ho Socks,,2025-05-02,Romford,400,3,2,24.58,,02/05,,,timeform
Thorpys Legacy,66261.0,2026-03-05,Hove,695,4,4,43.13,14.81,11/8,OR,hd,sporting_life
Thorpys Legacy,,2026-02-28 00:00:00,Monmore,480,4,2,28.81,4.74,,T2,5.0,results_parquet
Thorpys Legacy,,2026-02-23 00:00:00,Hove,500,3,1,30.0,3.78,,T3,2.75,results_parquet
Thorpys Legacy,,2026-02-16 00:00:00,Hove,500,3,2,29.95,3.8,,T3,9.25,results_parquet
Thorpys Legacy,,2026-02-12 00:00:00,Hove,285,3,1,17.05,,,T1,,results_parquet
Uncle Ed,61703.0,2026-03-06,Romford,400,6,2,23.99,3.66,10/1,OR1,2 ¾,sporting_life
Uncle Ed,61703.0,2026-03-02,Romford,400,5,6,24.97,3.83,9/4,A1,2 ¼,sporting_life
Uncle Ed,61703.0,2026-02-10,Romford,400,5,2,24.43,3.85,15/8,A1,2 ½,sporting_life
Uncle Ed,61703.0,2026-02-05,Hove,285,6,4,16.84,,4/1,OR,½,sporting_life
Uncle Ed,61703.0,2026-01-29,Hove,285,4,2,16.57,,9/1,OR,1,sporting_life
Uncle Ed,61703.0,2026-01-24,Romford,400,6,4,24.56,3.84,11/4,A1,2 ½,sporting_life
Uncle Ed,61703.0,2026-01-16,Romford,400,6,5,24.86,3.72,4/1,OR3,2 ¼,sporting_life
Uncle Ed,61703.0,2026-01-02,Romford,400,6,6,24.74,3.73,4/1,OR,2 ¼,sporting_life
Uncle Ed,61703.0,2025-12-27,Romford,400,6,2,24.33,3.76,2/1,OR,½,sporting_life
Uncle Ed,61703.0,2025-12-19,Romford,400,3,3,24.5,3.85,13/8,OR,3 ½,sporting_life
Uncle Ed,61703.0,2025-12-13,Hove,285,6,2,16.56,,9/4,OR,4,sporting_life
Uncle Ed,,2025-12-06,Hove,285,3,1,16.53,,06/12,,,timeform
Uncle Ed,,2025-11-27,Romford,225,1,1,13.6,,27/11,,,timeform
Uncle Ed,,2025-11-20,Romford,225,1,1,13.48,,20/11,,,timeform
Uncle Ed,61703.0,2025-10-24,Romford,400,6,5,24.84,3.82,11/10,OR3,1 ¾,sporting_life
Uncle Ed,61703.0,2025-10-17,Romford,400,6,2,24.15,3.68,6/4,OR,1 ¼,sporting_life
Uncle Ed,61703.0,2025-10-10,Romford,400,5,5,24.62,3.8,10/3,OR2,1 ½,sporting_life
Uncle Ed,61703.0,2025-10-03,Romford,400,6,1,23.83,3.72,3/1,OR2,,sporting_life
Uncle Ed,61703.0,2025-09-26,Romford,400,6,2,24.27,3.78,11/4,OR,1 ¼,sporting_life
Uncle Ed,61703.0,2025-09-19,Romford,400,6,5,24.28,3.68,9/2,OR,½,sporting_life
Uncle Ed,61703.0,2025-09-11,Hove,285,6,5,16.69,,13/8,OR3,sh,sporting_life
Uncle Ed,61703.0,2025-09-04,Hove,285,5,3,16.49,,7/4,OR3,2,sporting_life
Uncle Ed,61703.0,2025-08-28,Hove,285,6,1,16.25,,5/2,OR,,sporting_life
Uncle Ed,61703.0,2025-08-22,Romford,400,6,3,24.35,3.71,6/5,OR,½,sporting_life
Uncle Ed,61703.0,2025-08-16,Romford,400,5,1,23.75,3.65,1/1,A1,,sporting_life
Uncle Ed,,2025-08-07,Hove,285,2,1,16.34,,07/08,,,timeform
Uncle Ed,,2025-07-31,Romford,400,4,1,24.29,,31/07,,,timeform
Uncle Ed,,2025-07-24,Romford,400,4,1,24.19,,24/07,,,timeform
Uncle Ed,,2025-07-10,Romford,400,4,1,24.34,,10/07,,,timeform
Uncle Ed,61703.0,2025-04-25,Romford,400,5,1,24.26,3.71,7/4,OR,,sporting_life
Uncle Ed,61703.0,2025-04-18,Romford,400,4,3,24.05,3.67,6/5,OR3,¾,sporting_life
Uncle Ed,61703.0,2025-04-11,Romford,400,5,1,23.9,3.73,4/7,OR,,sporting_life
Uncle Ed,61703.0,2025-04-04,Romford,400,3,1,23.83,3.69,4/9,OR,,sporting_life
Uncle Ed,61703.0,2025-03-28,Romford,400,5,2,24.09,3.76,8/13,OR,sh,sporting_life
Uncle Ed,,2025-03-20,Romford,400,1,1,24.17,,20/03,,,timeform
Uncle Ed,61703.0,2025-03-08,Monmore,480,4,3,28.46,4.3,3/1,OR1,1 ¼,sporting_life
Uncle Ed,61703.0,2025-03-01,Monmore,480,4,3,28.5,4.39,2/1,OR1,¾,sporting_life
Uncle Ed,,2025-02-25,Monmore,480,2,2,28.79,,25/02,,,timeform
Uncle Ed,,2025-02-18,Monmore,480,2,2,28.76,,18/02,,,timeform
Uncle Ed,61703.0,2025-02-14,Romford,400,3,1,24.04,3.71,4/5,OR,,sporting_life
Uncle Ed,61703.0,2025-02-08,Monmore,480,5,5,29.11,4.38,9/4,OR,sh,sporting_life
Uncle Ed,61703.0,2025-02-01,Monmore,480,3,2,28.71,4.46,2/1,OR,½,sporting_life
Uncle Ed,,2025-01-21,Monmore,480,1,1,28.63,,21/01,,,timeform
Uncle Ed,,2025-01-16,Romford,400,3,1,24.15,,16/01,,,timeform
Uncle Ed,,2025-01-09,Romford,400,3,1,23.99,,09/01,,,timeform
Uncle Ed,,2025-01-02,Romford,400,1,1,24.12,,02/01,,,timeform
Uncle Ed,,2024-12-19,Romford,225,1,1,13.55,,19/12,,,timeform
Underground Jim,66645.0,2026-03-05,Hove,500,2,2,29.61,3.7,4/1,OR3,1 ¾,sporting_life
Underground Jim,66645.0,2026-02-26,Hove,500,4,2,29.73,3.62,7/4,OR3,4 ¾,sporting_life
Underground Jim,66645.0,2026-02-19,Hove,500,4,4,29.79,3.6,25/1,OR3,¾,sporting_life
Underground Jim,66645.0,2026-02-12,Hove,500,4,1,29.57,3.62,11/8,OR,,sporting_life
Underground Jim,66645.0,2026-02-05,Hove,500,5,4,30.29,3.63,10/1,OR3,2,sporting_life
Underground Jim,66645.0,2026-01-29,Hove,500,4,2,29.99,3.61,8/1,OR3,1,sporting_life
Underground Jim,,2026-01-22,Hove,500,2,2,29.62,,22/01,,,timeform
Underground Jim,,2026-01-18,Hove,285,3,3,16.75,,18/01,,,timeform
Underground Jim,,2026-01-11,Hove,285,3,3,16.89,,11/01,,,timeform
Underground Jim,,2025-12-13,Hove,285,3,2,16.96,,13/12,,,timeform
Underground Jim,,2025-12-06,Hove,285,3,3,16.9,,06/12,,,timeform
Unmistakeable,65389.0,2026-03-06,Romford,575,4,1,35.5,13.52,3/1,OR3,,sporting_life
Unmistakeable,65389.0,2026-02-28,Romford,400,3,3,24.48,3.77,5/4,A3,1 ¼,sporting_life
Unmistakeable,65389.0,2026-02-20,Romford,400,3,6,24.95,3.79,4/1,A2,4 ¼,sporting_life
Unmistakeable,65389.0,2026-02-14,Central Park,491,5,5,29.88,3.12,20/1,OR,1 ¾,sporting_life
Unmistakeable,65389.0,2026-02-07,Romford,400,3,5,24.92,3.79,5/1,A2,2 ¼,sporting_life
Unmistakeable,,2026-01-29,Romford,400,2,1,24.46,,29/01,,,timeform
Unmistakeable,65389.0,2025-12-22,Nottingham,480,2,5,29.54,3.85,12/1,OR3,1,sporting_life
Unmistakeable,65389.0,2025-12-08,Nottingham,305,2,4,18.32,,10/1,OR2,6,sporting_life
Unmistakeable,65389.0,2025-12-01,Nottingham,255,3,1,15.16,,6/5,OR,,sporting_life
Unmistakeable,,2025-11-24,Nottingham,305,3,2,18.08,,24/11,,,timeform
Unmistakeable,65389.0,2025-11-19,Romford,400,2,1,24.01,3.77,7/4,IT,,sporting_life
Unmistakeable,65389.0,2025-11-14,Romford,400,3,4,24.65,3.91,6/4,A3,1 ¾,sporting_life
Unmistakeable,,2025-11-06,Romford,400,3,1,24.2,,06/11,,,timeform
Unmistakeable,,2025-10-29,Romford,400,3,1,24.27,,29/10,,,timeform
Unmistakeable,,2025-10-23,Romford,400,1,1,24.41,,23/10,,,timeform
Unmistakeable,,2025-10-15,Oxford,450,2,1,27.07,,15/10,,,timeform
Yahoo Mareike,60466.0,2026-03-06,Romford,400,1,2,23.99,3.67,7/1,OR1,3,sporting_life
Yahoo Mareike,60466.0,2026-02-27,Romford,400,1,3,24.3,3.81,15/8,OR,3 ¼,sporting_life
Yahoo Mareike,60466.0,2026-02-20,Romford,400,1,2,24.06,3.7,13/8,OR,1,sporting_life
Yahoo Mareike,60466.0,2026-02-12,Hove,500,4,3,29.82,3.61,7/2,OR3,5,sporting_life
Yahoo Mareike,60466.0,2026-02-05,Hove,500,2,4,30.13,3.66,11/4,OR3,4 ¼,sporting_life
Yahoo Mareike,60466.0,2026-01-29,Hove,500,2,3,29.58,3.58,11/4,OR3,hd,sporting_life
Yahoo Mareike,60466.0,2026-01-23,Romford,400,2,2,24.14,3.74,9/2,OR3,1,sporting_life
Yahoo Mareike,60466.0,2026-01-16,Romford,400,3,2,24.42,3.68,4/1,OR3,nk,sporting_life
Yahoo Mareike,60466.0,2026-01-10,Romford,400,2,3,24.51,3.83,6/4,A1,1 ¼,sporting_life
Yahoo Mareike,60466.0,2026-01-02,Romford,400,2,2,23.7,3.79,3/1,OR,hd,sporting_life
Yahoo Mareike,60466.0,2025-12-27,Romford,400,2,3,24.18,3.8,10/3,OR,2,sporting_life
Yahoo Mareike,60466.0,2025-12-19,Romford,400,2,2,24.22,3.9,15/8,OR,3 ¼,sporting_life
Yahoo Mareike,60466.0,2025-12-12,Romford,400,2,6,24.44,3.83,3/1,OR3,¾,sporting_life
Yahoo Mareike,60466.0,2025-12-05,Romford,400,2,2,24.13,3.74,11/8,OR3,1 ¼,sporting_life
Yahoo Mareike,60466.0,2025-11-28,Romford,400,2,2,23.89,3.74,5/2,OR3,½,sporting_life
Yahoo Mareike,60466.0,2025-11-21,Romford,400,4,1,23.85,3.72,5/2,OR3,,sporting_life
Yahoo Mareike,60466.0,2025-11-14,Romford,400,2,4,24.48,3.87,5/2,OR3,5 ¾,sporting_life
Yahoo Mareike,60466.0,2025-11-07,Romford,400,1,1,24.07,3.84,11/10,OR3,,sporting_life
Yahoo Mareike,60466.0,2025-10-31,Romford,400,2,1,23.88,3.76,11/8,OR,,sporting_life
Yahoo Mareike,60466.0,2025-10-24,Romford,400,1,1,24.27,3.79,6/4,OR,,sporting_life
Yahoo Mareike,60466.0,2025-10-17,Romford,400,4,2,24.22,3.7,6/4,OR3,¾,sporting_life
Yahoo Mareike,60466.0,2025-10-10,Romford,400,3,1,24.04,3.75,4/7,OR3,,sporting_life
Yahoo Mareike,60466.0,2025-10-03,Romford,400,1,3,24.23,3.79,7/4,OR2,¾,sporting_life
Yahoo Mareike,60466.0,2025-09-21,Towcester,500,4,4,29.38,4.05,10/1,OR1,hd,sporting_life
Yahoo Mareike,60466.0,2025-09-14,Towcester,500,3,2,29.32,4.1,12/1,OR1,hd,sporting_life
Yahoo Mareike,60466.0,2025-09-07,Towcester,500,1,2,29.3,4.1,6/1,OR1,1 ½,sporting_life
Yahoo Mareike,60466.0,2025-08-29,Romford,575,1,1,35.66,13.55,2/1,OR3,,sporting_life
Yahoo Mareike,60466.0,2025-08-22,Romford,400,4,1,23.97,3.76,8/15,OR3,,sporting_life
Yahoo Mareike,60466.0,2025-08-16,Romford,400,1,2,23.91,3.75,5/2,A1,2,sporting_life
Yahoo Mareike,60466.0,2025-08-08,Romford,400,4,2,24.21,3.75,10/1,OR,1,sporting_life
Yahoo Mareike,60466.0,2025-08-01,Romford,400,1,4,24.41,3.77,11/4,OR,3,sporting_life
Yahoo Mareike,60466.0,2025-07-25,Romford,400,1,4,24.11,3.84,5/1,OR3,¾,sporting_life
Yahoo Mareike,60466.0,2025-07-18,Romford,400,2,2,23.92,3.71,9/1,OR3,3 ½,sporting_life
Yahoo Mareike,60466.0,2025-07-11,Romford,400,2,4,24.45,3.74,7/1,OR3,3 ¾,sporting_life
Yahoo Mareike,60466.0,2025-07-04,Romford,400,2,2,24.13,3.84,6/1,OR3,2,sporting_life
Yahoo Mareike,60466.0,2025-06-28,Romford,400,1,1,24.31,3.78,4/5,A2,,sporting_life
Yahoo Mareike,60466.0,2025-06-21,Romford,400,3,2,24.51,3.84,11/4,OR,sh,sporting_life
Yahoo Mareike,60466.0,2025-06-16,Romford,400,1,2,24.33,3.79,5/2,A1,5,sporting_life
Yahoo Mareike,60466.0,2025-06-09,Romford,400,1,1,24.14,3.78,15/8,A1,,sporting_life
Yahoo Mareike,60466.0,2025-06-04,Romford,400,1,2,24.43,3.84,7/4,A1,nk,sporting_life
Yahoo Mareike,60466.0,2025-05-30,Romford,400,1,4,24.66,3.86,5/1,OR3,2 ¾,sporting_life
Yahoo Mareike,60466.0,2025-05-24,Romford,400,2,1,24.32,3.78,7/2,A1,,sporting_life
Yahoo Mareike,60466.0,2025-05-17,Romford,400,2,5,24.83,3.85,11/8,A1,2 ¼,sporting_life
Yahoo Mareike,60466.0,2025-05-10,Romford,400,2,3,24.12,3.73,11/4,A1,1,sporting_life
Yahoo Mareike,60466.0,2025-05-02,Romford,400,1,5,24.46,3.75,6/1,OR3,½,sporting_life
Yahoo Mareike,60466.0,2025-04-26,Hove,515,3,5,30.54,4.26,16/1,OR,1 ¼,sporting_life
Yahoo Mareike,60466.0,2025-04-18,Romford,400,1,3,24.35,3.78,7/1,OR3,1 ¾,sporting_life
Yahoo Mareike,60466.0,2025-04-12,Hove,515,4,6,30.74,4.3,9/1,OR1,sh,sporting_life
Yahoo Mareike,60466.0,2025-04-05,Hove,515,4,1,30.41,4.28,6/4,OR,dh,sporting_life
Yahoo Mareike,,2025-03-31,Hove,500,2,1,29.75,,31/03,,,timeform
Yahoo Mareike,60466.0,2025-03-14,Romford,400,2,6,24.73,3.73,11/1,OR,3,sporting_life
Yahoo Mareike,60466.0,2025-03-09,Towcester,500,2,2,29.67,4.13,15/8,OR,3,sporting_life
Yahoo Mareike,60466.0,2025-03-01,Monmore,480,1,6,29.29,4.4,12/1,OR1,½,sporting_life
Yahoo Mareike,60466.0,2025-02-14,Romford,400,1,5,24.8,3.77,2/1,OR,4,sporting_life
Yahoo Mareike,60466.0,2025-01-31,Romford,400,2,1,24.12,3.72,11/4,OR,,sporting_life
Yahoo Mareike,60466.0,2025-01-24,Romford,400,4,5,24.4,3.74,15/8,OR2,sh,sporting_life
Yahoo Mareike,60466.0,2025-01-17,Romford,400,1,1,24.24,3.78,4/5,OR2,,sporting_life
Yahoo Mareike,60466.0,2025-01-10,Romford,400,1,1,23.81,3.72,8/11,OR2,,sporting_life
Yahoo Mareike,60466.0,2025-01-04,Romford,400,2,2,23.92,3.74,1/1,A3,2,sporting_life
Yahoo Mareike,60466.0,2024-12-21,Romford,400,2,1,24.32,3.78,6/5,A4,,sporting_life
Yahoo Mareike,60466.0,2024-12-15,Towcester,500,1,3,29.69,4.06,28/1,OR1,2 ¼,sporting_life
Yahoo Mareike,60466.0,2024-12-08,Towcester,500,1,3,29.6,,12/1,OR1,2 ¾,sporting_life
Yahoo Mareike,60466.0,2024-12-01,Towcester,500,3,4,30.35,4.14,5/1,OR,2 ½,sporting_life
Yahoo Mareike,60466.0,2024-11-11,Romford,400,2,2,24.44,3.75,9/4,A4,sh,sporting_life
Yahoo Mareike,60466.0,2024-10-23,Romford,400,2,3,25.39,3.79,3/1,A4,12 ¼,sporting_life
Zenith Angel,63759.0,2026-03-04,Romford,575,1,2,35.85,13.94,5/2,S1,1 ½,sporting_life
Zenith Angel,63759.0,2026-02-27,Romford,575,1,2,36.0,14.2,6/1,OR,3 ¾,sporting_life
Zenith Angel,63759.0,2026-02-18,Romford,575,2,3,35.68,13.95,9/1,S1,1 ½,sporting_life
Zenith Angel,63759.0,2026-02-13,Romford,575,2,6,36.04,14.06,50/1,OR,nk,sporting_life
Zenith Angel,63759.0,2026-02-06,Romford,575,3,6,35.96,13.86,40/1,OR,1 ¼,sporting_life
Zenith Angel,63759.0,2026-01-28,Romford,400,2,5,24.8,3.85,7/2,A3,½,sporting_life
Zenith Angel,63759.0,2026-01-07,Romford,575,2,4,35.78,13.61,5/2,S1,sh,sporting_life
Zenith Angel,63759.0,2026-01-03,Romford,575,2,1,35.02,13.44,11/8,S2,,sporting_life
Zenith Angel,63759.0,2025-12-29,Romford,400,2,1,24.08,3.75,7/1,A4,,sporting_life
Zenith Angel,63759.0,2025-12-20,Romford,400,2,3,24.74,3.89,9/1,A4,1 ¾,sporting_life
Zenith Angel,63759.0,2025-12-13,Romford,575,1,5,36.77,14.32,11/4,S2,2 ½,sporting_life
Zenith Angel,63759.0,2025-12-02,Romford,400,1,5,25.08,3.88,5/2,A4,4 ¼,sporting_life
Zenith Angel,63759.0,2025-11-26,Romford,400,1,1,24.29,3.85,10/1,A5,,sporting_life
Zenith Angel,,2025-11-20,Romford,400,3,2,24.5,,20/11,,,timeform
Zenith Angel,,2025-11-13,Romford,400,3,2,24.52,,13/11,,,timeform
Zenith Angel,,2025-11-06,Romford,400,1,1,24.6,,06/11,,,timeform
Zenith Angel,63759.0,2025-10-02,Hove,695,6,6,43.75,14.91,9/1,OR,½,sporting_life
Zenith Angel,63759.0,2025-09-26,Hove,500,1,3,29.82,3.68,4/5,A2,¾,sporting_life
Zenith Angel,63759.0,2025-09-18,Hove,500,2,2,29.92,3.64,7/2,A2,hd,sporting_life
Zenith Angel,63759.0,2025-09-04,Hove,695,5,5,42.46,14.46,6/1,OR,¾,sporting_life
Zenith Angel,63759.0,2025-08-28,Hove,695,1,1,42.61,14.57,5/4,OR,,sporting_life
Zenith Angel,63759.0,2025-08-23,Hove,500,2,2,29.94,3.63,6/4,A2,¾,sporting_life
Zenith Angel,63759.0,2025-08-14,Hove,695,1,3,42.26,14.48,11/4,OR,¾,sporting_life
Zenith Angel,63759.0,2025-08-07,Hove,695,4,2,42.06,14.31,7/2,OR,hd,sporting_life
Zenith Angel,63759.0,2025-07-31,Hove,500,2,2,30.18,3.73,4/1,A2,sh,sporting_life
Zenith Angel,63759.0,2025-07-23,Hove,500,1,1,29.76,3.72,13/8,A4,,sporting_life
Zenith Angel,63759.0,2025-07-16,Hove,500,2,1,30.01,3.72,5/4,A5,,sporting_life
Zenith Angel,63759.0,2025-07-05,Hove,500,2,3,30.25,3.75,11/4,A4,¾,sporting_life
Zenith Angel,,2025-06-30,Hove,500,3,1,30.16,,30/06,,,timeform
Zenith Angel,,2025-06-23,Hove,500,3,3,30.08,,23/06,,,timeform
Zenith Angel,,2025-06-16,Hove,285,1,1,16.88,,16/06,,,timeform
Zenith Angel,,2025-06-09,Hove,285,1,1,16.88,,09/06,,,timeform
